2022-01-07T19:59:40.426-0800 [INFO]  Terraform version: 1.1.2
2022-01-07T19:59:40.426-0800 [INFO]  Go runtime version: go1.17.5
2022-01-07T19:59:40.427-0800 [INFO]  CLI args: []string{"terraform", "init"}
2022-01-07T19:59:40.427-0800 [DEBUG] Attempting to open CLI config file: /Users/alpha/.terraformrc
2022-01-07T19:59:40.427-0800 [DEBUG] File doesn't exist, but doesn't need to. Ignoring.
2022-01-07T19:59:40.428-0800 [DEBUG] ignoring non-existing provider search directory terraform.d/plugins
2022-01-07T19:59:40.428-0800 [DEBUG] ignoring non-existing provider search directory /Users/alpha/.terraform.d/plugins
2022-01-07T19:59:40.428-0800 [DEBUG] ignoring non-existing provider search directory /Users/alpha/Library/Application Support/io.terraform/plugins
2022-01-07T19:59:40.428-0800 [DEBUG] ignoring non-existing provider search directory /Library/Application Support/io.terraform/plugins
2022-01-07T19:59:40.432-0800 [INFO]  CLI command args: []string{"init"}
2022-01-07T19:59:40.439-0800 [DEBUG] New state was assigned lineage "bfd8c9fb-9080-2e00-8968-0979d3a7e079"
2022-01-07T19:59:40.439-0800 [DEBUG] checking for provisioner in "."
2022-01-07T19:59:40.442-0800 [DEBUG] checking for provisioner in "/opt/homebrew/bin"
2022-01-07T19:59:40.443-0800 [DEBUG] Service discovery for registry.terraform.io at https://registry.terraform.io/.well-known/terraform.json
2022-01-07T19:59:40.649-0800 [DEBUG] GET https://registry.terraform.io/v1/providers/hashicorp/linode/versions
2022-01-07T19:59:40.815-0800 [DEBUG] GET https://registry.terraform.io/v1/providers/-/linode/versions
2022-01-07T19:59:59.130-0800 [INFO]  Terraform version: 1.1.2
2022-01-07T19:59:59.131-0800 [INFO]  Go runtime version: go1.17.5
2022-01-07T19:59:59.131-0800 [INFO]  CLI args: []string{"terraform", "init"}
2022-01-07T19:59:59.131-0800 [DEBUG] Attempting to open CLI config file: /Users/alpha/.terraformrc
2022-01-07T19:59:59.131-0800 [DEBUG] File doesn't exist, but doesn't need to. Ignoring.
2022-01-07T19:59:59.131-0800 [DEBUG] ignoring non-existing provider search directory terraform.d/plugins
2022-01-07T19:59:59.131-0800 [DEBUG] ignoring non-existing provider search directory /Users/alpha/.terraform.d/plugins
2022-01-07T19:59:59.131-0800 [DEBUG] ignoring non-existing provider search directory /Users/alpha/Library/Application Support/io.terraform/plugins
2022-01-07T19:59:59.131-0800 [DEBUG] ignoring non-existing provider search directory /Library/Application Support/io.terraform/plugins
2022-01-07T19:59:59.131-0800 [INFO]  CLI command args: []string{"init"}
2022-01-07T19:59:59.139-0800 [DEBUG] New state was assigned lineage "4d8c715d-571b-1063-3de5-8056a1f7599e"
2022-01-07T19:59:59.139-0800 [DEBUG] checking for provisioner in "."
2022-01-07T19:59:59.141-0800 [DEBUG] checking for provisioner in "/opt/homebrew/bin"
2022-01-07T19:59:59.141-0800 [DEBUG] Service discovery for registry.terraform.io at https://registry.terraform.io/.well-known/terraform.json
2022-01-07T19:59:59.295-0800 [DEBUG] GET https://registry.terraform.io/v1/providers/linode/linode/versions
2022-01-07T19:59:59.438-0800 [DEBUG] GET https://registry.terraform.io/v1/providers/linode/linode/1.25.1/download/darwin/arm64
2022-01-07T19:59:59.509-0800 [DEBUG] GET https://github.com/linode/terraform-provider-linode/releases/download/v1.25.1/terraform-provider-linode_1.25.1_SHA256SUMS
2022-01-07T20:00:24.299-0800 [INFO]  Terraform version: 1.1.2
2022-01-07T20:00:24.299-0800 [INFO]  Go runtime version: go1.17.5
2022-01-07T20:00:24.299-0800 [INFO]  CLI args: []string{"terraform", "init"}
2022-01-07T20:00:24.299-0800 [DEBUG] Attempting to open CLI config file: /Users/alpha/.terraformrc
2022-01-07T20:00:24.299-0800 [DEBUG] File doesn't exist, but doesn't need to. Ignoring.
2022-01-07T20:00:24.300-0800 [DEBUG] ignoring non-existing provider search directory terraform.d/plugins
2022-01-07T20:00:24.300-0800 [DEBUG] ignoring non-existing provider search directory /Users/alpha/.terraform.d/plugins
2022-01-07T20:00:24.300-0800 [DEBUG] ignoring non-existing provider search directory /Users/alpha/Library/Application Support/io.terraform/plugins
2022-01-07T20:00:24.300-0800 [DEBUG] ignoring non-existing provider search directory /Library/Application Support/io.terraform/plugins
2022-01-07T20:00:24.301-0800 [INFO]  CLI command args: []string{"init"}
2022-01-07T20:00:24.307-0800 [DEBUG] New state was assigned lineage "3e3ea1e7-d612-c9e5-3fad-350ecb2532d0"
2022-01-07T20:00:24.307-0800 [DEBUG] checking for provisioner in "."
2022-01-07T20:00:24.311-0800 [DEBUG] checking for provisioner in "/opt/homebrew/bin"
2022-01-07T20:00:24.312-0800 [DEBUG] Service discovery for registry.terraform.io at https://registry.terraform.io/.well-known/terraform.json
2022-01-07T20:00:24.498-0800 [DEBUG] GET https://registry.terraform.io/v1/providers/linode/linode/versions
2022-01-07T20:00:24.636-0800 [DEBUG] GET https://registry.terraform.io/v1/providers/linode/linode/1.25.1/download/darwin/arm64
2022-01-07T20:00:24.702-0800 [DEBUG] GET https://github.com/linode/terraform-provider-linode/releases/download/v1.25.1/terraform-provider-linode_1.25.1_SHA256SUMS
2022-01-07T20:00:25.236-0800 [DEBUG] GET https://github.com/linode/terraform-provider-linode/releases/download/v1.25.1/terraform-provider-linode_1.25.1_SHA256SUMS.sig
2022-01-07T20:00:27.701-0800 [DEBUG] Provider signed by F4E6BBD0EA4FE463 Phillip Campbell <dev-dx@linode.com>
2022-01-07T20:00:34.815-0800 [INFO]  Terraform version: 1.1.2
2022-01-07T20:00:34.815-0800 [INFO]  Go runtime version: go1.17.5
2022-01-07T20:00:34.815-0800 [INFO]  CLI args: []string{"terraform", "plan"}
2022-01-07T20:00:34.815-0800 [DEBUG] Attempting to open CLI config file: /Users/alpha/.terraformrc
2022-01-07T20:00:34.815-0800 [DEBUG] File doesn't exist, but doesn't need to. Ignoring.
2022-01-07T20:00:34.815-0800 [DEBUG] ignoring non-existing provider search directory terraform.d/plugins
2022-01-07T20:00:34.815-0800 [DEBUG] ignoring non-existing provider search directory /Users/alpha/.terraform.d/plugins
2022-01-07T20:00:34.815-0800 [DEBUG] ignoring non-existing provider search directory /Users/alpha/Library/Application Support/io.terraform/plugins
2022-01-07T20:00:34.815-0800 [DEBUG] ignoring non-existing provider search directory /Library/Application Support/io.terraform/plugins
2022-01-07T20:00:34.815-0800 [INFO]  CLI command args: []string{"plan"}
2022-01-07T20:00:34.816-0800 [DEBUG] New state was assigned lineage "481874eb-ef61-4849-7369-dfc9117a629a"
2022-01-07T20:00:34.842-0800 [DEBUG] checking for provisioner in "."
2022-01-07T20:00:34.844-0800 [DEBUG] checking for provisioner in "/opt/homebrew/bin"
2022-01-07T20:00:34.847-0800 [INFO]  backend/local: starting Plan operation
2022-01-07T20:00:34.849-0800 [DEBUG] created provider logger: level=debug
2022-01-07T20:00:34.849-0800 [INFO]  provider: configuring client automatic mTLS
2022-01-07T20:00:34.857-0800 [DEBUG] provider: starting plugin: path=.terraform/providers/registry.terraform.io/linode/linode/1.25.1/darwin_arm64/terraform-provider-linode_v1.25.1 args=[.terraform/providers/registry.terraform.io/linode/linode/1.25.1/darwin_arm64/terraform-provider-linode_v1.25.1]
2022-01-07T20:00:34.859-0800 [DEBUG] provider: plugin started: path=.terraform/providers/registry.terraform.io/linode/linode/1.25.1/darwin_arm64/terraform-provider-linode_v1.25.1 pid=56071
2022-01-07T20:00:34.859-0800 [DEBUG] provider: waiting for RPC address: path=.terraform/providers/registry.terraform.io/linode/linode/1.25.1/darwin_arm64/terraform-provider-linode_v1.25.1
2022-01-07T20:00:35.246-0800 [INFO]  provider.terraform-provider-linode_v1.25.1: configuring server automatic mTLS: timestamp=2022-01-07T20:00:35.246-0800
2022-01-07T20:00:35.257-0800 [DEBUG] provider.terraform-provider-linode_v1.25.1: plugin address: address=/var/folders/2p/kcwynczj7h90jdwhbb19bwvh0000gn/T/plugin3655032546 network=unix timestamp=2022-01-07T20:00:35.257-0800
2022-01-07T20:00:35.257-0800 [DEBUG] provider: using plugin: version=5
2022-01-07T20:00:35.282-0800 [DEBUG] provider.stdio: received EOF, stopping recv loop: err="rpc error: code = Unavailable desc = transport is closing"
2022-01-07T20:00:35.283-0800 [DEBUG] provider: plugin process exited: path=.terraform/providers/registry.terraform.io/linode/linode/1.25.1/darwin_arm64/terraform-provider-linode_v1.25.1 pid=56071
2022-01-07T20:00:35.283-0800 [DEBUG] provider: plugin exited
2022-01-07T20:00:35.283-0800 [DEBUG] Building and walking validate graph
2022-01-07T20:00:35.284-0800 [DEBUG] ProviderTransformer: "linode_instance.nixos" (*terraform.NodeValidatableResource) needs provider["registry.terraform.io/linode/linode"]
2022-01-07T20:00:35.285-0800 [DEBUG] ReferenceTransformer: "linode_instance.nixos" references: []
2022-01-07T20:00:35.285-0800 [DEBUG] ReferenceTransformer: "provider[\"registry.terraform.io/linode/linode\"]" references: []
2022-01-07T20:00:35.285-0800 [DEBUG] Starting graph walk: walkValidate
2022-01-07T20:00:35.286-0800 [DEBUG] created provider logger: level=debug
2022-01-07T20:00:35.286-0800 [INFO]  provider: configuring client automatic mTLS
2022-01-07T20:00:35.293-0800 [DEBUG] provider: starting plugin: path=.terraform/providers/registry.terraform.io/linode/linode/1.25.1/darwin_arm64/terraform-provider-linode_v1.25.1 args=[.terraform/providers/registry.terraform.io/linode/linode/1.25.1/darwin_arm64/terraform-provider-linode_v1.25.1]
2022-01-07T20:00:35.295-0800 [DEBUG] provider: plugin started: path=.terraform/providers/registry.terraform.io/linode/linode/1.25.1/darwin_arm64/terraform-provider-linode_v1.25.1 pid=56073
2022-01-07T20:00:35.295-0800 [DEBUG] provider: waiting for RPC address: path=.terraform/providers/registry.terraform.io/linode/linode/1.25.1/darwin_arm64/terraform-provider-linode_v1.25.1
2022-01-07T20:00:35.313-0800 [INFO]  provider.terraform-provider-linode_v1.25.1: configuring server automatic mTLS: timestamp=2022-01-07T20:00:35.313-0800
2022-01-07T20:00:35.320-0800 [DEBUG] provider: using plugin: version=5
2022-01-07T20:00:35.320-0800 [DEBUG] provider.terraform-provider-linode_v1.25.1: plugin address: address=/var/folders/2p/kcwynczj7h90jdwhbb19bwvh0000gn/T/plugin239653605 network=unix timestamp=2022-01-07T20:00:35.320-0800
2022-01-07T20:00:35.337-0800 [DEBUG] provider.stdio: received EOF, stopping recv loop: err="rpc error: code = Unavailable desc = transport is closing"
2022-01-07T20:00:35.338-0800 [DEBUG] provider: plugin process exited: path=.terraform/providers/registry.terraform.io/linode/linode/1.25.1/darwin_arm64/terraform-provider-linode_v1.25.1 pid=56073
2022-01-07T20:00:35.338-0800 [DEBUG] provider: plugin exited
2022-01-07T20:00:35.338-0800 [INFO]  backend/local: plan calling Plan
2022-01-07T20:00:35.338-0800 [DEBUG] Building and walking plan graph for NormalMode
2022-01-07T20:00:35.339-0800 [DEBUG] ProviderTransformer: "linode_instance.nixos (expand)" (*terraform.nodeExpandPlannableResource) needs provider["registry.terraform.io/linode/linode"]
2022-01-07T20:00:35.339-0800 [DEBUG] ReferenceTransformer: "linode_instance.nixos (expand)" references: []
2022-01-07T20:00:35.339-0800 [DEBUG] ReferenceTransformer: "provider[\"registry.terraform.io/linode/linode\"]" references: []
2022-01-07T20:00:35.339-0800 [DEBUG] Starting graph walk: walkPlan
2022-01-07T20:00:35.339-0800 [DEBUG] created provider logger: level=debug
2022-01-07T20:00:35.339-0800 [INFO]  provider: configuring client automatic mTLS
2022-01-07T20:00:35.346-0800 [DEBUG] provider: starting plugin: path=.terraform/providers/registry.terraform.io/linode/linode/1.25.1/darwin_arm64/terraform-provider-linode_v1.25.1 args=[.terraform/providers/registry.terraform.io/linode/linode/1.25.1/darwin_arm64/terraform-provider-linode_v1.25.1]
2022-01-07T20:00:35.348-0800 [DEBUG] provider: plugin started: path=.terraform/providers/registry.terraform.io/linode/linode/1.25.1/darwin_arm64/terraform-provider-linode_v1.25.1 pid=56074
2022-01-07T20:00:35.348-0800 [DEBUG] provider: waiting for RPC address: path=.terraform/providers/registry.terraform.io/linode/linode/1.25.1/darwin_arm64/terraform-provider-linode_v1.25.1
2022-01-07T20:00:35.366-0800 [INFO]  provider.terraform-provider-linode_v1.25.1: configuring server automatic mTLS: timestamp=2022-01-07T20:00:35.366-0800
2022-01-07T20:00:35.373-0800 [DEBUG] provider.terraform-provider-linode_v1.25.1: plugin address: address=/var/folders/2p/kcwynczj7h90jdwhbb19bwvh0000gn/T/plugin3316238263 network=unix timestamp=2022-01-07T20:00:35.373-0800
2022-01-07T20:00:35.373-0800 [DEBUG] provider: using plugin: version=5
2022-01-07T20:00:35.389-0800 [WARN]  ValidateProviderConfig from "provider[\"registry.terraform.io/linode/linode\"]" changed the config value, but that value is unused
2022-01-07T20:00:35.390-0800 [INFO]  provider.terraform-provider-linode_v1.25.1: 2022/01/07 20:00:35 [DEBUG] Linode API Request Details:
---[ REQUEST ]---------------------------------------
GET /v4/linode/types?page=100 HTTP/1.1
Host: api.linode.com
User-Agent: HashiCorp Terraform/1.1.2 (+https://www.terraform.io) Terraform Plugin SDK/2.10.1 terraform-provider-linode/dev
Accept: application/json
Content-Type: application/json
Accept-Encoding: gzip


-----------------------------------------------------: timestamp=2022-01-07T20:00:35.390-0800
2022-01-07T20:00:35.809-0800 [INFO]  provider.terraform-provider-linode_v1.25.1: 2022/01/07 20:00:35 [DEBUG] Linode API Response Details:
---[ RESPONSE ]--------------------------------------
HTTP/2.0 200 OK
Content-Length: 52
Access-Control-Allow-Credentials: true
Access-Control-Allow-Headers: Authorization, Origin, X-Requested-With, Content-Type, Accept, X-Filter
Access-Control-Allow-Methods: HEAD, GET, OPTIONS, POST, PUT, DELETE
Access-Control-Allow-Origin: *
Access-Control-Expose-Headers: X-OAuth-Scopes, X-Accepted-OAuth-Scopes, X-Status
Cache-Control: private, max-age=900
Cache-Control: private, max-age=60, s-maxage=60
Content-Security-Policy: default-src 'none'
Content-Type: application/json
Date: Sat, 08 Jan 2022 04:00:32 GMT
Server: nginx
Strict-Transport-Security: max-age=31536000
Vary: Authorization, X-Filter
Vary: Authorization, X-Filter
X-Accepted-Oauth-Scopes: *
X-Content-Type-Options: nosniff
X-Customer-Uuid: CD1C0659-20FE-11EA-B88C0CC47AEB2714
X-Frame-Options: DENY
X-Frame-Options: DENY
X-Oauth-Scopes: *
X-Spec-Version: 4.112.2
X-Xss-Protection: 1; mode=block

{
 "data": [],
 "page": 100,
 "pages": 1,
 "results": 28
}
-----------------------------------------------------: timestamp=2022-01-07T20:00:35.809-0800
2022-01-07T20:00:35.811-0800 [DEBUG] Resource instance state not found for node "linode_instance.nixos", instance linode_instance.nixos
2022-01-07T20:00:35.812-0800 [DEBUG] ReferenceTransformer: "linode_instance.nixos" references: []
2022-01-07T20:00:35.813-0800 [DEBUG] refresh: linode_instance.nixos: no state, so not refreshing
2022-01-07T20:00:35.828-0800 [WARN]  Provider "registry.terraform.io/linode/linode" produced an invalid plan for linode_instance.nixos, but we are tolerating it because it is using the legacy plugin SDK.
    The following problems may be the cause of any confusing errors from downstream operations:
      - .watchdog_enabled: planned value cty.True for a non-computed attribute
      - .alerts: attribute representing nested block must not be unknown itself; set nested attribute values to unknown instead
      - .config[0].run_level: planned value cty.StringVal("default") for a non-computed attribute
      - .config[0].virt_mode: planned value cty.StringVal("paravirt") for a non-computed attribute
      - .config[0].devices[0].sdf: attribute representing nested block must not be unknown itself; set nested attribute values to unknown instead
      - .config[0].devices[0].sdg: attribute representing nested block must not be unknown itself; set nested attribute values to unknown instead
      - .config[0].devices[0].sdh: attribute representing nested block must not be unknown itself; set nested attribute values to unknown instead
      - .config[0].devices[0].sdd: attribute representing nested block must not be unknown itself; set nested attribute values to unknown instead
      - .config[0].devices[0].sde: attribute representing nested block must not be unknown itself; set nested attribute values to unknown instead
      - .config[0].helpers[0].devtmpfs_automount: planned value cty.False for a non-computed attribute
      - .config[1].run_level: planned value cty.StringVal("default") for a non-computed attribute
      - .config[1].virt_mode: planned value cty.StringVal("paravirt") for a non-computed attribute
      - .config[1].devices[0].sdc: attribute representing nested block must not be unknown itself; set nested attribute values to unknown instead
      - .config[1].devices[0].sdd: attribute representing nested block must not be unknown itself; set nested attribute values to unknown instead
      - .config[1].devices[0].sde: attribute representing nested block must not be unknown itself; set nested attribute values to unknown instead
      - .config[1].devices[0].sdf: attribute representing nested block must not be unknown itself; set nested attribute values to unknown instead
      - .config[1].devices[0].sdg: attribute representing nested block must not be unknown itself; set nested attribute values to unknown instead
      - .config[1].devices[0].sdh: attribute representing nested block must not be unknown itself; set nested attribute values to unknown instead
      - .config[1].helpers[0].devtmpfs_automount: planned value cty.False for a non-computed attribute
2022-01-07T20:00:35.829-0800 [DEBUG] provider.stdio: received EOF, stopping recv loop: err="rpc error: code = Unavailable desc = transport is closing"
2022-01-07T20:00:35.831-0800 [DEBUG] provider: plugin process exited: path=.terraform/providers/registry.terraform.io/linode/linode/1.25.1/darwin_arm64/terraform-provider-linode_v1.25.1 pid=56074
2022-01-07T20:00:35.831-0800 [DEBUG] provider: plugin exited
2022-01-07T20:00:35.831-0800 [INFO]  backend/local: plan operation completed
2022-01-07T20:00:38.138-0800 [INFO]  Terraform version: 1.1.2
2022-01-07T20:00:38.138-0800 [INFO]  Go runtime version: go1.17.5
2022-01-07T20:00:38.138-0800 [INFO]  CLI args: []string{"terraform", "apply"}
2022-01-07T20:00:38.138-0800 [DEBUG] Attempting to open CLI config file: /Users/alpha/.terraformrc
2022-01-07T20:00:38.138-0800 [DEBUG] File doesn't exist, but doesn't need to. Ignoring.
2022-01-07T20:00:38.138-0800 [DEBUG] ignoring non-existing provider search directory terraform.d/plugins
2022-01-07T20:00:38.138-0800 [DEBUG] ignoring non-existing provider search directory /Users/alpha/.terraform.d/plugins
2022-01-07T20:00:38.138-0800 [DEBUG] ignoring non-existing provider search directory /Users/alpha/Library/Application Support/io.terraform/plugins
2022-01-07T20:00:38.138-0800 [DEBUG] ignoring non-existing provider search directory /Library/Application Support/io.terraform/plugins
2022-01-07T20:00:38.138-0800 [INFO]  CLI command args: []string{"apply"}
2022-01-07T20:00:38.139-0800 [DEBUG] New state was assigned lineage "038023e4-9ab0-93b2-ef49-d9ae13b0518e"
2022-01-07T20:00:38.165-0800 [DEBUG] checking for provisioner in "."
2022-01-07T20:00:38.167-0800 [DEBUG] checking for provisioner in "/opt/homebrew/bin"
2022-01-07T20:00:38.168-0800 [INFO]  backend/local: starting Apply operation
2022-01-07T20:00:38.168-0800 [DEBUG] created provider logger: level=debug
2022-01-07T20:00:38.168-0800 [INFO]  provider: configuring client automatic mTLS
2022-01-07T20:00:38.175-0800 [DEBUG] provider: starting plugin: path=.terraform/providers/registry.terraform.io/linode/linode/1.25.1/darwin_arm64/terraform-provider-linode_v1.25.1 args=[.terraform/providers/registry.terraform.io/linode/linode/1.25.1/darwin_arm64/terraform-provider-linode_v1.25.1]
2022-01-07T20:00:38.177-0800 [DEBUG] provider: plugin started: path=.terraform/providers/registry.terraform.io/linode/linode/1.25.1/darwin_arm64/terraform-provider-linode_v1.25.1 pid=56143
2022-01-07T20:00:38.177-0800 [DEBUG] provider: waiting for RPC address: path=.terraform/providers/registry.terraform.io/linode/linode/1.25.1/darwin_arm64/terraform-provider-linode_v1.25.1
2022-01-07T20:00:38.198-0800 [INFO]  provider.terraform-provider-linode_v1.25.1: configuring server automatic mTLS: timestamp=2022-01-07T20:00:38.198-0800
2022-01-07T20:00:38.205-0800 [DEBUG] provider: using plugin: version=5
2022-01-07T20:00:38.205-0800 [DEBUG] provider.terraform-provider-linode_v1.25.1: plugin address: address=/var/folders/2p/kcwynczj7h90jdwhbb19bwvh0000gn/T/plugin1970827253 network=unix timestamp=2022-01-07T20:00:38.205-0800
2022-01-07T20:00:38.221-0800 [DEBUG] provider.stdio: received EOF, stopping recv loop: err="rpc error: code = Unavailable desc = transport is closing"
2022-01-07T20:00:38.222-0800 [DEBUG] provider: plugin process exited: path=.terraform/providers/registry.terraform.io/linode/linode/1.25.1/darwin_arm64/terraform-provider-linode_v1.25.1 pid=56143
2022-01-07T20:00:38.222-0800 [DEBUG] provider: plugin exited
2022-01-07T20:00:38.222-0800 [DEBUG] Building and walking validate graph
2022-01-07T20:00:38.222-0800 [DEBUG] ProviderTransformer: "linode_instance.nixos" (*terraform.NodeValidatableResource) needs provider["registry.terraform.io/linode/linode"]
2022-01-07T20:00:38.222-0800 [DEBUG] ReferenceTransformer: "linode_instance.nixos" references: []
2022-01-07T20:00:38.222-0800 [DEBUG] ReferenceTransformer: "provider[\"registry.terraform.io/linode/linode\"]" references: []
2022-01-07T20:00:38.222-0800 [DEBUG] Starting graph walk: walkValidate
2022-01-07T20:00:38.222-0800 [DEBUG] created provider logger: level=debug
2022-01-07T20:00:38.222-0800 [INFO]  provider: configuring client automatic mTLS
2022-01-07T20:00:38.229-0800 [DEBUG] provider: starting plugin: path=.terraform/providers/registry.terraform.io/linode/linode/1.25.1/darwin_arm64/terraform-provider-linode_v1.25.1 args=[.terraform/providers/registry.terraform.io/linode/linode/1.25.1/darwin_arm64/terraform-provider-linode_v1.25.1]
2022-01-07T20:00:38.232-0800 [DEBUG] provider: plugin started: path=.terraform/providers/registry.terraform.io/linode/linode/1.25.1/darwin_arm64/terraform-provider-linode_v1.25.1 pid=56144
2022-01-07T20:00:38.232-0800 [DEBUG] provider: waiting for RPC address: path=.terraform/providers/registry.terraform.io/linode/linode/1.25.1/darwin_arm64/terraform-provider-linode_v1.25.1
2022-01-07T20:00:38.250-0800 [INFO]  provider.terraform-provider-linode_v1.25.1: configuring server automatic mTLS: timestamp=2022-01-07T20:00:38.250-0800
2022-01-07T20:00:38.257-0800 [DEBUG] provider.terraform-provider-linode_v1.25.1: plugin address: address=/var/folders/2p/kcwynczj7h90jdwhbb19bwvh0000gn/T/plugin13685052 network=unix timestamp=2022-01-07T20:00:38.257-0800
2022-01-07T20:00:38.257-0800 [DEBUG] provider: using plugin: version=5
2022-01-07T20:00:38.273-0800 [DEBUG] provider.stdio: received EOF, stopping recv loop: err="rpc error: code = Unavailable desc = transport is closing"
2022-01-07T20:00:38.273-0800 [DEBUG] provider: plugin process exited: path=.terraform/providers/registry.terraform.io/linode/linode/1.25.1/darwin_arm64/terraform-provider-linode_v1.25.1 pid=56144
2022-01-07T20:00:38.273-0800 [DEBUG] provider: plugin exited
2022-01-07T20:00:38.273-0800 [INFO]  backend/local: apply calling Plan
2022-01-07T20:00:38.273-0800 [DEBUG] Building and walking plan graph for NormalMode
2022-01-07T20:00:38.273-0800 [DEBUG] ProviderTransformer: "linode_instance.nixos (expand)" (*terraform.nodeExpandPlannableResource) needs provider["registry.terraform.io/linode/linode"]
2022-01-07T20:00:38.274-0800 [DEBUG] ReferenceTransformer: "linode_instance.nixos (expand)" references: []
2022-01-07T20:00:38.274-0800 [DEBUG] ReferenceTransformer: "provider[\"registry.terraform.io/linode/linode\"]" references: []
2022-01-07T20:00:38.274-0800 [DEBUG] Starting graph walk: walkPlan
2022-01-07T20:00:38.274-0800 [DEBUG] created provider logger: level=debug
2022-01-07T20:00:38.274-0800 [INFO]  provider: configuring client automatic mTLS
2022-01-07T20:00:38.281-0800 [DEBUG] provider: starting plugin: path=.terraform/providers/registry.terraform.io/linode/linode/1.25.1/darwin_arm64/terraform-provider-linode_v1.25.1 args=[.terraform/providers/registry.terraform.io/linode/linode/1.25.1/darwin_arm64/terraform-provider-linode_v1.25.1]
2022-01-07T20:00:38.282-0800 [DEBUG] provider: plugin started: path=.terraform/providers/registry.terraform.io/linode/linode/1.25.1/darwin_arm64/terraform-provider-linode_v1.25.1 pid=56145
2022-01-07T20:00:38.283-0800 [DEBUG] provider: waiting for RPC address: path=.terraform/providers/registry.terraform.io/linode/linode/1.25.1/darwin_arm64/terraform-provider-linode_v1.25.1
2022-01-07T20:00:38.301-0800 [INFO]  provider.terraform-provider-linode_v1.25.1: configuring server automatic mTLS: timestamp=2022-01-07T20:00:38.301-0800
2022-01-07T20:00:38.308-0800 [DEBUG] provider: using plugin: version=5
2022-01-07T20:00:38.308-0800 [DEBUG] provider.terraform-provider-linode_v1.25.1: plugin address: network=unix address=/var/folders/2p/kcwynczj7h90jdwhbb19bwvh0000gn/T/plugin2374296347 timestamp=2022-01-07T20:00:38.308-0800
2022-01-07T20:00:38.324-0800 [WARN]  ValidateProviderConfig from "provider[\"registry.terraform.io/linode/linode\"]" changed the config value, but that value is unused
2022-01-07T20:00:38.325-0800 [INFO]  provider.terraform-provider-linode_v1.25.1: 2022/01/07 20:00:38 [DEBUG] Linode API Request Details:
---[ REQUEST ]---------------------------------------
GET /v4/linode/types?page=100 HTTP/1.1
Host: api.linode.com
User-Agent: HashiCorp Terraform/1.1.2 (+https://www.terraform.io) Terraform Plugin SDK/2.10.1 terraform-provider-linode/dev
Accept: application/json
Content-Type: application/json
Accept-Encoding: gzip


-----------------------------------------------------: timestamp=2022-01-07T20:00:38.325-0800
2022-01-07T20:00:38.723-0800 [INFO]  provider.terraform-provider-linode_v1.25.1: 2022/01/07 20:00:38 [DEBUG] Linode API Response Details:
---[ RESPONSE ]--------------------------------------
HTTP/2.0 200 OK
Content-Length: 52
Access-Control-Allow-Credentials: true
Access-Control-Allow-Headers: Authorization, Origin, X-Requested-With, Content-Type, Accept, X-Filter
Access-Control-Allow-Methods: HEAD, GET, OPTIONS, POST, PUT, DELETE
Access-Control-Allow-Origin: *
Access-Control-Expose-Headers: X-OAuth-Scopes, X-Accepted-OAuth-Scopes, X-Status
Cache-Control: private, max-age=900
Cache-Control: private, max-age=60, s-maxage=60
Content-Security-Policy: default-src 'none'
Content-Type: application/json
Date: Sat, 08 Jan 2022 04:00:38 GMT
Server: nginx
Strict-Transport-Security: max-age=31536000
Vary: Authorization, X-Filter
Vary: Authorization, X-Filter
X-Accepted-Oauth-Scopes: *
X-Content-Type-Options: nosniff
X-Customer-Uuid: CD1C0659-20FE-11EA-B88C0CC47AEB2714
X-Frame-Options: DENY
X-Frame-Options: DENY
X-Oauth-Scopes: *
X-Spec-Version: 4.112.2
X-Xss-Protection: 1; mode=block

{
 "data": [],
 "page": 100,
 "pages": 1,
 "results": 28
}
-----------------------------------------------------: timestamp=2022-01-07T20:00:38.723-0800
2022-01-07T20:00:38.724-0800 [DEBUG] Resource instance state not found for node "linode_instance.nixos", instance linode_instance.nixos
2022-01-07T20:00:38.724-0800 [DEBUG] ReferenceTransformer: "linode_instance.nixos" references: []
2022-01-07T20:00:38.724-0800 [DEBUG] refresh: linode_instance.nixos: no state, so not refreshing
2022-01-07T20:00:38.736-0800 [WARN]  Provider "registry.terraform.io/linode/linode" produced an invalid plan for linode_instance.nixos, but we are tolerating it because it is using the legacy plugin SDK.
    The following problems may be the cause of any confusing errors from downstream operations:
      - .watchdog_enabled: planned value cty.True for a non-computed attribute
      - .alerts: attribute representing nested block must not be unknown itself; set nested attribute values to unknown instead
      - .config[0].run_level: planned value cty.StringVal("default") for a non-computed attribute
      - .config[0].virt_mode: planned value cty.StringVal("paravirt") for a non-computed attribute
      - .config[0].devices[0].sdh: attribute representing nested block must not be unknown itself; set nested attribute values to unknown instead
      - .config[0].devices[0].sdd: attribute representing nested block must not be unknown itself; set nested attribute values to unknown instead
      - .config[0].devices[0].sde: attribute representing nested block must not be unknown itself; set nested attribute values to unknown instead
      - .config[0].devices[0].sdf: attribute representing nested block must not be unknown itself; set nested attribute values to unknown instead
      - .config[0].devices[0].sdg: attribute representing nested block must not be unknown itself; set nested attribute values to unknown instead
      - .config[0].helpers[0].devtmpfs_automount: planned value cty.False for a non-computed attribute
      - .config[1].run_level: planned value cty.StringVal("default") for a non-computed attribute
      - .config[1].virt_mode: planned value cty.StringVal("paravirt") for a non-computed attribute
      - .config[1].devices[0].sdc: attribute representing nested block must not be unknown itself; set nested attribute values to unknown instead
      - .config[1].devices[0].sdd: attribute representing nested block must not be unknown itself; set nested attribute values to unknown instead
      - .config[1].devices[0].sde: attribute representing nested block must not be unknown itself; set nested attribute values to unknown instead
      - .config[1].devices[0].sdf: attribute representing nested block must not be unknown itself; set nested attribute values to unknown instead
      - .config[1].devices[0].sdg: attribute representing nested block must not be unknown itself; set nested attribute values to unknown instead
      - .config[1].devices[0].sdh: attribute representing nested block must not be unknown itself; set nested attribute values to unknown instead
      - .config[1].helpers[0].devtmpfs_automount: planned value cty.False for a non-computed attribute
2022-01-07T20:00:38.737-0800 [DEBUG] provider.stdio: received EOF, stopping recv loop: err="rpc error: code = Unavailable desc = transport is closing"
2022-01-07T20:00:38.739-0800 [DEBUG] provider: plugin process exited: path=.terraform/providers/registry.terraform.io/linode/linode/1.25.1/darwin_arm64/terraform-provider-linode_v1.25.1 pid=56145
2022-01-07T20:00:38.739-0800 [DEBUG] provider: plugin exited
2022-01-07T20:00:38.745-0800 [DEBUG] command: asking for input: "\nDo you want to perform these actions?"
2022-01-07T20:00:39.631-0800 [INFO]  backend/local: apply calling Apply
2022-01-07T20:00:39.632-0800 [DEBUG] Building and walking apply graph for NormalMode plan
2022-01-07T20:00:39.632-0800 [DEBUG] Resource state not found for node "linode_instance.nixos", instance linode_instance.nixos
2022-01-07T20:00:39.633-0800 [DEBUG] ProviderTransformer: "linode_instance.nixos (expand)" (*terraform.nodeExpandApplyableResource) needs provider["registry.terraform.io/linode/linode"]
2022-01-07T20:00:39.634-0800 [DEBUG] ProviderTransformer: "linode_instance.nixos" (*terraform.NodeApplyableResourceInstance) needs provider["registry.terraform.io/linode/linode"]
2022-01-07T20:00:39.634-0800 [DEBUG] ReferenceTransformer: "linode_instance.nixos (expand)" references: []
2022-01-07T20:00:39.635-0800 [DEBUG] ReferenceTransformer: "linode_instance.nixos" references: []
2022-01-07T20:00:39.635-0800 [DEBUG] ReferenceTransformer: "provider[\"registry.terraform.io/linode/linode\"]" references: []
2022-01-07T20:00:39.635-0800 [DEBUG] Starting graph walk: walkApply
2022-01-07T20:00:39.639-0800 [DEBUG] created provider logger: level=debug
2022-01-07T20:00:39.639-0800 [INFO]  provider: configuring client automatic mTLS
2022-01-07T20:00:39.657-0800 [DEBUG] provider: starting plugin: path=.terraform/providers/registry.terraform.io/linode/linode/1.25.1/darwin_arm64/terraform-provider-linode_v1.25.1 args=[.terraform/providers/registry.terraform.io/linode/linode/1.25.1/darwin_arm64/terraform-provider-linode_v1.25.1]
2022-01-07T20:00:39.665-0800 [DEBUG] provider: plugin started: path=.terraform/providers/registry.terraform.io/linode/linode/1.25.1/darwin_arm64/terraform-provider-linode_v1.25.1 pid=56146
2022-01-07T20:00:39.665-0800 [DEBUG] provider: waiting for RPC address: path=.terraform/providers/registry.terraform.io/linode/linode/1.25.1/darwin_arm64/terraform-provider-linode_v1.25.1
2022-01-07T20:00:39.690-0800 [INFO]  provider.terraform-provider-linode_v1.25.1: configuring server automatic mTLS: timestamp=2022-01-07T20:00:39.690-0800
2022-01-07T20:00:39.698-0800 [DEBUG] provider: using plugin: version=5
2022-01-07T20:00:39.698-0800 [DEBUG] provider.terraform-provider-linode_v1.25.1: plugin address: address=/var/folders/2p/kcwynczj7h90jdwhbb19bwvh0000gn/T/plugin2195571753 network=unix timestamp=2022-01-07T20:00:39.698-0800
2022-01-07T20:00:39.716-0800 [WARN]  ValidateProviderConfig from "provider[\"registry.terraform.io/linode/linode\"]" changed the config value, but that value is unused
2022-01-07T20:00:39.718-0800 [INFO]  provider.terraform-provider-linode_v1.25.1: 2022/01/07 20:00:39 [DEBUG] Linode API Request Details:
---[ REQUEST ]---------------------------------------
GET /v4/linode/types?page=100 HTTP/1.1
Host: api.linode.com
User-Agent: HashiCorp Terraform/1.1.2 (+https://www.terraform.io) Terraform Plugin SDK/2.10.1 terraform-provider-linode/dev
Accept: application/json
Content-Type: application/json
Accept-Encoding: gzip


-----------------------------------------------------: timestamp=2022-01-07T20:00:39.718-0800
2022-01-07T20:00:40.126-0800 [INFO]  provider.terraform-provider-linode_v1.25.1: 2022/01/07 20:00:40 [DEBUG] Linode API Response Details:
---[ RESPONSE ]--------------------------------------
HTTP/2.0 200 OK
Content-Length: 52
Access-Control-Allow-Credentials: true
Access-Control-Allow-Headers: Authorization, Origin, X-Requested-With, Content-Type, Accept, X-Filter
Access-Control-Allow-Methods: HEAD, GET, OPTIONS, POST, PUT, DELETE
Access-Control-Allow-Origin: *
Access-Control-Expose-Headers: X-OAuth-Scopes, X-Accepted-OAuth-Scopes, X-Status
Cache-Control: private, max-age=900
Cache-Control: private, max-age=60, s-maxage=60
Content-Security-Policy: default-src 'none'
Content-Type: application/json
Date: Sat, 08 Jan 2022 04:00:37 GMT
Server: nginx
Strict-Transport-Security: max-age=31536000
Vary: Authorization, X-Filter
Vary: Authorization, X-Filter
X-Accepted-Oauth-Scopes: *
X-Content-Type-Options: nosniff
X-Customer-Uuid: CD1C0659-20FE-11EA-B88C0CC47AEB2714
X-Frame-Options: DENY
X-Frame-Options: DENY
X-Oauth-Scopes: *
X-Spec-Version: 4.112.2
X-Xss-Protection: 1; mode=block

{
 "data": [],
 "page": 100,
 "pages": 1,
 "results": 28
}
-----------------------------------------------------: timestamp=2022-01-07T20:00:40.126-0800
2022-01-07T20:00:40.140-0800 [WARN]  Provider "registry.terraform.io/linode/linode" produced an invalid plan for linode_instance.nixos, but we are tolerating it because it is using the legacy plugin SDK.
    The following problems may be the cause of any confusing errors from downstream operations:
      - .watchdog_enabled: planned value cty.True for a non-computed attribute
      - .alerts: attribute representing nested block must not be unknown itself; set nested attribute values to unknown instead
      - .config[0].run_level: planned value cty.StringVal("default") for a non-computed attribute
      - .config[0].virt_mode: planned value cty.StringVal("paravirt") for a non-computed attribute
      - .config[0].devices[0].sdd: attribute representing nested block must not be unknown itself; set nested attribute values to unknown instead
      - .config[0].devices[0].sde: attribute representing nested block must not be unknown itself; set nested attribute values to unknown instead
      - .config[0].devices[0].sdf: attribute representing nested block must not be unknown itself; set nested attribute values to unknown instead
      - .config[0].devices[0].sdg: attribute representing nested block must not be unknown itself; set nested attribute values to unknown instead
      - .config[0].devices[0].sdh: attribute representing nested block must not be unknown itself; set nested attribute values to unknown instead
      - .config[0].helpers[0].devtmpfs_automount: planned value cty.False for a non-computed attribute
      - .config[1].run_level: planned value cty.StringVal("default") for a non-computed attribute
      - .config[1].virt_mode: planned value cty.StringVal("paravirt") for a non-computed attribute
      - .config[1].devices[0].sdc: attribute representing nested block must not be unknown itself; set nested attribute values to unknown instead
      - .config[1].devices[0].sdd: attribute representing nested block must not be unknown itself; set nested attribute values to unknown instead
      - .config[1].devices[0].sde: attribute representing nested block must not be unknown itself; set nested attribute values to unknown instead
      - .config[1].devices[0].sdf: attribute representing nested block must not be unknown itself; set nested attribute values to unknown instead
      - .config[1].devices[0].sdg: attribute representing nested block must not be unknown itself; set nested attribute values to unknown instead
      - .config[1].devices[0].sdh: attribute representing nested block must not be unknown itself; set nested attribute values to unknown instead
      - .config[1].helpers[0].devtmpfs_automount: planned value cty.False for a non-computed attribute
2022-01-07T20:00:40.141-0800 [INFO]  Starting apply for linode_instance.nixos
2022-01-07T20:00:40.142-0800 [DEBUG] linode_instance.nixos: applying the planned Create change
2022-01-07T20:00:40.145-0800 [INFO]  provider.terraform-provider-linode_v1.25.1: 2022/01/07 20:00:40 [DEBUG] setting computed for "disk.0.stackscript_data" from ComputedKeys: timestamp=2022-01-07T20:00:40.145-0800
2022-01-07T20:00:40.145-0800 [INFO]  provider.terraform-provider-linode_v1.25.1: 2022/01/07 20:00:40 [DEBUG] setting computed for "disk.1.stackscript_data" from ComputedKeys: timestamp=2022-01-07T20:00:40.145-0800
2022-01-07T20:00:40.145-0800 [INFO]  provider.terraform-provider-linode_v1.25.1: 2022/01/07 20:00:40 [DEBUG] setting computed for "disk.2.stackscript_data" from ComputedKeys: timestamp=2022-01-07T20:00:40.145-0800
2022-01-07T20:00:40.146-0800 [INFO]  provider.terraform-provider-linode_v1.25.1: 2022/01/07 20:00:40 [DEBUG] setting computed for "disk.0.stackscript_data" from ComputedKeys: timestamp=2022-01-07T20:00:40.146-0800
2022-01-07T20:00:40.146-0800 [INFO]  provider.terraform-provider-linode_v1.25.1: 2022/01/07 20:00:40 [DEBUG] setting computed for "disk.1.stackscript_data" from ComputedKeys: timestamp=2022-01-07T20:00:40.146-0800
2022-01-07T20:00:40.146-0800 [INFO]  provider.terraform-provider-linode_v1.25.1: 2022/01/07 20:00:40 [DEBUG] setting computed for "disk.2.stackscript_data" from ComputedKeys: timestamp=2022-01-07T20:00:40.146-0800
2022-01-07T20:00:40.146-0800 [INFO]  provider.terraform-provider-linode_v1.25.1: 2022/01/07 20:00:40 [DEBUG] setting computed for "ipv4" from ComputedKeys: timestamp=2022-01-07T20:00:40.146-0800
2022-01-07T20:00:40.146-0800 [INFO]  provider.terraform-provider-linode_v1.25.1: 2022/01/07 20:00:40 [DEBUG] setting computed for "config.0.devices.0.sde" from ComputedKeys: timestamp=2022-01-07T20:00:40.146-0800
2022-01-07T20:00:40.146-0800 [INFO]  provider.terraform-provider-linode_v1.25.1: 2022/01/07 20:00:40 [DEBUG] setting computed for "config.0.devices.0.sdf" from ComputedKeys: timestamp=2022-01-07T20:00:40.146-0800
2022-01-07T20:00:40.146-0800 [INFO]  provider.terraform-provider-linode_v1.25.1: 2022/01/07 20:00:40 [DEBUG] setting computed for "config.0.devices.0.sdg" from ComputedKeys: timestamp=2022-01-07T20:00:40.146-0800
2022-01-07T20:00:40.146-0800 [INFO]  provider.terraform-provider-linode_v1.25.1: 2022/01/07 20:00:40 [DEBUG] setting computed for "config.0.devices.0.sdh" from ComputedKeys: timestamp=2022-01-07T20:00:40.146-0800
2022-01-07T20:00:40.146-0800 [INFO]  provider.terraform-provider-linode_v1.25.1: 2022/01/07 20:00:40 [DEBUG] setting computed for "config.0.devices.0.sdd" from ComputedKeys: timestamp=2022-01-07T20:00:40.146-0800
2022-01-07T20:00:40.146-0800 [INFO]  provider.terraform-provider-linode_v1.25.1: 2022/01/07 20:00:40 [DEBUG] setting computed for "config.1.devices.0.sdh" from ComputedKeys: timestamp=2022-01-07T20:00:40.146-0800
2022-01-07T20:00:40.146-0800 [INFO]  provider.terraform-provider-linode_v1.25.1: 2022/01/07 20:00:40 [DEBUG] setting computed for "config.1.devices.0.sdc" from ComputedKeys: timestamp=2022-01-07T20:00:40.146-0800
2022-01-07T20:00:40.146-0800 [INFO]  provider.terraform-provider-linode_v1.25.1: 2022/01/07 20:00:40 [DEBUG] setting computed for "config.1.devices.0.sdd" from ComputedKeys: timestamp=2022-01-07T20:00:40.146-0800
2022-01-07T20:00:40.146-0800 [INFO]  provider.terraform-provider-linode_v1.25.1: 2022/01/07 20:00:40 [DEBUG] setting computed for "config.1.devices.0.sde" from ComputedKeys: timestamp=2022-01-07T20:00:40.146-0800
2022-01-07T20:00:40.146-0800 [INFO]  provider.terraform-provider-linode_v1.25.1: 2022/01/07 20:00:40 [DEBUG] setting computed for "config.1.devices.0.sdf" from ComputedKeys: timestamp=2022-01-07T20:00:40.146-0800
2022-01-07T20:00:40.146-0800 [INFO]  provider.terraform-provider-linode_v1.25.1: 2022/01/07 20:00:40 [DEBUG] setting computed for "config.1.devices.0.sdg" from ComputedKeys: timestamp=2022-01-07T20:00:40.146-0800
2022-01-07T20:00:40.146-0800 [INFO]  provider.terraform-provider-linode_v1.25.1: 2022/01/07 20:00:40 [DEBUG] setting computed for "config.0.devices.0.sdf" from ComputedKeys: timestamp=2022-01-07T20:00:40.146-0800
2022-01-07T20:00:40.146-0800 [INFO]  provider.terraform-provider-linode_v1.25.1: 2022/01/07 20:00:40 [DEBUG] setting computed for "config.0.devices.0.sdg" from ComputedKeys: timestamp=2022-01-07T20:00:40.146-0800
2022-01-07T20:00:40.146-0800 [INFO]  provider.terraform-provider-linode_v1.25.1: 2022/01/07 20:00:40 [DEBUG] setting computed for "config.0.devices.0.sdh" from ComputedKeys: timestamp=2022-01-07T20:00:40.146-0800
2022-01-07T20:00:40.146-0800 [INFO]  provider.terraform-provider-linode_v1.25.1: 2022/01/07 20:00:40 [DEBUG] setting computed for "config.0.devices.0.sdd" from ComputedKeys: timestamp=2022-01-07T20:00:40.146-0800
2022-01-07T20:00:40.146-0800 [INFO]  provider.terraform-provider-linode_v1.25.1: 2022/01/07 20:00:40 [DEBUG] setting computed for "config.0.devices.0.sde" from ComputedKeys: timestamp=2022-01-07T20:00:40.146-0800
2022-01-07T20:00:40.146-0800 [INFO]  provider.terraform-provider-linode_v1.25.1: 2022/01/07 20:00:40 [DEBUG] setting computed for "config.0.devices.0.sdg" from ComputedKeys: timestamp=2022-01-07T20:00:40.146-0800
2022-01-07T20:00:40.146-0800 [INFO]  provider.terraform-provider-linode_v1.25.1: 2022/01/07 20:00:40 [DEBUG] setting computed for "config.0.devices.0.sdh" from ComputedKeys: timestamp=2022-01-07T20:00:40.146-0800
2022-01-07T20:00:40.146-0800 [INFO]  provider.terraform-provider-linode_v1.25.1: 2022/01/07 20:00:40 [DEBUG] setting computed for "config.0.devices.0.sdd" from ComputedKeys: timestamp=2022-01-07T20:00:40.146-0800
2022-01-07T20:00:40.146-0800 [INFO]  provider.terraform-provider-linode_v1.25.1: 2022/01/07 20:00:40 [DEBUG] setting computed for "config.0.devices.0.sde" from ComputedKeys: timestamp=2022-01-07T20:00:40.146-0800
2022-01-07T20:00:40.146-0800 [INFO]  provider.terraform-provider-linode_v1.25.1: 2022/01/07 20:00:40 [DEBUG] setting computed for "config.0.devices.0.sdf" from ComputedKeys: timestamp=2022-01-07T20:00:40.146-0800
2022-01-07T20:00:40.147-0800 [INFO]  provider.terraform-provider-linode_v1.25.1: 2022/01/07 20:00:40 [DEBUG] setting computed for "config.1.devices.0.sdc" from ComputedKeys: timestamp=2022-01-07T20:00:40.147-0800
2022-01-07T20:00:40.147-0800 [INFO]  provider.terraform-provider-linode_v1.25.1: 2022/01/07 20:00:40 [DEBUG] setting computed for "config.1.devices.0.sdd" from ComputedKeys: timestamp=2022-01-07T20:00:40.147-0800
2022-01-07T20:00:40.147-0800 [INFO]  provider.terraform-provider-linode_v1.25.1: 2022/01/07 20:00:40 [DEBUG] setting computed for "config.1.devices.0.sde" from ComputedKeys: timestamp=2022-01-07T20:00:40.147-0800
2022-01-07T20:00:40.147-0800 [INFO]  provider.terraform-provider-linode_v1.25.1: 2022/01/07 20:00:40 [DEBUG] setting computed for "config.1.devices.0.sdf" from ComputedKeys: timestamp=2022-01-07T20:00:40.147-0800
2022-01-07T20:00:40.147-0800 [INFO]  provider.terraform-provider-linode_v1.25.1: 2022/01/07 20:00:40 [DEBUG] setting computed for "config.1.devices.0.sdg" from ComputedKeys: timestamp=2022-01-07T20:00:40.147-0800
2022-01-07T20:00:40.147-0800 [INFO]  provider.terraform-provider-linode_v1.25.1: 2022/01/07 20:00:40 [DEBUG] setting computed for "config.1.devices.0.sdh" from ComputedKeys: timestamp=2022-01-07T20:00:40.147-0800
2022-01-07T20:00:40.147-0800 [INFO]  provider.terraform-provider-linode_v1.25.1: 2022/01/07 20:00:40 [DEBUG] setting computed for "config.1.devices.0.sdg" from ComputedKeys: timestamp=2022-01-07T20:00:40.147-0800
2022-01-07T20:00:40.147-0800 [INFO]  provider.terraform-provider-linode_v1.25.1: 2022/01/07 20:00:40 [DEBUG] setting computed for "config.1.devices.0.sdh" from ComputedKeys: timestamp=2022-01-07T20:00:40.147-0800
2022-01-07T20:00:40.147-0800 [INFO]  provider.terraform-provider-linode_v1.25.1: 2022/01/07 20:00:40 [DEBUG] setting computed for "config.1.devices.0.sdc" from ComputedKeys: timestamp=2022-01-07T20:00:40.147-0800
2022-01-07T20:00:40.147-0800 [INFO]  provider.terraform-provider-linode_v1.25.1: 2022/01/07 20:00:40 [DEBUG] setting computed for "config.1.devices.0.sdd" from ComputedKeys: timestamp=2022-01-07T20:00:40.147-0800
2022-01-07T20:00:40.147-0800 [INFO]  provider.terraform-provider-linode_v1.25.1: 2022/01/07 20:00:40 [DEBUG] setting computed for "config.1.devices.0.sde" from ComputedKeys: timestamp=2022-01-07T20:00:40.147-0800
2022-01-07T20:00:40.147-0800 [INFO]  provider.terraform-provider-linode_v1.25.1: 2022/01/07 20:00:40 [DEBUG] setting computed for "config.1.devices.0.sdf" from ComputedKeys: timestamp=2022-01-07T20:00:40.147-0800
2022-01-07T20:00:40.147-0800 [INFO]  provider.terraform-provider-linode_v1.25.1: 2022/01/07 20:00:40 [DEBUG] setting computed for "specs" from ComputedKeys: timestamp=2022-01-07T20:00:40.147-0800
2022-01-07T20:00:40.147-0800 [INFO]  provider.terraform-provider-linode_v1.25.1: 2022/01/07 20:00:40 [DEBUG] setting computed for "alerts" from ComputedKeys: timestamp=2022-01-07T20:00:40.147-0800
2022-01-07T20:00:40.147-0800 [INFO]  provider.terraform-provider-linode_v1.25.1: 2022/01/07 20:00:40 [DEBUG] setting computed for "backups" from ComputedKeys: timestamp=2022-01-07T20:00:40.147-0800
2022-01-07T20:00:40.148-0800 [INFO]  provider.terraform-provider-linode_v1.25.1: 2022/01/07 20:00:40 [DEBUG] Linode API Request Details:
---[ REQUEST ]---------------------------------------
POST /v4/linode/instances HTTP/1.1
Host: api.linode.com
User-Agent: HashiCorp Terraform/1.1.2 (+https://www.terraform.io) Terraform Plugin SDK/2.10.1 terraform-provider-linode/dev
Content-Length: 72
Accept: application/json
Content-Type: application/json
Accept-Encoding: gzip

{
 "region": "us-west",
 "type": "g6-nanode-1",
 "label": "nixos",
 "booted": false
}
-----------------------------------------------------: timestamp=2022-01-07T20:00:40.148-0800
2022-01-07T20:00:44.285-0800 [INFO]  provider.terraform-provider-linode_v1.25.1: 2022/01/07 20:00:44 [DEBUG] Linode API Response Details:
---[ RESPONSE ]--------------------------------------
HTTP/2.0 200 OK
Content-Length: 608
Access-Control-Allow-Credentials: true
Access-Control-Allow-Headers: Authorization, Origin, X-Requested-With, Content-Type, Accept, X-Filter
Access-Control-Allow-Methods: HEAD, GET, OPTIONS, POST, PUT, DELETE
Access-Control-Allow-Origin: *
Access-Control-Expose-Headers: X-OAuth-Scopes, X-Accepted-OAuth-Scopes, X-Status
Cache-Control: private, max-age=60, s-maxage=60
Content-Security-Policy: default-src 'none'
Content-Type: application/json
Date: Sat, 08 Jan 2022 04:00:41 GMT
Server: nginx
Strict-Transport-Security: max-age=31536000
Vary: Authorization, X-Filter
X-Accepted-Oauth-Scopes: linodes:read_write
X-Content-Type-Options: nosniff
X-Customer-Uuid: CD1C0659-20FE-11EA-B88C0CC47AEB2714
X-Frame-Options: DENY
X-Frame-Options: DENY
X-Oauth-Scopes: *
X-Spec-Version: 4.112.2
X-Xss-Protection: 1; mode=block

{
 "id": 33584285,
 "label": "nixos",
 "group": "",
 "status": "provisioning",
 "created": "2022-01-08T04:00:40",
 "updated": "2022-01-08T04:00:40",
 "type": "g6-nanode-1",
 "ipv4": [
  "23.239.5.226"
 ],
 "ipv6": "2600:3c01::f03c:92ff:fe96:e058/128",
 "image": null,
 "region": "us-west",
 "specs": {
  "disk": 25600,
  "memory": 1024,
  "vcpus": 1,
  "gpus": 0,
  "transfer": 1000
 },
 "alerts": {
  "cpu": 90,
  "network_in": 10,
  "network_out": 10,
  "transfer_quota": 80,
  "io": 10000
 },
 "backups": {
  "enabled": false,
  "schedule": {
   "day": null,
   "window": null
  },
  "last_successful": null
 },
 "hypervisor": "kvm",
 "watchdog_enabled": true,
 "tags": []
}
-----------------------------------------------------: timestamp=2022-01-07T20:00:44.281-0800
2022-01-07T20:00:44.286-0800 [INFO]  provider.terraform-provider-linode_v1.25.1: 2022/01/07 20:00:44 [INFO] Waiting 594 seconds for linode_create events since 2022-01-08 04:00:40 +0000 UTC for Linode 33584285: timestamp=2022-01-07T20:00:44.285-0800
2022-01-07T20:00:44.588-0800 [INFO]  provider.terraform-provider-linode_v1.25.1: 2022/01/07 20:00:44 [DEBUG] Linode API Request Details:
---[ REQUEST ]---------------------------------------
GET /v4/account/events?page=1 HTTP/1.1
Host: api.linode.com
User-Agent: HashiCorp Terraform/1.1.2 (+https://www.terraform.io) Terraform Plugin SDK/2.10.1 terraform-provider-linode/dev
Accept: application/json
Content-Type: application/json
X-Filter: {"+order":"desc","+order_by":"created","action":"linode_create","created":{"+gte":"2022-01-08T04:00:40"},"entity.id":33584285,"entity.type":"linode"}
Accept-Encoding: gzip


-----------------------------------------------------: timestamp=2022-01-07T20:00:44.587-0800
2022-01-07T20:00:44.759-0800 [INFO]  provider.terraform-provider-linode_v1.25.1: 2022/01/07 20:00:44 [DEBUG] Linode API Response Details:
---[ RESPONSE ]--------------------------------------
HTTP/2.0 200 OK
Content-Length: 428
Access-Control-Allow-Credentials: true
Access-Control-Allow-Headers: Authorization, Origin, X-Requested-With, Content-Type, Accept, X-Filter
Access-Control-Allow-Methods: HEAD, GET, OPTIONS, POST, PUT, DELETE
Access-Control-Allow-Origin: *
Access-Control-Expose-Headers: X-OAuth-Scopes, X-Accepted-OAuth-Scopes, X-Status
Cache-Control: private, max-age=0, s-maxage=0, no-cache, no-store
Cache-Control: private, max-age=60, s-maxage=60
Content-Security-Policy: default-src 'none'
Content-Type: application/json
Date: Sat, 08 Jan 2022 04:00:41 GMT
Server: nginx
Strict-Transport-Security: max-age=31536000
Vary: Authorization, X-Filter
Vary: Authorization, X-Filter
X-Accepted-Oauth-Scopes: events:read_only
X-Content-Type-Options: nosniff
X-Customer-Uuid: CD1C0659-20FE-11EA-B88C0CC47AEB2714
X-Frame-Options: DENY
X-Frame-Options: DENY
X-Oauth-Scopes: *
X-Spec-Version: 4.112.2
X-Xss-Protection: 1; mode=block

{
 "data": [
  {
   "id": 252970985,
   "created": "2022-01-08T04:00:40",
   "seen": false,
   "read": false,
   "percent_complete": 0,
   "time_remaining": null,
   "rate": null,
   "duration": null,
   "action": "linode_create",
   "username": "kejadlen",
   "entity": {
    "label": "nixos",
    "id": 33584285,
    "type": "linode",
    "url": "/v4/linode/instances/33584285"
   },
   "status": "scheduled",
   "secondary_entity": null,
   "message": ""
  }
 ],
 "page": 1,
 "pages": 1,
 "results": 1
}
-----------------------------------------------------: timestamp=2022-01-07T20:00:44.759-0800
2022-01-07T20:00:44.760-0800 [INFO]  provider.terraform-provider-linode_v1.25.1: 2022/01/07 20:00:44 [INFO] Linode 33584285 action linode_create is scheduled: timestamp=2022-01-07T20:00:44.760-0800
2022-01-07T20:00:44.887-0800 [INFO]  provider.terraform-provider-linode_v1.25.1: 2022/01/07 20:00:44 [DEBUG] Linode API Request Details:
---[ REQUEST ]---------------------------------------
GET /v4/account/events?page=1 HTTP/1.1
Host: api.linode.com
User-Agent: HashiCorp Terraform/1.1.2 (+https://www.terraform.io) Terraform Plugin SDK/2.10.1 terraform-provider-linode/dev
Accept: application/json
Content-Type: application/json
X-Filter: {"+order":"desc","+order_by":"created","action":"linode_create","created":{"+gte":"2022-01-08T04:00:40"},"entity.id":33584285,"entity.type":"linode","id":{"+gte":252970985}}
Accept-Encoding: gzip


-----------------------------------------------------: timestamp=2022-01-07T20:00:44.887-0800
2022-01-07T20:00:45.009-0800 [INFO]  provider.terraform-provider-linode_v1.25.1: 2022/01/07 20:00:45 [DEBUG] Linode API Response Details:
---[ RESPONSE ]--------------------------------------
HTTP/2.0 200 OK
Content-Length: 428
Access-Control-Allow-Credentials: true
Access-Control-Allow-Headers: Authorization, Origin, X-Requested-With, Content-Type, Accept, X-Filter
Access-Control-Allow-Methods: HEAD, GET, OPTIONS, POST, PUT, DELETE
Access-Control-Allow-Origin: *
Access-Control-Expose-Headers: X-OAuth-Scopes, X-Accepted-OAuth-Scopes, X-Status
Cache-Control: private, max-age=0, s-maxage=0, no-cache, no-store
Cache-Control: private, max-age=60, s-maxage=60
Content-Security-Policy: default-src 'none'
Content-Type: application/json
Date: Sat, 08 Jan 2022 04:00:42 GMT
Server: nginx
Strict-Transport-Security: max-age=31536000
Vary: Authorization, X-Filter
Vary: Authorization, X-Filter
X-Accepted-Oauth-Scopes: events:read_only
X-Content-Type-Options: nosniff
X-Customer-Uuid: CD1C0659-20FE-11EA-B88C0CC47AEB2714
X-Frame-Options: DENY
X-Frame-Options: DENY
X-Oauth-Scopes: *
X-Spec-Version: 4.112.2
X-Xss-Protection: 1; mode=block

{
 "data": [
  {
   "id": 252970985,
   "created": "2022-01-08T04:00:40",
   "seen": false,
   "read": false,
   "percent_complete": 0,
   "time_remaining": null,
   "rate": null,
   "duration": null,
   "action": "linode_create",
   "username": "kejadlen",
   "entity": {
    "label": "nixos",
    "id": 33584285,
    "type": "linode",
    "url": "/v4/linode/instances/33584285"
   },
   "status": "scheduled",
   "secondary_entity": null,
   "message": ""
  }
 ],
 "page": 1,
 "pages": 1,
 "results": 1
}
-----------------------------------------------------: timestamp=2022-01-07T20:00:45.009-0800
2022-01-07T20:00:45.187-0800 [INFO]  provider.terraform-provider-linode_v1.25.1: 2022/01/07 20:00:45 [DEBUG] Linode API Request Details:
---[ REQUEST ]---------------------------------------
GET /v4/account/events?page=1 HTTP/1.1
Host: api.linode.com
User-Agent: HashiCorp Terraform/1.1.2 (+https://www.terraform.io) Terraform Plugin SDK/2.10.1 terraform-provider-linode/dev
Accept: application/json
Content-Type: application/json
X-Filter: {"+order":"desc","+order_by":"created","action":"linode_create","created":{"+gte":"2022-01-08T04:00:40"},"entity.id":33584285,"entity.type":"linode","id":{"+gte":252970985}}
Accept-Encoding: gzip


-----------------------------------------------------: timestamp=2022-01-07T20:00:45.187-0800
2022-01-07T20:00:45.314-0800 [INFO]  provider.terraform-provider-linode_v1.25.1: 2022/01/07 20:00:45 [DEBUG] Linode API Response Details:
---[ RESPONSE ]--------------------------------------
HTTP/2.0 200 OK
Content-Length: 428
Access-Control-Allow-Credentials: true
Access-Control-Allow-Headers: Authorization, Origin, X-Requested-With, Content-Type, Accept, X-Filter
Access-Control-Allow-Methods: HEAD, GET, OPTIONS, POST, PUT, DELETE
Access-Control-Allow-Origin: *
Access-Control-Expose-Headers: X-OAuth-Scopes, X-Accepted-OAuth-Scopes, X-Status
Cache-Control: private, max-age=0, s-maxage=0, no-cache, no-store
Cache-Control: private, max-age=60, s-maxage=60
Content-Security-Policy: default-src 'none'
Content-Type: application/json
Date: Sat, 08 Jan 2022 04:00:42 GMT
Server: nginx
Strict-Transport-Security: max-age=31536000
Vary: Authorization, X-Filter
Vary: Authorization, X-Filter
X-Accepted-Oauth-Scopes: events:read_only
X-Content-Type-Options: nosniff
X-Customer-Uuid: CD1C0659-20FE-11EA-B88C0CC47AEB2714
X-Frame-Options: DENY
X-Frame-Options: DENY
X-Oauth-Scopes: *
X-Spec-Version: 4.112.2
X-Xss-Protection: 1; mode=block

{
 "data": [
  {
   "id": 252970985,
   "created": "2022-01-08T04:00:40",
   "seen": false,
   "read": false,
   "percent_complete": 0,
   "time_remaining": null,
   "rate": null,
   "duration": null,
   "action": "linode_create",
   "username": "kejadlen",
   "entity": {
    "label": "nixos",
    "id": 33584285,
    "type": "linode",
    "url": "/v4/linode/instances/33584285"
   },
   "status": "scheduled",
   "secondary_entity": null,
   "message": ""
  }
 ],
 "page": 1,
 "pages": 1,
 "results": 1
}
-----------------------------------------------------: timestamp=2022-01-07T20:00:45.314-0800
2022-01-07T20:00:45.487-0800 [INFO]  provider.terraform-provider-linode_v1.25.1: 2022/01/07 20:00:45 [DEBUG] Linode API Request Details:
---[ REQUEST ]---------------------------------------
GET /v4/account/events?page=1 HTTP/1.1
Host: api.linode.com
User-Agent: HashiCorp Terraform/1.1.2 (+https://www.terraform.io) Terraform Plugin SDK/2.10.1 terraform-provider-linode/dev
Accept: application/json
Content-Type: application/json
X-Filter: {"+order":"desc","+order_by":"created","action":"linode_create","created":{"+gte":"2022-01-08T04:00:40"},"entity.id":33584285,"entity.type":"linode","id":{"+gte":252970985}}
Accept-Encoding: gzip


-----------------------------------------------------: timestamp=2022-01-07T20:00:45.487-0800
2022-01-07T20:00:45.614-0800 [INFO]  provider.terraform-provider-linode_v1.25.1: 2022/01/07 20:00:45 [DEBUG] Linode API Response Details:
---[ RESPONSE ]--------------------------------------
HTTP/2.0 200 OK
Content-Length: 428
Access-Control-Allow-Credentials: true
Access-Control-Allow-Headers: Authorization, Origin, X-Requested-With, Content-Type, Accept, X-Filter
Access-Control-Allow-Methods: HEAD, GET, OPTIONS, POST, PUT, DELETE
Access-Control-Allow-Origin: *
Access-Control-Expose-Headers: X-OAuth-Scopes, X-Accepted-OAuth-Scopes, X-Status
Cache-Control: private, max-age=0, s-maxage=0, no-cache, no-store
Cache-Control: private, max-age=60, s-maxage=60
Content-Security-Policy: default-src 'none'
Content-Type: application/json
Date: Sat, 08 Jan 2022 04:00:42 GMT
Server: nginx
Strict-Transport-Security: max-age=31536000
Vary: Authorization, X-Filter
Vary: Authorization, X-Filter
X-Accepted-Oauth-Scopes: events:read_only
X-Content-Type-Options: nosniff
X-Customer-Uuid: CD1C0659-20FE-11EA-B88C0CC47AEB2714
X-Frame-Options: DENY
X-Frame-Options: DENY
X-Oauth-Scopes: *
X-Spec-Version: 4.112.2
X-Xss-Protection: 1; mode=block

{
 "data": [
  {
   "id": 252970985,
   "created": "2022-01-08T04:00:40",
   "seen": false,
   "read": false,
   "percent_complete": 0,
   "time_remaining": null,
   "rate": null,
   "duration": null,
   "action": "linode_create",
   "username": "kejadlen",
   "entity": {
    "label": "nixos",
    "id": 33584285,
    "type": "linode",
    "url": "/v4/linode/instances/33584285"
   },
   "status": "scheduled",
   "secondary_entity": null,
   "message": ""
  }
 ],
 "page": 1,
 "pages": 1,
 "results": 1
}
-----------------------------------------------------: timestamp=2022-01-07T20:00:45.613-0800
2022-01-07T20:00:45.787-0800 [INFO]  provider.terraform-provider-linode_v1.25.1: 2022/01/07 20:00:45 [DEBUG] Linode API Request Details:
---[ REQUEST ]---------------------------------------
GET /v4/account/events?page=1 HTTP/1.1
Host: api.linode.com
User-Agent: HashiCorp Terraform/1.1.2 (+https://www.terraform.io) Terraform Plugin SDK/2.10.1 terraform-provider-linode/dev
Accept: application/json
Content-Type: application/json
X-Filter: {"+order":"desc","+order_by":"created","action":"linode_create","created":{"+gte":"2022-01-08T04:00:40"},"entity.id":33584285,"entity.type":"linode","id":{"+gte":252970985}}
Accept-Encoding: gzip


-----------------------------------------------------: timestamp=2022-01-07T20:00:45.787-0800
2022-01-07T20:00:45.937-0800 [INFO]  provider.terraform-provider-linode_v1.25.1: 2022/01/07 20:00:45 [DEBUG] Linode API Response Details:
---[ RESPONSE ]--------------------------------------
HTTP/2.0 200 OK
Content-Length: 428
Access-Control-Allow-Credentials: true
Access-Control-Allow-Headers: Authorization, Origin, X-Requested-With, Content-Type, Accept, X-Filter
Access-Control-Allow-Methods: HEAD, GET, OPTIONS, POST, PUT, DELETE
Access-Control-Allow-Origin: *
Access-Control-Expose-Headers: X-OAuth-Scopes, X-Accepted-OAuth-Scopes, X-Status
Cache-Control: private, max-age=0, s-maxage=0, no-cache, no-store
Cache-Control: private, max-age=60, s-maxage=60
Content-Security-Policy: default-src 'none'
Content-Type: application/json
Date: Sat, 08 Jan 2022 04:00:43 GMT
Server: nginx
Strict-Transport-Security: max-age=31536000
Vary: Authorization, X-Filter
Vary: Authorization, X-Filter
X-Accepted-Oauth-Scopes: events:read_only
X-Content-Type-Options: nosniff
X-Customer-Uuid: CD1C0659-20FE-11EA-B88C0CC47AEB2714
X-Frame-Options: DENY
X-Frame-Options: DENY
X-Oauth-Scopes: *
X-Spec-Version: 4.112.2
X-Xss-Protection: 1; mode=block

{
 "data": [
  {
   "id": 252970985,
   "created": "2022-01-08T04:00:40",
   "seen": false,
   "read": false,
   "percent_complete": 0,
   "time_remaining": null,
   "rate": null,
   "duration": null,
   "action": "linode_create",
   "username": "kejadlen",
   "entity": {
    "label": "nixos",
    "id": 33584285,
    "type": "linode",
    "url": "/v4/linode/instances/33584285"
   },
   "status": "scheduled",
   "secondary_entity": null,
   "message": ""
  }
 ],
 "page": 1,
 "pages": 1,
 "results": 1
}
-----------------------------------------------------: timestamp=2022-01-07T20:00:45.936-0800
2022-01-07T20:00:46.087-0800 [INFO]  provider.terraform-provider-linode_v1.25.1: 2022/01/07 20:00:46 [DEBUG] Linode API Request Details:
---[ REQUEST ]---------------------------------------
GET /v4/account/events?page=1 HTTP/1.1
Host: api.linode.com
User-Agent: HashiCorp Terraform/1.1.2 (+https://www.terraform.io) Terraform Plugin SDK/2.10.1 terraform-provider-linode/dev
Accept: application/json
Content-Type: application/json
X-Filter: {"+order":"desc","+order_by":"created","action":"linode_create","created":{"+gte":"2022-01-08T04:00:40"},"entity.id":33584285,"entity.type":"linode","id":{"+gte":252970985}}
Accept-Encoding: gzip


-----------------------------------------------------: timestamp=2022-01-07T20:00:46.087-0800
2022-01-07T20:00:46.208-0800 [INFO]  provider.terraform-provider-linode_v1.25.1: 2022/01/07 20:00:46 [DEBUG] Linode API Response Details:
---[ RESPONSE ]--------------------------------------
HTTP/2.0 200 OK
Content-Length: 428
Access-Control-Allow-Credentials: true
Access-Control-Allow-Headers: Authorization, Origin, X-Requested-With, Content-Type, Accept, X-Filter
Access-Control-Allow-Methods: HEAD, GET, OPTIONS, POST, PUT, DELETE
Access-Control-Allow-Origin: *
Access-Control-Expose-Headers: X-OAuth-Scopes, X-Accepted-OAuth-Scopes, X-Status
Cache-Control: private, max-age=0, s-maxage=0, no-cache, no-store
Cache-Control: private, max-age=60, s-maxage=60
Content-Security-Policy: default-src 'none'
Content-Type: application/json
Date: Sat, 08 Jan 2022 04:00:43 GMT
Server: nginx
Strict-Transport-Security: max-age=31536000
Vary: Authorization, X-Filter
Vary: Authorization, X-Filter
X-Accepted-Oauth-Scopes: events:read_only
X-Content-Type-Options: nosniff
X-Customer-Uuid: CD1C0659-20FE-11EA-B88C0CC47AEB2714
X-Frame-Options: DENY
X-Frame-Options: DENY
X-Oauth-Scopes: *
X-Spec-Version: 4.112.2
X-Xss-Protection: 1; mode=block

{
 "data": [
  {
   "id": 252970985,
   "created": "2022-01-08T04:00:40",
   "seen": false,
   "read": false,
   "percent_complete": 0,
   "time_remaining": null,
   "rate": null,
   "duration": null,
   "action": "linode_create",
   "username": "kejadlen",
   "entity": {
    "label": "nixos",
    "id": 33584285,
    "type": "linode",
    "url": "/v4/linode/instances/33584285"
   },
   "status": "scheduled",
   "secondary_entity": null,
   "message": ""
  }
 ],
 "page": 1,
 "pages": 1,
 "results": 1
}
-----------------------------------------------------: timestamp=2022-01-07T20:00:46.208-0800
2022-01-07T20:00:46.388-0800 [INFO]  provider.terraform-provider-linode_v1.25.1: 2022/01/07 20:00:46 [DEBUG] Linode API Request Details:
---[ REQUEST ]---------------------------------------
GET /v4/account/events?page=1 HTTP/1.1
Host: api.linode.com
User-Agent: HashiCorp Terraform/1.1.2 (+https://www.terraform.io) Terraform Plugin SDK/2.10.1 terraform-provider-linode/dev
Accept: application/json
Content-Type: application/json
X-Filter: {"+order":"desc","+order_by":"created","action":"linode_create","created":{"+gte":"2022-01-08T04:00:40"},"entity.id":33584285,"entity.type":"linode","id":{"+gte":252970985}}
Accept-Encoding: gzip


-----------------------------------------------------: timestamp=2022-01-07T20:00:46.388-0800
2022-01-07T20:00:46.528-0800 [INFO]  provider.terraform-provider-linode_v1.25.1: 2022/01/07 20:00:46 [DEBUG] Linode API Response Details:
---[ RESPONSE ]--------------------------------------
HTTP/2.0 200 OK
Content-Length: 428
Access-Control-Allow-Credentials: true
Access-Control-Allow-Headers: Authorization, Origin, X-Requested-With, Content-Type, Accept, X-Filter
Access-Control-Allow-Methods: HEAD, GET, OPTIONS, POST, PUT, DELETE
Access-Control-Allow-Origin: *
Access-Control-Expose-Headers: X-OAuth-Scopes, X-Accepted-OAuth-Scopes, X-Status
Cache-Control: private, max-age=0, s-maxage=0, no-cache, no-store
Cache-Control: private, max-age=60, s-maxage=60
Content-Security-Policy: default-src 'none'
Content-Type: application/json
Date: Sat, 08 Jan 2022 04:00:43 GMT
Server: nginx
Strict-Transport-Security: max-age=31536000
Vary: Authorization, X-Filter
Vary: Authorization, X-Filter
X-Accepted-Oauth-Scopes: events:read_only
X-Content-Type-Options: nosniff
X-Customer-Uuid: CD1C0659-20FE-11EA-B88C0CC47AEB2714
X-Frame-Options: DENY
X-Frame-Options: DENY
X-Oauth-Scopes: *
X-Spec-Version: 4.112.2
X-Xss-Protection: 1; mode=block

{
 "data": [
  {
   "id": 252970985,
   "created": "2022-01-08T04:00:40",
   "seen": false,
   "read": false,
   "percent_complete": 0,
   "time_remaining": null,
   "rate": null,
   "duration": null,
   "action": "linode_create",
   "username": "kejadlen",
   "entity": {
    "label": "nixos",
    "id": 33584285,
    "type": "linode",
    "url": "/v4/linode/instances/33584285"
   },
   "status": "scheduled",
   "secondary_entity": null,
   "message": ""
  }
 ],
 "page": 1,
 "pages": 1,
 "results": 1
}
-----------------------------------------------------: timestamp=2022-01-07T20:00:46.528-0800
2022-01-07T20:00:46.687-0800 [INFO]  provider.terraform-provider-linode_v1.25.1: 2022/01/07 20:00:46 [DEBUG] Linode API Request Details:
---[ REQUEST ]---------------------------------------
GET /v4/account/events?page=1 HTTP/1.1
Host: api.linode.com
User-Agent: HashiCorp Terraform/1.1.2 (+https://www.terraform.io) Terraform Plugin SDK/2.10.1 terraform-provider-linode/dev
Accept: application/json
Content-Type: application/json
X-Filter: {"+order":"desc","+order_by":"created","action":"linode_create","created":{"+gte":"2022-01-08T04:00:40"},"entity.id":33584285,"entity.type":"linode","id":{"+gte":252970985}}
Accept-Encoding: gzip


-----------------------------------------------------: timestamp=2022-01-07T20:00:46.687-0800
2022-01-07T20:00:46.807-0800 [INFO]  provider.terraform-provider-linode_v1.25.1: 2022/01/07 20:00:46 [DEBUG] Linode API Response Details:
---[ RESPONSE ]--------------------------------------
HTTP/2.0 200 OK
Content-Length: 428
Access-Control-Allow-Credentials: true
Access-Control-Allow-Headers: Authorization, Origin, X-Requested-With, Content-Type, Accept, X-Filter
Access-Control-Allow-Methods: HEAD, GET, OPTIONS, POST, PUT, DELETE
Access-Control-Allow-Origin: *
Access-Control-Expose-Headers: X-OAuth-Scopes, X-Accepted-OAuth-Scopes, X-Status
Cache-Control: private, max-age=0, s-maxage=0, no-cache, no-store
Cache-Control: private, max-age=60, s-maxage=60
Content-Security-Policy: default-src 'none'
Content-Type: application/json
Date: Sat, 08 Jan 2022 04:00:43 GMT
Server: nginx
Strict-Transport-Security: max-age=31536000
Vary: Authorization, X-Filter
Vary: Authorization, X-Filter
X-Accepted-Oauth-Scopes: events:read_only
X-Content-Type-Options: nosniff
X-Customer-Uuid: CD1C0659-20FE-11EA-B88C0CC47AEB2714
X-Frame-Options: DENY
X-Frame-Options: DENY
X-Oauth-Scopes: *
X-Spec-Version: 4.112.2
X-Xss-Protection: 1; mode=block

{
 "data": [
  {
   "id": 252970985,
   "created": "2022-01-08T04:00:40",
   "seen": false,
   "read": false,
   "percent_complete": 0,
   "time_remaining": null,
   "rate": null,
   "duration": null,
   "action": "linode_create",
   "username": "kejadlen",
   "entity": {
    "label": "nixos",
    "id": 33584285,
    "type": "linode",
    "url": "/v4/linode/instances/33584285"
   },
   "status": "scheduled",
   "secondary_entity": null,
   "message": ""
  }
 ],
 "page": 1,
 "pages": 1,
 "results": 1
}
-----------------------------------------------------: timestamp=2022-01-07T20:00:46.807-0800
2022-01-07T20:00:46.987-0800 [INFO]  provider.terraform-provider-linode_v1.25.1: 2022/01/07 20:00:46 [DEBUG] Linode API Request Details:
---[ REQUEST ]---------------------------------------
GET /v4/account/events?page=1 HTTP/1.1
Host: api.linode.com
User-Agent: HashiCorp Terraform/1.1.2 (+https://www.terraform.io) Terraform Plugin SDK/2.10.1 terraform-provider-linode/dev
Accept: application/json
Content-Type: application/json
X-Filter: {"+order":"desc","+order_by":"created","action":"linode_create","created":{"+gte":"2022-01-08T04:00:40"},"entity.id":33584285,"entity.type":"linode","id":{"+gte":252970985}}
Accept-Encoding: gzip


-----------------------------------------------------: timestamp=2022-01-07T20:00:46.987-0800
2022-01-07T20:00:47.106-0800 [INFO]  provider.terraform-provider-linode_v1.25.1: 2022/01/07 20:00:47 [DEBUG] Linode API Response Details:
---[ RESPONSE ]--------------------------------------
HTTP/2.0 200 OK
Content-Length: 428
Access-Control-Allow-Credentials: true
Access-Control-Allow-Headers: Authorization, Origin, X-Requested-With, Content-Type, Accept, X-Filter
Access-Control-Allow-Methods: HEAD, GET, OPTIONS, POST, PUT, DELETE
Access-Control-Allow-Origin: *
Access-Control-Expose-Headers: X-OAuth-Scopes, X-Accepted-OAuth-Scopes, X-Status
Cache-Control: private, max-age=0, s-maxage=0, no-cache, no-store
Cache-Control: private, max-age=60, s-maxage=60
Content-Security-Policy: default-src 'none'
Content-Type: application/json
Date: Sat, 08 Jan 2022 04:00:44 GMT
Server: nginx
Strict-Transport-Security: max-age=31536000
Vary: Authorization, X-Filter
Vary: Authorization, X-Filter
X-Accepted-Oauth-Scopes: events:read_only
X-Content-Type-Options: nosniff
X-Customer-Uuid: CD1C0659-20FE-11EA-B88C0CC47AEB2714
X-Frame-Options: DENY
X-Frame-Options: DENY
X-Oauth-Scopes: *
X-Spec-Version: 4.112.2
X-Xss-Protection: 1; mode=block

{
 "data": [
  {
   "id": 252970985,
   "created": "2022-01-08T04:00:40",
   "seen": false,
   "read": false,
   "percent_complete": 0,
   "time_remaining": null,
   "rate": null,
   "duration": null,
   "action": "linode_create",
   "username": "kejadlen",
   "entity": {
    "label": "nixos",
    "id": 33584285,
    "type": "linode",
    "url": "/v4/linode/instances/33584285"
   },
   "status": "scheduled",
   "secondary_entity": null,
   "message": ""
  }
 ],
 "page": 1,
 "pages": 1,
 "results": 1
}
-----------------------------------------------------: timestamp=2022-01-07T20:00:47.106-0800
2022-01-07T20:00:47.287-0800 [INFO]  provider.terraform-provider-linode_v1.25.1: 2022/01/07 20:00:47 [DEBUG] Linode API Request Details:
---[ REQUEST ]---------------------------------------
GET /v4/account/events?page=1 HTTP/1.1
Host: api.linode.com
User-Agent: HashiCorp Terraform/1.1.2 (+https://www.terraform.io) Terraform Plugin SDK/2.10.1 terraform-provider-linode/dev
Accept: application/json
Content-Type: application/json
X-Filter: {"+order":"desc","+order_by":"created","action":"linode_create","created":{"+gte":"2022-01-08T04:00:40"},"entity.id":33584285,"entity.type":"linode","id":{"+gte":252970985}}
Accept-Encoding: gzip


-----------------------------------------------------: timestamp=2022-01-07T20:00:47.287-0800
2022-01-07T20:00:47.422-0800 [INFO]  provider.terraform-provider-linode_v1.25.1: 2022/01/07 20:00:47 [DEBUG] Linode API Response Details:
---[ RESPONSE ]--------------------------------------
HTTP/2.0 200 OK
Content-Length: 428
Access-Control-Allow-Credentials: true
Access-Control-Allow-Headers: Authorization, Origin, X-Requested-With, Content-Type, Accept, X-Filter
Access-Control-Allow-Methods: HEAD, GET, OPTIONS, POST, PUT, DELETE
Access-Control-Allow-Origin: *
Access-Control-Expose-Headers: X-OAuth-Scopes, X-Accepted-OAuth-Scopes, X-Status
Cache-Control: private, max-age=0, s-maxage=0, no-cache, no-store
Cache-Control: private, max-age=60, s-maxage=60
Content-Security-Policy: default-src 'none'
Content-Type: application/json
Date: Sat, 08 Jan 2022 04:00:44 GMT
Server: nginx
Strict-Transport-Security: max-age=31536000
Vary: Authorization, X-Filter
Vary: Authorization, X-Filter
X-Accepted-Oauth-Scopes: events:read_only
X-Content-Type-Options: nosniff
X-Customer-Uuid: CD1C0659-20FE-11EA-B88C0CC47AEB2714
X-Frame-Options: DENY
X-Frame-Options: DENY
X-Oauth-Scopes: *
X-Spec-Version: 4.112.2
X-Xss-Protection: 1; mode=block

{
 "data": [
  {
   "id": 252970985,
   "created": "2022-01-08T04:00:40",
   "seen": false,
   "read": false,
   "percent_complete": 0,
   "time_remaining": null,
   "rate": null,
   "duration": null,
   "action": "linode_create",
   "username": "kejadlen",
   "entity": {
    "label": "nixos",
    "id": 33584285,
    "type": "linode",
    "url": "/v4/linode/instances/33584285"
   },
   "status": "scheduled",
   "secondary_entity": null,
   "message": ""
  }
 ],
 "page": 1,
 "pages": 1,
 "results": 1
}
-----------------------------------------------------: timestamp=2022-01-07T20:00:47.421-0800
2022-01-07T20:00:47.586-0800 [INFO]  provider.terraform-provider-linode_v1.25.1: 2022/01/07 20:00:47 [DEBUG] Linode API Request Details:
---[ REQUEST ]---------------------------------------
GET /v4/account/events?page=1 HTTP/1.1
Host: api.linode.com
User-Agent: HashiCorp Terraform/1.1.2 (+https://www.terraform.io) Terraform Plugin SDK/2.10.1 terraform-provider-linode/dev
Accept: application/json
Content-Type: application/json
X-Filter: {"+order":"desc","+order_by":"created","action":"linode_create","created":{"+gte":"2022-01-08T04:00:40"},"entity.id":33584285,"entity.type":"linode","id":{"+gte":252970985}}
Accept-Encoding: gzip


-----------------------------------------------------: timestamp=2022-01-07T20:00:47.586-0800
2022-01-07T20:00:47.705-0800 [INFO]  provider.terraform-provider-linode_v1.25.1: 2022/01/07 20:00:47 [DEBUG] Linode API Response Details:
---[ RESPONSE ]--------------------------------------
HTTP/2.0 200 OK
Content-Length: 428
Access-Control-Allow-Credentials: true
Access-Control-Allow-Headers: Authorization, Origin, X-Requested-With, Content-Type, Accept, X-Filter
Access-Control-Allow-Methods: HEAD, GET, OPTIONS, POST, PUT, DELETE
Access-Control-Allow-Origin: *
Access-Control-Expose-Headers: X-OAuth-Scopes, X-Accepted-OAuth-Scopes, X-Status
Cache-Control: private, max-age=0, s-maxage=0, no-cache, no-store
Cache-Control: private, max-age=60, s-maxage=60
Content-Security-Policy: default-src 'none'
Content-Type: application/json
Date: Sat, 08 Jan 2022 04:00:44 GMT
Server: nginx
Strict-Transport-Security: max-age=31536000
Vary: Authorization, X-Filter
Vary: Authorization, X-Filter
X-Accepted-Oauth-Scopes: events:read_only
X-Content-Type-Options: nosniff
X-Customer-Uuid: CD1C0659-20FE-11EA-B88C0CC47AEB2714
X-Frame-Options: DENY
X-Frame-Options: DENY
X-Oauth-Scopes: *
X-Spec-Version: 4.112.2
X-Xss-Protection: 1; mode=block

{
 "data": [
  {
   "id": 252970985,
   "created": "2022-01-08T04:00:40",
   "seen": false,
   "read": false,
   "percent_complete": 0,
   "time_remaining": null,
   "rate": null,
   "duration": null,
   "action": "linode_create",
   "username": "kejadlen",
   "entity": {
    "label": "nixos",
    "id": 33584285,
    "type": "linode",
    "url": "/v4/linode/instances/33584285"
   },
   "status": "scheduled",
   "secondary_entity": null,
   "message": ""
  }
 ],
 "page": 1,
 "pages": 1,
 "results": 1
}
-----------------------------------------------------: timestamp=2022-01-07T20:00:47.705-0800
2022-01-07T20:00:47.887-0800 [INFO]  provider.terraform-provider-linode_v1.25.1: 2022/01/07 20:00:47 [DEBUG] Linode API Request Details:
---[ REQUEST ]---------------------------------------
GET /v4/account/events?page=1 HTTP/1.1
Host: api.linode.com
User-Agent: HashiCorp Terraform/1.1.2 (+https://www.terraform.io) Terraform Plugin SDK/2.10.1 terraform-provider-linode/dev
Accept: application/json
Content-Type: application/json
X-Filter: {"+order":"desc","+order_by":"created","action":"linode_create","created":{"+gte":"2022-01-08T04:00:40"},"entity.id":33584285,"entity.type":"linode","id":{"+gte":252970985}}
Accept-Encoding: gzip


-----------------------------------------------------: timestamp=2022-01-07T20:00:47.887-0800
2022-01-07T20:00:48.028-0800 [INFO]  provider.terraform-provider-linode_v1.25.1: 2022/01/07 20:00:48 [DEBUG] Linode API Response Details:
---[ RESPONSE ]--------------------------------------
HTTP/2.0 200 OK
Content-Length: 428
Access-Control-Allow-Credentials: true
Access-Control-Allow-Headers: Authorization, Origin, X-Requested-With, Content-Type, Accept, X-Filter
Access-Control-Allow-Methods: HEAD, GET, OPTIONS, POST, PUT, DELETE
Access-Control-Allow-Origin: *
Access-Control-Expose-Headers: X-OAuth-Scopes, X-Accepted-OAuth-Scopes, X-Status
Cache-Control: private, max-age=0, s-maxage=0, no-cache, no-store
Cache-Control: private, max-age=60, s-maxage=60
Content-Security-Policy: default-src 'none'
Content-Type: application/json
Date: Sat, 08 Jan 2022 04:00:45 GMT
Server: nginx
Strict-Transport-Security: max-age=31536000
Vary: Authorization, X-Filter
Vary: Authorization, X-Filter
X-Accepted-Oauth-Scopes: events:read_only
X-Content-Type-Options: nosniff
X-Customer-Uuid: CD1C0659-20FE-11EA-B88C0CC47AEB2714
X-Frame-Options: DENY
X-Frame-Options: DENY
X-Oauth-Scopes: *
X-Spec-Version: 4.112.2
X-Xss-Protection: 1; mode=block

{
 "data": [
  {
   "id": 252970985,
   "created": "2022-01-08T04:00:40",
   "seen": false,
   "read": false,
   "percent_complete": 0,
   "time_remaining": null,
   "rate": null,
   "duration": null,
   "action": "linode_create",
   "username": "kejadlen",
   "entity": {
    "label": "nixos",
    "id": 33584285,
    "type": "linode",
    "url": "/v4/linode/instances/33584285"
   },
   "status": "scheduled",
   "secondary_entity": null,
   "message": ""
  }
 ],
 "page": 1,
 "pages": 1,
 "results": 1
}
-----------------------------------------------------: timestamp=2022-01-07T20:00:48.027-0800
2022-01-07T20:00:48.188-0800 [INFO]  provider.terraform-provider-linode_v1.25.1: 2022/01/07 20:00:48 [DEBUG] Linode API Request Details:
---[ REQUEST ]---------------------------------------
GET /v4/account/events?page=1 HTTP/1.1
Host: api.linode.com
User-Agent: HashiCorp Terraform/1.1.2 (+https://www.terraform.io) Terraform Plugin SDK/2.10.1 terraform-provider-linode/dev
Accept: application/json
Content-Type: application/json
X-Filter: {"+order":"desc","+order_by":"created","action":"linode_create","created":{"+gte":"2022-01-08T04:00:40"},"entity.id":33584285,"entity.type":"linode","id":{"+gte":252970985}}
Accept-Encoding: gzip


-----------------------------------------------------: timestamp=2022-01-07T20:00:48.187-0800
2022-01-07T20:00:48.321-0800 [INFO]  provider.terraform-provider-linode_v1.25.1: 2022/01/07 20:00:48 [DEBUG] Linode API Response Details:
---[ RESPONSE ]--------------------------------------
HTTP/2.0 200 OK
Content-Length: 428
Access-Control-Allow-Credentials: true
Access-Control-Allow-Headers: Authorization, Origin, X-Requested-With, Content-Type, Accept, X-Filter
Access-Control-Allow-Methods: HEAD, GET, OPTIONS, POST, PUT, DELETE
Access-Control-Allow-Origin: *
Access-Control-Expose-Headers: X-OAuth-Scopes, X-Accepted-OAuth-Scopes, X-Status
Cache-Control: private, max-age=0, s-maxage=0, no-cache, no-store
Cache-Control: private, max-age=60, s-maxage=60
Content-Security-Policy: default-src 'none'
Content-Type: application/json
Date: Sat, 08 Jan 2022 04:00:45 GMT
Server: nginx
Strict-Transport-Security: max-age=31536000
Vary: Authorization, X-Filter
Vary: Authorization, X-Filter
X-Accepted-Oauth-Scopes: events:read_only
X-Content-Type-Options: nosniff
X-Customer-Uuid: CD1C0659-20FE-11EA-B88C0CC47AEB2714
X-Frame-Options: DENY
X-Frame-Options: DENY
X-Oauth-Scopes: *
X-Spec-Version: 4.112.2
X-Xss-Protection: 1; mode=block

{
 "data": [
  {
   "id": 252970985,
   "created": "2022-01-08T04:00:40",
   "seen": false,
   "read": false,
   "percent_complete": 0,
   "time_remaining": null,
   "rate": null,
   "duration": null,
   "action": "linode_create",
   "username": "kejadlen",
   "entity": {
    "label": "nixos",
    "id": 33584285,
    "type": "linode",
    "url": "/v4/linode/instances/33584285"
   },
   "status": "scheduled",
   "secondary_entity": null,
   "message": ""
  }
 ],
 "page": 1,
 "pages": 1,
 "results": 1
}
-----------------------------------------------------: timestamp=2022-01-07T20:00:48.321-0800
2022-01-07T20:00:48.487-0800 [INFO]  provider.terraform-provider-linode_v1.25.1: 2022/01/07 20:00:48 [DEBUG] Linode API Request Details:
---[ REQUEST ]---------------------------------------
GET /v4/account/events?page=1 HTTP/1.1
Host: api.linode.com
User-Agent: HashiCorp Terraform/1.1.2 (+https://www.terraform.io) Terraform Plugin SDK/2.10.1 terraform-provider-linode/dev
Accept: application/json
Content-Type: application/json
X-Filter: {"+order":"desc","+order_by":"created","action":"linode_create","created":{"+gte":"2022-01-08T04:00:40"},"entity.id":33584285,"entity.type":"linode","id":{"+gte":252970985}}
Accept-Encoding: gzip


-----------------------------------------------------: timestamp=2022-01-07T20:00:48.487-0800
2022-01-07T20:00:48.612-0800 [INFO]  provider.terraform-provider-linode_v1.25.1: 2022/01/07 20:00:48 [DEBUG] Linode API Response Details:
---[ RESPONSE ]--------------------------------------
HTTP/2.0 200 OK
Content-Length: 428
Access-Control-Allow-Credentials: true
Access-Control-Allow-Headers: Authorization, Origin, X-Requested-With, Content-Type, Accept, X-Filter
Access-Control-Allow-Methods: HEAD, GET, OPTIONS, POST, PUT, DELETE
Access-Control-Allow-Origin: *
Access-Control-Expose-Headers: X-OAuth-Scopes, X-Accepted-OAuth-Scopes, X-Status
Cache-Control: private, max-age=0, s-maxage=0, no-cache, no-store
Cache-Control: private, max-age=60, s-maxage=60
Content-Security-Policy: default-src 'none'
Content-Type: application/json
Date: Sat, 08 Jan 2022 04:00:45 GMT
Server: nginx
Strict-Transport-Security: max-age=31536000
Vary: Authorization, X-Filter
Vary: Authorization, X-Filter
X-Accepted-Oauth-Scopes: events:read_only
X-Content-Type-Options: nosniff
X-Customer-Uuid: CD1C0659-20FE-11EA-B88C0CC47AEB2714
X-Frame-Options: DENY
X-Frame-Options: DENY
X-Oauth-Scopes: *
X-Spec-Version: 4.112.2
X-Xss-Protection: 1; mode=block

{
 "data": [
  {
   "id": 252970985,
   "created": "2022-01-08T04:00:40",
   "seen": false,
   "read": false,
   "percent_complete": 0,
   "time_remaining": null,
   "rate": null,
   "duration": null,
   "action": "linode_create",
   "username": "kejadlen",
   "entity": {
    "label": "nixos",
    "id": 33584285,
    "type": "linode",
    "url": "/v4/linode/instances/33584285"
   },
   "status": "scheduled",
   "secondary_entity": null,
   "message": ""
  }
 ],
 "page": 1,
 "pages": 1,
 "results": 1
}
-----------------------------------------------------: timestamp=2022-01-07T20:00:48.611-0800
2022-01-07T20:00:48.786-0800 [INFO]  provider.terraform-provider-linode_v1.25.1: 2022/01/07 20:00:48 [DEBUG] Linode API Request Details:
---[ REQUEST ]---------------------------------------
GET /v4/account/events?page=1 HTTP/1.1
Host: api.linode.com
User-Agent: HashiCorp Terraform/1.1.2 (+https://www.terraform.io) Terraform Plugin SDK/2.10.1 terraform-provider-linode/dev
Accept: application/json
Content-Type: application/json
X-Filter: {"+order":"desc","+order_by":"created","action":"linode_create","created":{"+gte":"2022-01-08T04:00:40"},"entity.id":33584285,"entity.type":"linode","id":{"+gte":252970985}}
Accept-Encoding: gzip


-----------------------------------------------------: timestamp=2022-01-07T20:00:48.786-0800
2022-01-07T20:00:48.932-0800 [INFO]  provider.terraform-provider-linode_v1.25.1: 2022/01/07 20:00:48 [DEBUG] Linode API Response Details:
---[ RESPONSE ]--------------------------------------
HTTP/2.0 200 OK
Content-Length: 428
Access-Control-Allow-Credentials: true
Access-Control-Allow-Headers: Authorization, Origin, X-Requested-With, Content-Type, Accept, X-Filter
Access-Control-Allow-Methods: HEAD, GET, OPTIONS, POST, PUT, DELETE
Access-Control-Allow-Origin: *
Access-Control-Expose-Headers: X-OAuth-Scopes, X-Accepted-OAuth-Scopes, X-Status
Cache-Control: private, max-age=0, s-maxage=0, no-cache, no-store
Cache-Control: private, max-age=60, s-maxage=60
Content-Security-Policy: default-src 'none'
Content-Type: application/json
Date: Sat, 08 Jan 2022 04:00:46 GMT
Server: nginx
Strict-Transport-Security: max-age=31536000
Vary: Authorization, X-Filter
Vary: Authorization, X-Filter
X-Accepted-Oauth-Scopes: events:read_only
X-Content-Type-Options: nosniff
X-Customer-Uuid: CD1C0659-20FE-11EA-B88C0CC47AEB2714
X-Frame-Options: DENY
X-Frame-Options: DENY
X-Oauth-Scopes: *
X-Spec-Version: 4.112.2
X-Xss-Protection: 1; mode=block

{
 "data": [
  {
   "id": 252970985,
   "created": "2022-01-08T04:00:40",
   "seen": false,
   "read": false,
   "percent_complete": 0,
   "time_remaining": null,
   "rate": null,
   "duration": null,
   "action": "linode_create",
   "username": "kejadlen",
   "entity": {
    "label": "nixos",
    "id": 33584285,
    "type": "linode",
    "url": "/v4/linode/instances/33584285"
   },
   "status": "scheduled",
   "secondary_entity": null,
   "message": ""
  }
 ],
 "page": 1,
 "pages": 1,
 "results": 1
}
-----------------------------------------------------: timestamp=2022-01-07T20:00:48.932-0800
2022-01-07T20:00:49.086-0800 [INFO]  provider.terraform-provider-linode_v1.25.1: 2022/01/07 20:00:49 [DEBUG] Linode API Request Details:
---[ REQUEST ]---------------------------------------
GET /v4/account/events?page=1 HTTP/1.1
Host: api.linode.com
User-Agent: HashiCorp Terraform/1.1.2 (+https://www.terraform.io) Terraform Plugin SDK/2.10.1 terraform-provider-linode/dev
Accept: application/json
Content-Type: application/json
X-Filter: {"+order":"desc","+order_by":"created","action":"linode_create","created":{"+gte":"2022-01-08T04:00:40"},"entity.id":33584285,"entity.type":"linode","id":{"+gte":252970985}}
Accept-Encoding: gzip


-----------------------------------------------------: timestamp=2022-01-07T20:00:49.086-0800
2022-01-07T20:00:49.228-0800 [INFO]  provider.terraform-provider-linode_v1.25.1: 2022/01/07 20:00:49 [DEBUG] Linode API Response Details:
---[ RESPONSE ]--------------------------------------
HTTP/2.0 200 OK
Content-Length: 428
Access-Control-Allow-Credentials: true
Access-Control-Allow-Headers: Authorization, Origin, X-Requested-With, Content-Type, Accept, X-Filter
Access-Control-Allow-Methods: HEAD, GET, OPTIONS, POST, PUT, DELETE
Access-Control-Allow-Origin: *
Access-Control-Expose-Headers: X-OAuth-Scopes, X-Accepted-OAuth-Scopes, X-Status
Cache-Control: private, max-age=0, s-maxage=0, no-cache, no-store
Cache-Control: private, max-age=60, s-maxage=60
Content-Security-Policy: default-src 'none'
Content-Type: application/json
Date: Sat, 08 Jan 2022 04:00:46 GMT
Server: nginx
Strict-Transport-Security: max-age=31536000
Vary: Authorization, X-Filter
Vary: Authorization, X-Filter
X-Accepted-Oauth-Scopes: events:read_only
X-Content-Type-Options: nosniff
X-Customer-Uuid: CD1C0659-20FE-11EA-B88C0CC47AEB2714
X-Frame-Options: DENY
X-Frame-Options: DENY
X-Oauth-Scopes: *
X-Spec-Version: 4.112.2
X-Xss-Protection: 1; mode=block

{
 "data": [
  {
   "id": 252970985,
   "created": "2022-01-08T04:00:40",
   "seen": false,
   "read": false,
   "percent_complete": 0,
   "time_remaining": null,
   "rate": null,
   "duration": null,
   "action": "linode_create",
   "username": "kejadlen",
   "entity": {
    "label": "nixos",
    "id": 33584285,
    "type": "linode",
    "url": "/v4/linode/instances/33584285"
   },
   "status": "scheduled",
   "secondary_entity": null,
   "message": ""
  }
 ],
 "page": 1,
 "pages": 1,
 "results": 1
}
-----------------------------------------------------: timestamp=2022-01-07T20:00:49.228-0800
2022-01-07T20:00:49.387-0800 [INFO]  provider.terraform-provider-linode_v1.25.1: 2022/01/07 20:00:49 [DEBUG] Linode API Request Details:
---[ REQUEST ]---------------------------------------
GET /v4/account/events?page=1 HTTP/1.1
Host: api.linode.com
User-Agent: HashiCorp Terraform/1.1.2 (+https://www.terraform.io) Terraform Plugin SDK/2.10.1 terraform-provider-linode/dev
Accept: application/json
Content-Type: application/json
X-Filter: {"+order":"desc","+order_by":"created","action":"linode_create","created":{"+gte":"2022-01-08T04:00:40"},"entity.id":33584285,"entity.type":"linode","id":{"+gte":252970985}}
Accept-Encoding: gzip


-----------------------------------------------------: timestamp=2022-01-07T20:00:49.387-0800
2022-01-07T20:00:49.520-0800 [INFO]  provider.terraform-provider-linode_v1.25.1: 2022/01/07 20:00:49 [DEBUG] Linode API Response Details:
---[ RESPONSE ]--------------------------------------
HTTP/2.0 200 OK
Content-Length: 428
Access-Control-Allow-Credentials: true
Access-Control-Allow-Headers: Authorization, Origin, X-Requested-With, Content-Type, Accept, X-Filter
Access-Control-Allow-Methods: HEAD, GET, OPTIONS, POST, PUT, DELETE
Access-Control-Allow-Origin: *
Access-Control-Expose-Headers: X-OAuth-Scopes, X-Accepted-OAuth-Scopes, X-Status
Cache-Control: private, max-age=0, s-maxage=0, no-cache, no-store
Cache-Control: private, max-age=60, s-maxage=60
Content-Security-Policy: default-src 'none'
Content-Type: application/json
Date: Sat, 08 Jan 2022 04:00:46 GMT
Server: nginx
Strict-Transport-Security: max-age=31536000
Vary: Authorization, X-Filter
Vary: Authorization, X-Filter
X-Accepted-Oauth-Scopes: events:read_only
X-Content-Type-Options: nosniff
X-Customer-Uuid: CD1C0659-20FE-11EA-B88C0CC47AEB2714
X-Frame-Options: DENY
X-Frame-Options: DENY
X-Oauth-Scopes: *
X-Spec-Version: 4.112.2
X-Xss-Protection: 1; mode=block

{
 "data": [
  {
   "id": 252970985,
   "created": "2022-01-08T04:00:40",
   "seen": false,
   "read": false,
   "percent_complete": 0,
   "time_remaining": null,
   "rate": null,
   "duration": null,
   "action": "linode_create",
   "username": "kejadlen",
   "entity": {
    "label": "nixos",
    "id": 33584285,
    "type": "linode",
    "url": "/v4/linode/instances/33584285"
   },
   "status": "scheduled",
   "secondary_entity": null,
   "message": ""
  }
 ],
 "page": 1,
 "pages": 1,
 "results": 1
}
-----------------------------------------------------: timestamp=2022-01-07T20:00:49.519-0800
2022-01-07T20:00:49.688-0800 [INFO]  provider.terraform-provider-linode_v1.25.1: 2022/01/07 20:00:49 [DEBUG] Linode API Request Details:
---[ REQUEST ]---------------------------------------
GET /v4/account/events?page=1 HTTP/1.1
Host: api.linode.com
User-Agent: HashiCorp Terraform/1.1.2 (+https://www.terraform.io) Terraform Plugin SDK/2.10.1 terraform-provider-linode/dev
Accept: application/json
Content-Type: application/json
X-Filter: {"+order":"desc","+order_by":"created","action":"linode_create","created":{"+gte":"2022-01-08T04:00:40"},"entity.id":33584285,"entity.type":"linode","id":{"+gte":252970985}}
Accept-Encoding: gzip


-----------------------------------------------------: timestamp=2022-01-07T20:00:49.688-0800
2022-01-07T20:00:49.817-0800 [INFO]  provider.terraform-provider-linode_v1.25.1: 2022/01/07 20:00:49 [DEBUG] Linode API Response Details:
---[ RESPONSE ]--------------------------------------
HTTP/2.0 200 OK
Content-Length: 428
Access-Control-Allow-Credentials: true
Access-Control-Allow-Headers: Authorization, Origin, X-Requested-With, Content-Type, Accept, X-Filter
Access-Control-Allow-Methods: HEAD, GET, OPTIONS, POST, PUT, DELETE
Access-Control-Allow-Origin: *
Access-Control-Expose-Headers: X-OAuth-Scopes, X-Accepted-OAuth-Scopes, X-Status
Cache-Control: private, max-age=0, s-maxage=0, no-cache, no-store
Cache-Control: private, max-age=60, s-maxage=60
Content-Security-Policy: default-src 'none'
Content-Type: application/json
Date: Sat, 08 Jan 2022 04:00:46 GMT
Server: nginx
Strict-Transport-Security: max-age=31536000
Vary: Authorization, X-Filter
Vary: Authorization, X-Filter
X-Accepted-Oauth-Scopes: events:read_only
X-Content-Type-Options: nosniff
X-Customer-Uuid: CD1C0659-20FE-11EA-B88C0CC47AEB2714
X-Frame-Options: DENY
X-Frame-Options: DENY
X-Oauth-Scopes: *
X-Spec-Version: 4.112.2
X-Xss-Protection: 1; mode=block

{
 "data": [
  {
   "id": 252970985,
   "created": "2022-01-08T04:00:40",
   "seen": false,
   "read": false,
   "percent_complete": 0,
   "time_remaining": null,
   "rate": null,
   "duration": null,
   "action": "linode_create",
   "username": "kejadlen",
   "entity": {
    "label": "nixos",
    "id": 33584285,
    "type": "linode",
    "url": "/v4/linode/instances/33584285"
   },
   "status": "scheduled",
   "secondary_entity": null,
   "message": ""
  }
 ],
 "page": 1,
 "pages": 1,
 "results": 1
}
-----------------------------------------------------: timestamp=2022-01-07T20:00:49.816-0800
2022-01-07T20:00:49.988-0800 [INFO]  provider.terraform-provider-linode_v1.25.1: 2022/01/07 20:00:49 [DEBUG] Linode API Request Details:
---[ REQUEST ]---------------------------------------
GET /v4/account/events?page=1 HTTP/1.1
Host: api.linode.com
User-Agent: HashiCorp Terraform/1.1.2 (+https://www.terraform.io) Terraform Plugin SDK/2.10.1 terraform-provider-linode/dev
Accept: application/json
Content-Type: application/json
X-Filter: {"+order":"desc","+order_by":"created","action":"linode_create","created":{"+gte":"2022-01-08T04:00:40"},"entity.id":33584285,"entity.type":"linode","id":{"+gte":252970985}}
Accept-Encoding: gzip


-----------------------------------------------------: timestamp=2022-01-07T20:00:49.987-0800
2022-01-07T20:00:50.103-0800 [INFO]  provider.terraform-provider-linode_v1.25.1: 2022/01/07 20:00:50 [DEBUG] Linode API Response Details:
---[ RESPONSE ]--------------------------------------
HTTP/2.0 200 OK
Content-Length: 428
Access-Control-Allow-Credentials: true
Access-Control-Allow-Headers: Authorization, Origin, X-Requested-With, Content-Type, Accept, X-Filter
Access-Control-Allow-Methods: HEAD, GET, OPTIONS, POST, PUT, DELETE
Access-Control-Allow-Origin: *
Access-Control-Expose-Headers: X-OAuth-Scopes, X-Accepted-OAuth-Scopes, X-Status
Cache-Control: private, max-age=0, s-maxage=0, no-cache, no-store
Cache-Control: private, max-age=60, s-maxage=60
Content-Security-Policy: default-src 'none'
Content-Type: application/json
Date: Sat, 08 Jan 2022 04:00:47 GMT
Server: nginx
Strict-Transport-Security: max-age=31536000
Vary: Authorization, X-Filter
Vary: Authorization, X-Filter
X-Accepted-Oauth-Scopes: events:read_only
X-Content-Type-Options: nosniff
X-Customer-Uuid: CD1C0659-20FE-11EA-B88C0CC47AEB2714
X-Frame-Options: DENY
X-Frame-Options: DENY
X-Oauth-Scopes: *
X-Spec-Version: 4.112.2
X-Xss-Protection: 1; mode=block

{
 "data": [
  {
   "id": 252970985,
   "created": "2022-01-08T04:00:40",
   "seen": false,
   "read": false,
   "percent_complete": 0,
   "time_remaining": null,
   "rate": null,
   "duration": null,
   "action": "linode_create",
   "username": "kejadlen",
   "entity": {
    "label": "nixos",
    "id": 33584285,
    "type": "linode",
    "url": "/v4/linode/instances/33584285"
   },
   "status": "scheduled",
   "secondary_entity": null,
   "message": ""
  }
 ],
 "page": 1,
 "pages": 1,
 "results": 1
}
-----------------------------------------------------: timestamp=2022-01-07T20:00:50.103-0800
2022-01-07T20:00:50.287-0800 [INFO]  provider.terraform-provider-linode_v1.25.1: 2022/01/07 20:00:50 [DEBUG] Linode API Request Details:
---[ REQUEST ]---------------------------------------
GET /v4/account/events?page=1 HTTP/1.1
Host: api.linode.com
User-Agent: HashiCorp Terraform/1.1.2 (+https://www.terraform.io) Terraform Plugin SDK/2.10.1 terraform-provider-linode/dev
Accept: application/json
Content-Type: application/json
X-Filter: {"+order":"desc","+order_by":"created","action":"linode_create","created":{"+gte":"2022-01-08T04:00:40"},"entity.id":33584285,"entity.type":"linode","id":{"+gte":252970985}}
Accept-Encoding: gzip


-----------------------------------------------------: timestamp=2022-01-07T20:00:50.287-0800
2022-01-07T20:00:50.427-0800 [INFO]  provider.terraform-provider-linode_v1.25.1: 2022/01/07 20:00:50 [DEBUG] Linode API Response Details:
---[ RESPONSE ]--------------------------------------
HTTP/2.0 200 OK
Content-Length: 428
Access-Control-Allow-Credentials: true
Access-Control-Allow-Headers: Authorization, Origin, X-Requested-With, Content-Type, Accept, X-Filter
Access-Control-Allow-Methods: HEAD, GET, OPTIONS, POST, PUT, DELETE
Access-Control-Allow-Origin: *
Access-Control-Expose-Headers: X-OAuth-Scopes, X-Accepted-OAuth-Scopes, X-Status
Cache-Control: private, max-age=0, s-maxage=0, no-cache, no-store
Cache-Control: private, max-age=60, s-maxage=60
Content-Security-Policy: default-src 'none'
Content-Type: application/json
Date: Sat, 08 Jan 2022 04:00:47 GMT
Server: nginx
Strict-Transport-Security: max-age=31536000
Vary: Authorization, X-Filter
Vary: Authorization, X-Filter
X-Accepted-Oauth-Scopes: events:read_only
X-Content-Type-Options: nosniff
X-Customer-Uuid: CD1C0659-20FE-11EA-B88C0CC47AEB2714
X-Frame-Options: DENY
X-Frame-Options: DENY
X-Oauth-Scopes: *
X-Spec-Version: 4.112.2
X-Xss-Protection: 1; mode=block

{
 "data": [
  {
   "id": 252970985,
   "created": "2022-01-08T04:00:40",
   "seen": false,
   "read": false,
   "percent_complete": 0,
   "time_remaining": null,
   "rate": null,
   "duration": null,
   "action": "linode_create",
   "username": "kejadlen",
   "entity": {
    "label": "nixos",
    "id": 33584285,
    "type": "linode",
    "url": "/v4/linode/instances/33584285"
   },
   "status": "scheduled",
   "secondary_entity": null,
   "message": ""
  }
 ],
 "page": 1,
 "pages": 1,
 "results": 1
}
-----------------------------------------------------: timestamp=2022-01-07T20:00:50.426-0800
2022-01-07T20:00:50.589-0800 [INFO]  provider.terraform-provider-linode_v1.25.1: 2022/01/07 20:00:50 [DEBUG] Linode API Request Details:
---[ REQUEST ]---------------------------------------
GET /v4/account/events?page=1 HTTP/1.1
Host: api.linode.com
User-Agent: HashiCorp Terraform/1.1.2 (+https://www.terraform.io) Terraform Plugin SDK/2.10.1 terraform-provider-linode/dev
Accept: application/json
Content-Type: application/json
X-Filter: {"+order":"desc","+order_by":"created","action":"linode_create","created":{"+gte":"2022-01-08T04:00:40"},"entity.id":33584285,"entity.type":"linode","id":{"+gte":252970985}}
Accept-Encoding: gzip


-----------------------------------------------------: timestamp=2022-01-07T20:00:50.589-0800
2022-01-07T20:00:50.712-0800 [INFO]  provider.terraform-provider-linode_v1.25.1: 2022/01/07 20:00:50 [DEBUG] Linode API Response Details:
---[ RESPONSE ]--------------------------------------
HTTP/2.0 200 OK
Content-Length: 428
Access-Control-Allow-Credentials: true
Access-Control-Allow-Headers: Authorization, Origin, X-Requested-With, Content-Type, Accept, X-Filter
Access-Control-Allow-Methods: HEAD, GET, OPTIONS, POST, PUT, DELETE
Access-Control-Allow-Origin: *
Access-Control-Expose-Headers: X-OAuth-Scopes, X-Accepted-OAuth-Scopes, X-Status
Cache-Control: private, max-age=0, s-maxage=0, no-cache, no-store
Cache-Control: private, max-age=60, s-maxage=60
Content-Security-Policy: default-src 'none'
Content-Type: application/json
Date: Sat, 08 Jan 2022 04:00:47 GMT
Server: nginx
Strict-Transport-Security: max-age=31536000
Vary: Authorization, X-Filter
Vary: Authorization, X-Filter
X-Accepted-Oauth-Scopes: events:read_only
X-Content-Type-Options: nosniff
X-Customer-Uuid: CD1C0659-20FE-11EA-B88C0CC47AEB2714
X-Frame-Options: DENY
X-Frame-Options: DENY
X-Oauth-Scopes: *
X-Spec-Version: 4.112.2
X-Xss-Protection: 1; mode=block

{
 "data": [
  {
   "id": 252970985,
   "created": "2022-01-08T04:00:40",
   "seen": false,
   "read": false,
   "percent_complete": 0,
   "time_remaining": null,
   "rate": null,
   "duration": null,
   "action": "linode_create",
   "username": "kejadlen",
   "entity": {
    "label": "nixos",
    "id": 33584285,
    "type": "linode",
    "url": "/v4/linode/instances/33584285"
   },
   "status": "scheduled",
   "secondary_entity": null,
   "message": ""
  }
 ],
 "page": 1,
 "pages": 1,
 "results": 1
}
-----------------------------------------------------: timestamp=2022-01-07T20:00:50.712-0800
2022-01-07T20:00:50.887-0800 [INFO]  provider.terraform-provider-linode_v1.25.1: 2022/01/07 20:00:50 [DEBUG] Linode API Request Details:
---[ REQUEST ]---------------------------------------
GET /v4/account/events?page=1 HTTP/1.1
Host: api.linode.com
User-Agent: HashiCorp Terraform/1.1.2 (+https://www.terraform.io) Terraform Plugin SDK/2.10.1 terraform-provider-linode/dev
Accept: application/json
Content-Type: application/json
X-Filter: {"+order":"desc","+order_by":"created","action":"linode_create","created":{"+gte":"2022-01-08T04:00:40"},"entity.id":33584285,"entity.type":"linode","id":{"+gte":252970985}}
Accept-Encoding: gzip


-----------------------------------------------------: timestamp=2022-01-07T20:00:50.887-0800
2022-01-07T20:00:51.006-0800 [INFO]  provider.terraform-provider-linode_v1.25.1: 2022/01/07 20:00:51 [DEBUG] Linode API Response Details:
---[ RESPONSE ]--------------------------------------
HTTP/2.0 200 OK
Content-Length: 428
Access-Control-Allow-Credentials: true
Access-Control-Allow-Headers: Authorization, Origin, X-Requested-With, Content-Type, Accept, X-Filter
Access-Control-Allow-Methods: HEAD, GET, OPTIONS, POST, PUT, DELETE
Access-Control-Allow-Origin: *
Access-Control-Expose-Headers: X-OAuth-Scopes, X-Accepted-OAuth-Scopes, X-Status
Cache-Control: private, max-age=0, s-maxage=0, no-cache, no-store
Cache-Control: private, max-age=60, s-maxage=60
Content-Security-Policy: default-src 'none'
Content-Type: application/json
Date: Sat, 08 Jan 2022 04:00:48 GMT
Server: nginx
Strict-Transport-Security: max-age=31536000
Vary: Authorization, X-Filter
Vary: Authorization, X-Filter
X-Accepted-Oauth-Scopes: events:read_only
X-Content-Type-Options: nosniff
X-Customer-Uuid: CD1C0659-20FE-11EA-B88C0CC47AEB2714
X-Frame-Options: DENY
X-Frame-Options: DENY
X-Oauth-Scopes: *
X-Spec-Version: 4.112.2
X-Xss-Protection: 1; mode=block

{
 "data": [
  {
   "id": 252970985,
   "created": "2022-01-08T04:00:40",
   "seen": false,
   "read": false,
   "percent_complete": 0,
   "time_remaining": null,
   "rate": null,
   "duration": null,
   "action": "linode_create",
   "username": "kejadlen",
   "entity": {
    "label": "nixos",
    "id": 33584285,
    "type": "linode",
    "url": "/v4/linode/instances/33584285"
   },
   "status": "scheduled",
   "secondary_entity": null,
   "message": ""
  }
 ],
 "page": 1,
 "pages": 1,
 "results": 1
}
-----------------------------------------------------: timestamp=2022-01-07T20:00:51.006-0800
2022-01-07T20:00:51.188-0800 [INFO]  provider.terraform-provider-linode_v1.25.1: 2022/01/07 20:00:51 [DEBUG] Linode API Request Details:
---[ REQUEST ]---------------------------------------
GET /v4/account/events?page=1 HTTP/1.1
Host: api.linode.com
User-Agent: HashiCorp Terraform/1.1.2 (+https://www.terraform.io) Terraform Plugin SDK/2.10.1 terraform-provider-linode/dev
Accept: application/json
Content-Type: application/json
X-Filter: {"+order":"desc","+order_by":"created","action":"linode_create","created":{"+gte":"2022-01-08T04:00:40"},"entity.id":33584285,"entity.type":"linode","id":{"+gte":252970985}}
Accept-Encoding: gzip


-----------------------------------------------------: timestamp=2022-01-07T20:00:51.187-0800
2022-01-07T20:00:51.310-0800 [INFO]  provider.terraform-provider-linode_v1.25.1: 2022/01/07 20:00:51 [DEBUG] Linode API Response Details:
---[ RESPONSE ]--------------------------------------
HTTP/2.0 200 OK
Content-Length: 428
Access-Control-Allow-Credentials: true
Access-Control-Allow-Headers: Authorization, Origin, X-Requested-With, Content-Type, Accept, X-Filter
Access-Control-Allow-Methods: HEAD, GET, OPTIONS, POST, PUT, DELETE
Access-Control-Allow-Origin: *
Access-Control-Expose-Headers: X-OAuth-Scopes, X-Accepted-OAuth-Scopes, X-Status
Cache-Control: private, max-age=0, s-maxage=0, no-cache, no-store
Cache-Control: private, max-age=60, s-maxage=60
Content-Security-Policy: default-src 'none'
Content-Type: application/json
Date: Sat, 08 Jan 2022 04:00:48 GMT
Server: nginx
Strict-Transport-Security: max-age=31536000
Vary: Authorization, X-Filter
Vary: Authorization, X-Filter
X-Accepted-Oauth-Scopes: events:read_only
X-Content-Type-Options: nosniff
X-Customer-Uuid: CD1C0659-20FE-11EA-B88C0CC47AEB2714
X-Frame-Options: DENY
X-Frame-Options: DENY
X-Oauth-Scopes: *
X-Spec-Version: 4.112.2
X-Xss-Protection: 1; mode=block

{
 "data": [
  {
   "id": 252970985,
   "created": "2022-01-08T04:00:40",
   "seen": false,
   "read": false,
   "percent_complete": 0,
   "time_remaining": null,
   "rate": null,
   "duration": null,
   "action": "linode_create",
   "username": "kejadlen",
   "entity": {
    "label": "nixos",
    "id": 33584285,
    "type": "linode",
    "url": "/v4/linode/instances/33584285"
   },
   "status": "scheduled",
   "secondary_entity": null,
   "message": ""
  }
 ],
 "page": 1,
 "pages": 1,
 "results": 1
}
-----------------------------------------------------: timestamp=2022-01-07T20:00:51.309-0800
2022-01-07T20:00:51.487-0800 [INFO]  provider.terraform-provider-linode_v1.25.1: 2022/01/07 20:00:51 [DEBUG] Linode API Request Details:
---[ REQUEST ]---------------------------------------
GET /v4/account/events?page=1 HTTP/1.1
Host: api.linode.com
User-Agent: HashiCorp Terraform/1.1.2 (+https://www.terraform.io) Terraform Plugin SDK/2.10.1 terraform-provider-linode/dev
Accept: application/json
Content-Type: application/json
X-Filter: {"+order":"desc","+order_by":"created","action":"linode_create","created":{"+gte":"2022-01-08T04:00:40"},"entity.id":33584285,"entity.type":"linode","id":{"+gte":252970985}}
Accept-Encoding: gzip


-----------------------------------------------------: timestamp=2022-01-07T20:00:51.487-0800
2022-01-07T20:00:51.617-0800 [INFO]  provider.terraform-provider-linode_v1.25.1: 2022/01/07 20:00:51 [DEBUG] Linode API Response Details:
---[ RESPONSE ]--------------------------------------
HTTP/2.0 200 OK
Content-Length: 428
Access-Control-Allow-Credentials: true
Access-Control-Allow-Headers: Authorization, Origin, X-Requested-With, Content-Type, Accept, X-Filter
Access-Control-Allow-Methods: HEAD, GET, OPTIONS, POST, PUT, DELETE
Access-Control-Allow-Origin: *
Access-Control-Expose-Headers: X-OAuth-Scopes, X-Accepted-OAuth-Scopes, X-Status
Cache-Control: private, max-age=0, s-maxage=0, no-cache, no-store
Cache-Control: private, max-age=60, s-maxage=60
Content-Security-Policy: default-src 'none'
Content-Type: application/json
Date: Sat, 08 Jan 2022 04:00:48 GMT
Server: nginx
Strict-Transport-Security: max-age=31536000
Vary: Authorization, X-Filter
Vary: Authorization, X-Filter
X-Accepted-Oauth-Scopes: events:read_only
X-Content-Type-Options: nosniff
X-Customer-Uuid: CD1C0659-20FE-11EA-B88C0CC47AEB2714
X-Frame-Options: DENY
X-Frame-Options: DENY
X-Oauth-Scopes: *
X-Spec-Version: 4.112.2
X-Xss-Protection: 1; mode=block

{
 "data": [
  {
   "id": 252970985,
   "created": "2022-01-08T04:00:40",
   "seen": false,
   "read": false,
   "percent_complete": 0,
   "time_remaining": null,
   "rate": null,
   "duration": null,
   "action": "linode_create",
   "username": "kejadlen",
   "entity": {
    "label": "nixos",
    "id": 33584285,
    "type": "linode",
    "url": "/v4/linode/instances/33584285"
   },
   "status": "scheduled",
   "secondary_entity": null,
   "message": ""
  }
 ],
 "page": 1,
 "pages": 1,
 "results": 1
}
-----------------------------------------------------: timestamp=2022-01-07T20:00:51.616-0800
2022-01-07T20:00:51.788-0800 [INFO]  provider.terraform-provider-linode_v1.25.1: 2022/01/07 20:00:51 [DEBUG] Linode API Request Details:
---[ REQUEST ]---------------------------------------
GET /v4/account/events?page=1 HTTP/1.1
Host: api.linode.com
User-Agent: HashiCorp Terraform/1.1.2 (+https://www.terraform.io) Terraform Plugin SDK/2.10.1 terraform-provider-linode/dev
Accept: application/json
Content-Type: application/json
X-Filter: {"+order":"desc","+order_by":"created","action":"linode_create","created":{"+gte":"2022-01-08T04:00:40"},"entity.id":33584285,"entity.type":"linode","id":{"+gte":252970985}}
Accept-Encoding: gzip


-----------------------------------------------------: timestamp=2022-01-07T20:00:51.787-0800
2022-01-07T20:00:51.954-0800 [INFO]  provider.terraform-provider-linode_v1.25.1: 2022/01/07 20:00:51 [DEBUG] Linode API Response Details:
---[ RESPONSE ]--------------------------------------
HTTP/2.0 200 OK
Content-Length: 431
Access-Control-Allow-Credentials: true
Access-Control-Allow-Headers: Authorization, Origin, X-Requested-With, Content-Type, Accept, X-Filter
Access-Control-Allow-Methods: HEAD, GET, OPTIONS, POST, PUT, DELETE
Access-Control-Allow-Origin: *
Access-Control-Expose-Headers: X-OAuth-Scopes, X-Accepted-OAuth-Scopes, X-Status
Cache-Control: private, max-age=0, s-maxage=0, no-cache, no-store
Cache-Control: private, max-age=60, s-maxage=60
Content-Security-Policy: default-src 'none'
Content-Type: application/json
Date: Sat, 08 Jan 2022 04:00:49 GMT
Server: nginx
Strict-Transport-Security: max-age=31536000
Vary: Authorization, X-Filter
Vary: Authorization, X-Filter
X-Accepted-Oauth-Scopes: events:read_only
X-Content-Type-Options: nosniff
X-Customer-Uuid: CD1C0659-20FE-11EA-B88C0CC47AEB2714
X-Frame-Options: DENY
X-Frame-Options: DENY
X-Oauth-Scopes: *
X-Spec-Version: 4.112.2
X-Xss-Protection: 1; mode=block

{
 "data": [
  {
   "id": 252970985,
   "created": "2022-01-08T04:00:40",
   "seen": false,
   "read": false,
   "percent_complete": 0,
   "time_remaining": null,
   "rate": null,
   "duration": 11.955764,
   "action": "linode_create",
   "username": "kejadlen",
   "entity": {
    "label": "nixos",
    "id": 33584285,
    "type": "linode",
    "url": "/v4/linode/instances/33584285"
   },
   "status": "started",
   "secondary_entity": null,
   "message": ""
  }
 ],
 "page": 1,
 "pages": 1,
 "results": 1
}
-----------------------------------------------------: timestamp=2022-01-07T20:00:51.952-0800
2022-01-07T20:00:51.954-0800 [INFO]  provider.terraform-provider-linode_v1.25.1: 2022/01/07 20:00:51 [INFO] Linode 33584285 action linode_create is started: timestamp=2022-01-07T20:00:51.953-0800
2022-01-07T20:00:52.088-0800 [INFO]  provider.terraform-provider-linode_v1.25.1: 2022/01/07 20:00:52 [DEBUG] Linode API Request Details:
---[ REQUEST ]---------------------------------------
GET /v4/account/events?page=1 HTTP/1.1
Host: api.linode.com
User-Agent: HashiCorp Terraform/1.1.2 (+https://www.terraform.io) Terraform Plugin SDK/2.10.1 terraform-provider-linode/dev
Accept: application/json
Content-Type: application/json
X-Filter: {"+order":"desc","+order_by":"created","action":"linode_create","created":{"+gte":"2022-01-08T04:00:40"},"entity.id":33584285,"entity.type":"linode","id":{"+gte":252970985}}
Accept-Encoding: gzip


-----------------------------------------------------: timestamp=2022-01-07T20:00:52.088-0800
2022-01-07T20:00:52.226-0800 [INFO]  provider.terraform-provider-linode_v1.25.1: 2022/01/07 20:00:52 [DEBUG] Linode API Response Details:
---[ RESPONSE ]--------------------------------------
HTTP/2.0 200 OK
Content-Length: 426
Access-Control-Allow-Credentials: true
Access-Control-Allow-Headers: Authorization, Origin, X-Requested-With, Content-Type, Accept, X-Filter
Access-Control-Allow-Methods: HEAD, GET, OPTIONS, POST, PUT, DELETE
Access-Control-Allow-Origin: *
Access-Control-Expose-Headers: X-OAuth-Scopes, X-Accepted-OAuth-Scopes, X-Status
Cache-Control: private, max-age=0, s-maxage=0, no-cache, no-store
Cache-Control: private, max-age=60, s-maxage=60
Content-Security-Policy: default-src 'none'
Content-Type: application/json
Date: Sat, 08 Jan 2022 04:00:49 GMT
Server: nginx
Strict-Transport-Security: max-age=31536000
Vary: Authorization, X-Filter
Vary: Authorization, X-Filter
X-Accepted-Oauth-Scopes: events:read_only
X-Content-Type-Options: nosniff
X-Customer-Uuid: CD1C0659-20FE-11EA-B88C0CC47AEB2714
X-Frame-Options: DENY
X-Frame-Options: DENY
X-Oauth-Scopes: *
X-Spec-Version: 4.112.2
X-Xss-Protection: 1; mode=block

{
 "data": [
  {
   "id": 252970985,
   "created": "2022-01-08T04:00:40",
   "seen": false,
   "read": false,
   "percent_complete": 100,
   "time_remaining": 0,
   "rate": null,
   "duration": 12.0,
   "action": "linode_create",
   "username": "kejadlen",
   "entity": {
    "label": "nixos",
    "id": 33584285,
    "type": "linode",
    "url": "/v4/linode/instances/33584285"
   },
   "status": "finished",
   "secondary_entity": null,
   "message": ""
  }
 ],
 "page": 1,
 "pages": 1,
 "results": 1
}
-----------------------------------------------------: timestamp=2022-01-07T20:00:52.218-0800
2022-01-07T20:00:52.226-0800 [INFO]  provider.terraform-provider-linode_v1.25.1: 2022/01/07 20:00:52 [INFO] Linode 33584285 action linode_create is finished: timestamp=2022-01-07T20:00:52.219-0800
2022-01-07T20:00:52.226-0800 [INFO]  provider.terraform-provider-linode_v1.25.1: 2022/01/07 20:00:52 [DEBUG] Linode API Request Details:
---[ REQUEST ]---------------------------------------
POST /v4/linode/instances/33584285/disks HTTP/1.1
Host: api.linode.com
User-Agent: HashiCorp Terraform/1.1.2 (+https://www.terraform.io) Terraform Plugin SDK/2.10.1 terraform-provider-linode/dev
Content-Length: 116
Accept: application/json
Content-Type: application/json
Accept-Encoding: gzip

{
 "label": "Installer",
 "size": 1024,
 "root_pass": "C7aaW70NkrOfWyMSbxI1mrCT/pJ+J6cIW/FN72WKPWGAY1IBYlhZPcDo0qr+bcy7Tr8="
}
-----------------------------------------------------: timestamp=2022-01-07T20:00:52.220-0800
2022-01-07T20:00:52.677-0800 [INFO]  provider.terraform-provider-linode_v1.25.1: 2022/01/07 20:00:52 [DEBUG] Linode API Response Details:
---[ RESPONSE ]--------------------------------------
HTTP/2.0 200 OK
Content-Length: 165
Access-Control-Allow-Credentials: true
Access-Control-Allow-Headers: Authorization, Origin, X-Requested-With, Content-Type, Accept, X-Filter
Access-Control-Allow-Methods: HEAD, GET, OPTIONS, POST, PUT, DELETE
Access-Control-Allow-Origin: *
Access-Control-Expose-Headers: X-OAuth-Scopes, X-Accepted-OAuth-Scopes, X-Status
Cache-Control: private, max-age=60, s-maxage=60
Content-Security-Policy: default-src 'none'
Content-Type: application/json
Date: Sat, 08 Jan 2022 04:00:49 GMT
Server: nginx
Strict-Transport-Security: max-age=31536000
Vary: Authorization, X-Filter
X-Accepted-Oauth-Scopes: linodes:read_write
X-Content-Type-Options: nosniff
X-Customer-Uuid: CD1C0659-20FE-11EA-B88C0CC47AEB2714
X-Frame-Options: DENY
X-Frame-Options: DENY
X-Oauth-Scopes: *
X-Spec-Version: 4.112.2
X-Xss-Protection: 1; mode=block

{
 "id": 67628489,
 "status": "not ready",
 "label": "Installer",
 "created": "2022-01-08T04:00:52",
 "updated": "2022-01-08T04:00:52",
 "filesystem": "ext4",
 "size": 1024
}
-----------------------------------------------------: timestamp=2022-01-07T20:00:52.677-0800
2022-01-07T20:00:52.677-0800 [INFO]  provider.terraform-provider-linode_v1.25.1: 2022/01/07 20:00:52 [INFO] Waiting 586 seconds for disk_create events since 2022-01-08 04:00:52 +0000 UTC for Linode 33584285: timestamp=2022-01-07T20:00:52.677-0800
2022-01-07T20:00:52.979-0800 [INFO]  provider.terraform-provider-linode_v1.25.1: 2022/01/07 20:00:52 [DEBUG] Linode API Request Details:
---[ REQUEST ]---------------------------------------
GET /v4/account/events?page=1 HTTP/1.1
Host: api.linode.com
User-Agent: HashiCorp Terraform/1.1.2 (+https://www.terraform.io) Terraform Plugin SDK/2.10.1 terraform-provider-linode/dev
Accept: application/json
Content-Type: application/json
X-Filter: {"+order":"desc","+order_by":"created","action":"disk_create","created":{"+gte":"2022-01-08T04:00:52"},"entity.id":33584285,"entity.type":"linode"}
Accept-Encoding: gzip


-----------------------------------------------------: timestamp=2022-01-07T20:00:52.979-0800
2022-01-07T20:00:53.140-0800 [INFO]  provider.terraform-provider-linode_v1.25.1: 2022/01/07 20:00:53 [DEBUG] Linode API Response Details:
---[ RESPONSE ]--------------------------------------
HTTP/2.0 200 OK
Content-Length: 531
Access-Control-Allow-Credentials: true
Access-Control-Allow-Headers: Authorization, Origin, X-Requested-With, Content-Type, Accept, X-Filter
Access-Control-Allow-Methods: HEAD, GET, OPTIONS, POST, PUT, DELETE
Access-Control-Allow-Origin: *
Access-Control-Expose-Headers: X-OAuth-Scopes, X-Accepted-OAuth-Scopes, X-Status
Cache-Control: private, max-age=0, s-maxage=0, no-cache, no-store
Cache-Control: private, max-age=60, s-maxage=60
Content-Security-Policy: default-src 'none'
Content-Type: application/json
Date: Sat, 08 Jan 2022 04:00:50 GMT
Server: nginx
Strict-Transport-Security: max-age=31536000
Vary: Authorization, X-Filter
Vary: Authorization, X-Filter
X-Accepted-Oauth-Scopes: events:read_only
X-Content-Type-Options: nosniff
X-Customer-Uuid: CD1C0659-20FE-11EA-B88C0CC47AEB2714
X-Frame-Options: DENY
X-Frame-Options: DENY
X-Oauth-Scopes: *
X-Spec-Version: 4.112.2
X-Xss-Protection: 1; mode=block

{
 "data": [
  {
   "id": 252971027,
   "created": "2022-01-08T04:00:53",
   "seen": false,
   "read": false,
   "percent_complete": 0,
   "time_remaining": null,
   "rate": null,
   "duration": null,
   "action": "disk_create",
   "username": "kejadlen",
   "entity": {
    "label": "nixos",
    "id": 33584285,
    "type": "linode",
    "url": "/v4/linode/instances/33584285"
   },
   "status": "scheduled",
   "secondary_entity": {
    "id": 67628489,
    "type": "disk",
    "label": "Installer",
    "url": "/v4/linode/instances/33584285/disks/67628489"
   },
   "message": ""
  }
 ],
 "page": 1,
 "pages": 1,
 "results": 1
}
-----------------------------------------------------: timestamp=2022-01-07T20:00:53.140-0800
2022-01-07T20:00:53.140-0800 [INFO]  provider.terraform-provider-linode_v1.25.1: 2022/01/07 20:00:53 [INFO] Linode 33584285 action disk_create is scheduled: timestamp=2022-01-07T20:00:53.140-0800
2022-01-07T20:00:53.279-0800 [INFO]  provider.terraform-provider-linode_v1.25.1: 2022/01/07 20:00:53 [DEBUG] Linode API Request Details:
---[ REQUEST ]---------------------------------------
GET /v4/account/events?page=1 HTTP/1.1
Host: api.linode.com
User-Agent: HashiCorp Terraform/1.1.2 (+https://www.terraform.io) Terraform Plugin SDK/2.10.1 terraform-provider-linode/dev
Accept: application/json
Content-Type: application/json
X-Filter: {"+order":"desc","+order_by":"created","action":"disk_create","created":{"+gte":"2022-01-08T04:00:52"},"entity.id":33584285,"entity.type":"linode","id":{"+gte":252971027}}
Accept-Encoding: gzip


-----------------------------------------------------: timestamp=2022-01-07T20:00:53.279-0800
2022-01-07T20:00:53.411-0800 [INFO]  provider.terraform-provider-linode_v1.25.1: 2022/01/07 20:00:53 [DEBUG] Linode API Response Details:
---[ RESPONSE ]--------------------------------------
HTTP/2.0 200 OK
Content-Length: 531
Access-Control-Allow-Credentials: true
Access-Control-Allow-Headers: Authorization, Origin, X-Requested-With, Content-Type, Accept, X-Filter
Access-Control-Allow-Methods: HEAD, GET, OPTIONS, POST, PUT, DELETE
Access-Control-Allow-Origin: *
Access-Control-Expose-Headers: X-OAuth-Scopes, X-Accepted-OAuth-Scopes, X-Status
Cache-Control: private, max-age=0, s-maxage=0, no-cache, no-store
Cache-Control: private, max-age=60, s-maxage=60
Content-Security-Policy: default-src 'none'
Content-Type: application/json
Date: Sat, 08 Jan 2022 04:00:50 GMT
Server: nginx
Strict-Transport-Security: max-age=31536000
Vary: Authorization, X-Filter
Vary: Authorization, X-Filter
X-Accepted-Oauth-Scopes: events:read_only
X-Content-Type-Options: nosniff
X-Customer-Uuid: CD1C0659-20FE-11EA-B88C0CC47AEB2714
X-Frame-Options: DENY
X-Frame-Options: DENY
X-Oauth-Scopes: *
X-Spec-Version: 4.112.2
X-Xss-Protection: 1; mode=block

{
 "data": [
  {
   "id": 252971027,
   "created": "2022-01-08T04:00:53",
   "seen": false,
   "read": false,
   "percent_complete": 0,
   "time_remaining": null,
   "rate": null,
   "duration": null,
   "action": "disk_create",
   "username": "kejadlen",
   "entity": {
    "label": "nixos",
    "id": 33584285,
    "type": "linode",
    "url": "/v4/linode/instances/33584285"
   },
   "status": "scheduled",
   "secondary_entity": {
    "id": 67628489,
    "type": "disk",
    "label": "Installer",
    "url": "/v4/linode/instances/33584285/disks/67628489"
   },
   "message": ""
  }
 ],
 "page": 1,
 "pages": 1,
 "results": 1
}
-----------------------------------------------------: timestamp=2022-01-07T20:00:53.410-0800
2022-01-07T20:00:53.579-0800 [INFO]  provider.terraform-provider-linode_v1.25.1: 2022/01/07 20:00:53 [DEBUG] Linode API Request Details:
---[ REQUEST ]---------------------------------------
GET /v4/account/events?page=1 HTTP/1.1
Host: api.linode.com
User-Agent: HashiCorp Terraform/1.1.2 (+https://www.terraform.io) Terraform Plugin SDK/2.10.1 terraform-provider-linode/dev
Accept: application/json
Content-Type: application/json
X-Filter: {"+order":"desc","+order_by":"created","action":"disk_create","created":{"+gte":"2022-01-08T04:00:52"},"entity.id":33584285,"entity.type":"linode","id":{"+gte":252971027}}
Accept-Encoding: gzip


-----------------------------------------------------: timestamp=2022-01-07T20:00:53.579-0800
2022-01-07T20:00:53.695-0800 [INFO]  provider.terraform-provider-linode_v1.25.1: 2022/01/07 20:00:53 [DEBUG] Linode API Response Details:
---[ RESPONSE ]--------------------------------------
HTTP/2.0 200 OK
Content-Length: 531
Access-Control-Allow-Credentials: true
Access-Control-Allow-Headers: Authorization, Origin, X-Requested-With, Content-Type, Accept, X-Filter
Access-Control-Allow-Methods: HEAD, GET, OPTIONS, POST, PUT, DELETE
Access-Control-Allow-Origin: *
Access-Control-Expose-Headers: X-OAuth-Scopes, X-Accepted-OAuth-Scopes, X-Status
Cache-Control: private, max-age=0, s-maxage=0, no-cache, no-store
Cache-Control: private, max-age=60, s-maxage=60
Content-Security-Policy: default-src 'none'
Content-Type: application/json
Date: Sat, 08 Jan 2022 04:00:50 GMT
Server: nginx
Strict-Transport-Security: max-age=31536000
Vary: Authorization, X-Filter
Vary: Authorization, X-Filter
X-Accepted-Oauth-Scopes: events:read_only
X-Content-Type-Options: nosniff
X-Customer-Uuid: CD1C0659-20FE-11EA-B88C0CC47AEB2714
X-Frame-Options: DENY
X-Frame-Options: DENY
X-Oauth-Scopes: *
X-Spec-Version: 4.112.2
X-Xss-Protection: 1; mode=block

{
 "data": [
  {
   "id": 252971027,
   "created": "2022-01-08T04:00:53",
   "seen": false,
   "read": false,
   "percent_complete": 0,
   "time_remaining": null,
   "rate": null,
   "duration": null,
   "action": "disk_create",
   "username": "kejadlen",
   "entity": {
    "label": "nixos",
    "id": 33584285,
    "type": "linode",
    "url": "/v4/linode/instances/33584285"
   },
   "status": "scheduled",
   "secondary_entity": {
    "id": 67628489,
    "type": "disk",
    "label": "Installer",
    "url": "/v4/linode/instances/33584285/disks/67628489"
   },
   "message": ""
  }
 ],
 "page": 1,
 "pages": 1,
 "results": 1
}
-----------------------------------------------------: timestamp=2022-01-07T20:00:53.695-0800
2022-01-07T20:00:53.879-0800 [INFO]  provider.terraform-provider-linode_v1.25.1: 2022/01/07 20:00:53 [DEBUG] Linode API Request Details:
---[ REQUEST ]---------------------------------------
GET /v4/account/events?page=1 HTTP/1.1
Host: api.linode.com
User-Agent: HashiCorp Terraform/1.1.2 (+https://www.terraform.io) Terraform Plugin SDK/2.10.1 terraform-provider-linode/dev
Accept: application/json
Content-Type: application/json
X-Filter: {"+order":"desc","+order_by":"created","action":"disk_create","created":{"+gte":"2022-01-08T04:00:52"},"entity.id":33584285,"entity.type":"linode","id":{"+gte":252971027}}
Accept-Encoding: gzip


-----------------------------------------------------: timestamp=2022-01-07T20:00:53.879-0800
2022-01-07T20:00:54.006-0800 [INFO]  provider.terraform-provider-linode_v1.25.1: 2022/01/07 20:00:54 [DEBUG] Linode API Response Details:
---[ RESPONSE ]--------------------------------------
HTTP/2.0 200 OK
Content-Length: 531
Access-Control-Allow-Credentials: true
Access-Control-Allow-Headers: Authorization, Origin, X-Requested-With, Content-Type, Accept, X-Filter
Access-Control-Allow-Methods: HEAD, GET, OPTIONS, POST, PUT, DELETE
Access-Control-Allow-Origin: *
Access-Control-Expose-Headers: X-OAuth-Scopes, X-Accepted-OAuth-Scopes, X-Status
Cache-Control: private, max-age=0, s-maxage=0, no-cache, no-store
Cache-Control: private, max-age=60, s-maxage=60
Content-Security-Policy: default-src 'none'
Content-Type: application/json
Date: Sat, 08 Jan 2022 04:00:51 GMT
Server: nginx
Strict-Transport-Security: max-age=31536000
Vary: Authorization, X-Filter
Vary: Authorization, X-Filter
X-Accepted-Oauth-Scopes: events:read_only
X-Content-Type-Options: nosniff
X-Customer-Uuid: CD1C0659-20FE-11EA-B88C0CC47AEB2714
X-Frame-Options: DENY
X-Frame-Options: DENY
X-Oauth-Scopes: *
X-Spec-Version: 4.112.2
X-Xss-Protection: 1; mode=block

{
 "data": [
  {
   "id": 252971027,
   "created": "2022-01-08T04:00:53",
   "seen": false,
   "read": false,
   "percent_complete": 0,
   "time_remaining": null,
   "rate": null,
   "duration": null,
   "action": "disk_create",
   "username": "kejadlen",
   "entity": {
    "label": "nixos",
    "id": 33584285,
    "type": "linode",
    "url": "/v4/linode/instances/33584285"
   },
   "status": "scheduled",
   "secondary_entity": {
    "id": 67628489,
    "type": "disk",
    "label": "Installer",
    "url": "/v4/linode/instances/33584285/disks/67628489"
   },
   "message": ""
  }
 ],
 "page": 1,
 "pages": 1,
 "results": 1
}
-----------------------------------------------------: timestamp=2022-01-07T20:00:54.006-0800
2022-01-07T20:00:54.179-0800 [INFO]  provider.terraform-provider-linode_v1.25.1: 2022/01/07 20:00:54 [DEBUG] Linode API Request Details:
---[ REQUEST ]---------------------------------------
GET /v4/account/events?page=1 HTTP/1.1
Host: api.linode.com
User-Agent: HashiCorp Terraform/1.1.2 (+https://www.terraform.io) Terraform Plugin SDK/2.10.1 terraform-provider-linode/dev
Accept: application/json
Content-Type: application/json
X-Filter: {"+order":"desc","+order_by":"created","action":"disk_create","created":{"+gte":"2022-01-08T04:00:52"},"entity.id":33584285,"entity.type":"linode","id":{"+gte":252971027}}
Accept-Encoding: gzip


-----------------------------------------------------: timestamp=2022-01-07T20:00:54.179-0800
2022-01-07T20:00:54.309-0800 [INFO]  provider.terraform-provider-linode_v1.25.1: 2022/01/07 20:00:54 [DEBUG] Linode API Response Details:
---[ RESPONSE ]--------------------------------------
HTTP/2.0 200 OK
Content-Length: 531
Access-Control-Allow-Credentials: true
Access-Control-Allow-Headers: Authorization, Origin, X-Requested-With, Content-Type, Accept, X-Filter
Access-Control-Allow-Methods: HEAD, GET, OPTIONS, POST, PUT, DELETE
Access-Control-Allow-Origin: *
Access-Control-Expose-Headers: X-OAuth-Scopes, X-Accepted-OAuth-Scopes, X-Status
Cache-Control: private, max-age=0, s-maxage=0, no-cache, no-store
Cache-Control: private, max-age=60, s-maxage=60
Content-Security-Policy: default-src 'none'
Content-Type: application/json
Date: Sat, 08 Jan 2022 04:00:51 GMT
Server: nginx
Strict-Transport-Security: max-age=31536000
Vary: Authorization, X-Filter
Vary: Authorization, X-Filter
X-Accepted-Oauth-Scopes: events:read_only
X-Content-Type-Options: nosniff
X-Customer-Uuid: CD1C0659-20FE-11EA-B88C0CC47AEB2714
X-Frame-Options: DENY
X-Frame-Options: DENY
X-Oauth-Scopes: *
X-Spec-Version: 4.112.2
X-Xss-Protection: 1; mode=block

{
 "data": [
  {
   "id": 252971027,
   "created": "2022-01-08T04:00:53",
   "seen": false,
   "read": false,
   "percent_complete": 0,
   "time_remaining": null,
   "rate": null,
   "duration": null,
   "action": "disk_create",
   "username": "kejadlen",
   "entity": {
    "label": "nixos",
    "id": 33584285,
    "type": "linode",
    "url": "/v4/linode/instances/33584285"
   },
   "status": "scheduled",
   "secondary_entity": {
    "id": 67628489,
    "type": "disk",
    "label": "Installer",
    "url": "/v4/linode/instances/33584285/disks/67628489"
   },
   "message": ""
  }
 ],
 "page": 1,
 "pages": 1,
 "results": 1
}
-----------------------------------------------------: timestamp=2022-01-07T20:00:54.308-0800
2022-01-07T20:00:54.478-0800 [INFO]  provider.terraform-provider-linode_v1.25.1: 2022/01/07 20:00:54 [DEBUG] Linode API Request Details:
---[ REQUEST ]---------------------------------------
GET /v4/account/events?page=1 HTTP/1.1
Host: api.linode.com
User-Agent: HashiCorp Terraform/1.1.2 (+https://www.terraform.io) Terraform Plugin SDK/2.10.1 terraform-provider-linode/dev
Accept: application/json
Content-Type: application/json
X-Filter: {"+order":"desc","+order_by":"created","action":"disk_create","created":{"+gte":"2022-01-08T04:00:52"},"entity.id":33584285,"entity.type":"linode","id":{"+gte":252971027}}
Accept-Encoding: gzip


-----------------------------------------------------: timestamp=2022-01-07T20:00:54.478-0800
2022-01-07T20:00:54.626-0800 [INFO]  provider.terraform-provider-linode_v1.25.1: 2022/01/07 20:00:54 [DEBUG] Linode API Response Details:
---[ RESPONSE ]--------------------------------------
HTTP/2.0 200 OK
Content-Length: 531
Access-Control-Allow-Credentials: true
Access-Control-Allow-Headers: Authorization, Origin, X-Requested-With, Content-Type, Accept, X-Filter
Access-Control-Allow-Methods: HEAD, GET, OPTIONS, POST, PUT, DELETE
Access-Control-Allow-Origin: *
Access-Control-Expose-Headers: X-OAuth-Scopes, X-Accepted-OAuth-Scopes, X-Status
Cache-Control: private, max-age=0, s-maxage=0, no-cache, no-store
Cache-Control: private, max-age=60, s-maxage=60
Content-Security-Policy: default-src 'none'
Content-Type: application/json
Date: Sat, 08 Jan 2022 04:00:51 GMT
Server: nginx
Strict-Transport-Security: max-age=31536000
Vary: Authorization, X-Filter
Vary: Authorization, X-Filter
X-Accepted-Oauth-Scopes: events:read_only
X-Content-Type-Options: nosniff
X-Customer-Uuid: CD1C0659-20FE-11EA-B88C0CC47AEB2714
X-Frame-Options: DENY
X-Frame-Options: DENY
X-Oauth-Scopes: *
X-Spec-Version: 4.112.2
X-Xss-Protection: 1; mode=block

{
 "data": [
  {
   "id": 252971027,
   "created": "2022-01-08T04:00:53",
   "seen": false,
   "read": false,
   "percent_complete": 0,
   "time_remaining": null,
   "rate": null,
   "duration": null,
   "action": "disk_create",
   "username": "kejadlen",
   "entity": {
    "label": "nixos",
    "id": 33584285,
    "type": "linode",
    "url": "/v4/linode/instances/33584285"
   },
   "status": "scheduled",
   "secondary_entity": {
    "id": 67628489,
    "type": "disk",
    "label": "Installer",
    "url": "/v4/linode/instances/33584285/disks/67628489"
   },
   "message": ""
  }
 ],
 "page": 1,
 "pages": 1,
 "results": 1
}
-----------------------------------------------------: timestamp=2022-01-07T20:00:54.625-0800
2022-01-07T20:00:54.779-0800 [INFO]  provider.terraform-provider-linode_v1.25.1: 2022/01/07 20:00:54 [DEBUG] Linode API Request Details:
---[ REQUEST ]---------------------------------------
GET /v4/account/events?page=1 HTTP/1.1
Host: api.linode.com
User-Agent: HashiCorp Terraform/1.1.2 (+https://www.terraform.io) Terraform Plugin SDK/2.10.1 terraform-provider-linode/dev
Accept: application/json
Content-Type: application/json
X-Filter: {"+order":"desc","+order_by":"created","action":"disk_create","created":{"+gte":"2022-01-08T04:00:52"},"entity.id":33584285,"entity.type":"linode","id":{"+gte":252971027}}
Accept-Encoding: gzip


-----------------------------------------------------: timestamp=2022-01-07T20:00:54.778-0800
2022-01-07T20:00:54.893-0800 [INFO]  provider.terraform-provider-linode_v1.25.1: 2022/01/07 20:00:54 [DEBUG] Linode API Response Details:
---[ RESPONSE ]--------------------------------------
HTTP/2.0 200 OK
Content-Length: 531
Access-Control-Allow-Credentials: true
Access-Control-Allow-Headers: Authorization, Origin, X-Requested-With, Content-Type, Accept, X-Filter
Access-Control-Allow-Methods: HEAD, GET, OPTIONS, POST, PUT, DELETE
Access-Control-Allow-Origin: *
Access-Control-Expose-Headers: X-OAuth-Scopes, X-Accepted-OAuth-Scopes, X-Status
Cache-Control: private, max-age=0, s-maxage=0, no-cache, no-store
Cache-Control: private, max-age=60, s-maxage=60
Content-Security-Policy: default-src 'none'
Content-Type: application/json
Date: Sat, 08 Jan 2022 04:00:52 GMT
Server: nginx
Strict-Transport-Security: max-age=31536000
Vary: Authorization, X-Filter
Vary: Authorization, X-Filter
X-Accepted-Oauth-Scopes: events:read_only
X-Content-Type-Options: nosniff
X-Customer-Uuid: CD1C0659-20FE-11EA-B88C0CC47AEB2714
X-Frame-Options: DENY
X-Frame-Options: DENY
X-Oauth-Scopes: *
X-Spec-Version: 4.112.2
X-Xss-Protection: 1; mode=block

{
 "data": [
  {
   "id": 252971027,
   "created": "2022-01-08T04:00:53",
   "seen": false,
   "read": false,
   "percent_complete": 0,
   "time_remaining": null,
   "rate": null,
   "duration": null,
   "action": "disk_create",
   "username": "kejadlen",
   "entity": {
    "label": "nixos",
    "id": 33584285,
    "type": "linode",
    "url": "/v4/linode/instances/33584285"
   },
   "status": "scheduled",
   "secondary_entity": {
    "id": 67628489,
    "type": "disk",
    "label": "Installer",
    "url": "/v4/linode/instances/33584285/disks/67628489"
   },
   "message": ""
  }
 ],
 "page": 1,
 "pages": 1,
 "results": 1
}
-----------------------------------------------------: timestamp=2022-01-07T20:00:54.893-0800
2022-01-07T20:00:55.079-0800 [INFO]  provider.terraform-provider-linode_v1.25.1: 2022/01/07 20:00:55 [DEBUG] Linode API Request Details:
---[ REQUEST ]---------------------------------------
GET /v4/account/events?page=1 HTTP/1.1
Host: api.linode.com
User-Agent: HashiCorp Terraform/1.1.2 (+https://www.terraform.io) Terraform Plugin SDK/2.10.1 terraform-provider-linode/dev
Accept: application/json
Content-Type: application/json
X-Filter: {"+order":"desc","+order_by":"created","action":"disk_create","created":{"+gte":"2022-01-08T04:00:52"},"entity.id":33584285,"entity.type":"linode","id":{"+gte":252971027}}
Accept-Encoding: gzip


-----------------------------------------------------: timestamp=2022-01-07T20:00:55.078-0800
2022-01-07T20:00:55.216-0800 [INFO]  provider.terraform-provider-linode_v1.25.1: 2022/01/07 20:00:55 [DEBUG] Linode API Response Details:
---[ RESPONSE ]--------------------------------------
HTTP/2.0 200 OK
Content-Length: 531
Access-Control-Allow-Credentials: true
Access-Control-Allow-Headers: Authorization, Origin, X-Requested-With, Content-Type, Accept, X-Filter
Access-Control-Allow-Methods: HEAD, GET, OPTIONS, POST, PUT, DELETE
Access-Control-Allow-Origin: *
Access-Control-Expose-Headers: X-OAuth-Scopes, X-Accepted-OAuth-Scopes, X-Status
Cache-Control: private, max-age=0, s-maxage=0, no-cache, no-store
Cache-Control: private, max-age=60, s-maxage=60
Content-Security-Policy: default-src 'none'
Content-Type: application/json
Date: Sat, 08 Jan 2022 04:00:52 GMT
Server: nginx
Strict-Transport-Security: max-age=31536000
Vary: Authorization, X-Filter
Vary: Authorization, X-Filter
X-Accepted-Oauth-Scopes: events:read_only
X-Content-Type-Options: nosniff
X-Customer-Uuid: CD1C0659-20FE-11EA-B88C0CC47AEB2714
X-Frame-Options: DENY
X-Frame-Options: DENY
X-Oauth-Scopes: *
X-Spec-Version: 4.112.2
X-Xss-Protection: 1; mode=block

{
 "data": [
  {
   "id": 252971027,
   "created": "2022-01-08T04:00:53",
   "seen": false,
   "read": false,
   "percent_complete": 0,
   "time_remaining": null,
   "rate": null,
   "duration": null,
   "action": "disk_create",
   "username": "kejadlen",
   "entity": {
    "label": "nixos",
    "id": 33584285,
    "type": "linode",
    "url": "/v4/linode/instances/33584285"
   },
   "status": "scheduled",
   "secondary_entity": {
    "id": 67628489,
    "type": "disk",
    "label": "Installer",
    "url": "/v4/linode/instances/33584285/disks/67628489"
   },
   "message": ""
  }
 ],
 "page": 1,
 "pages": 1,
 "results": 1
}
-----------------------------------------------------: timestamp=2022-01-07T20:00:55.215-0800
2022-01-07T20:00:55.379-0800 [INFO]  provider.terraform-provider-linode_v1.25.1: 2022/01/07 20:00:55 [DEBUG] Linode API Request Details:
---[ REQUEST ]---------------------------------------
GET /v4/account/events?page=1 HTTP/1.1
Host: api.linode.com
User-Agent: HashiCorp Terraform/1.1.2 (+https://www.terraform.io) Terraform Plugin SDK/2.10.1 terraform-provider-linode/dev
Accept: application/json
Content-Type: application/json
X-Filter: {"+order":"desc","+order_by":"created","action":"disk_create","created":{"+gte":"2022-01-08T04:00:52"},"entity.id":33584285,"entity.type":"linode","id":{"+gte":252971027}}
Accept-Encoding: gzip


-----------------------------------------------------: timestamp=2022-01-07T20:00:55.379-0800
2022-01-07T20:00:55.503-0800 [INFO]  provider.terraform-provider-linode_v1.25.1: 2022/01/07 20:00:55 [DEBUG] Linode API Response Details:
---[ RESPONSE ]--------------------------------------
HTTP/2.0 200 OK
Content-Length: 531
Access-Control-Allow-Credentials: true
Access-Control-Allow-Headers: Authorization, Origin, X-Requested-With, Content-Type, Accept, X-Filter
Access-Control-Allow-Methods: HEAD, GET, OPTIONS, POST, PUT, DELETE
Access-Control-Allow-Origin: *
Access-Control-Expose-Headers: X-OAuth-Scopes, X-Accepted-OAuth-Scopes, X-Status
Cache-Control: private, max-age=0, s-maxage=0, no-cache, no-store
Cache-Control: private, max-age=60, s-maxage=60
Content-Security-Policy: default-src 'none'
Content-Type: application/json
Date: Sat, 08 Jan 2022 04:00:52 GMT
Server: nginx
Strict-Transport-Security: max-age=31536000
Vary: Authorization, X-Filter
Vary: Authorization, X-Filter
X-Accepted-Oauth-Scopes: events:read_only
X-Content-Type-Options: nosniff
X-Customer-Uuid: CD1C0659-20FE-11EA-B88C0CC47AEB2714
X-Frame-Options: DENY
X-Frame-Options: DENY
X-Oauth-Scopes: *
X-Spec-Version: 4.112.2
X-Xss-Protection: 1; mode=block

{
 "data": [
  {
   "id": 252971027,
   "created": "2022-01-08T04:00:53",
   "seen": false,
   "read": false,
   "percent_complete": 0,
   "time_remaining": null,
   "rate": null,
   "duration": null,
   "action": "disk_create",
   "username": "kejadlen",
   "entity": {
    "label": "nixos",
    "id": 33584285,
    "type": "linode",
    "url": "/v4/linode/instances/33584285"
   },
   "status": "scheduled",
   "secondary_entity": {
    "id": 67628489,
    "type": "disk",
    "label": "Installer",
    "url": "/v4/linode/instances/33584285/disks/67628489"
   },
   "message": ""
  }
 ],
 "page": 1,
 "pages": 1,
 "results": 1
}
-----------------------------------------------------: timestamp=2022-01-07T20:00:55.503-0800
2022-01-07T20:00:55.679-0800 [INFO]  provider.terraform-provider-linode_v1.25.1: 2022/01/07 20:00:55 [DEBUG] Linode API Request Details:
---[ REQUEST ]---------------------------------------
GET /v4/account/events?page=1 HTTP/1.1
Host: api.linode.com
User-Agent: HashiCorp Terraform/1.1.2 (+https://www.terraform.io) Terraform Plugin SDK/2.10.1 terraform-provider-linode/dev
Accept: application/json
Content-Type: application/json
X-Filter: {"+order":"desc","+order_by":"created","action":"disk_create","created":{"+gte":"2022-01-08T04:00:52"},"entity.id":33584285,"entity.type":"linode","id":{"+gte":252971027}}
Accept-Encoding: gzip


-----------------------------------------------------: timestamp=2022-01-07T20:00:55.678-0800
2022-01-07T20:00:55.795-0800 [INFO]  provider.terraform-provider-linode_v1.25.1: 2022/01/07 20:00:55 [DEBUG] Linode API Response Details:
---[ RESPONSE ]--------------------------------------
HTTP/2.0 200 OK
Content-Length: 531
Access-Control-Allow-Credentials: true
Access-Control-Allow-Headers: Authorization, Origin, X-Requested-With, Content-Type, Accept, X-Filter
Access-Control-Allow-Methods: HEAD, GET, OPTIONS, POST, PUT, DELETE
Access-Control-Allow-Origin: *
Access-Control-Expose-Headers: X-OAuth-Scopes, X-Accepted-OAuth-Scopes, X-Status
Cache-Control: private, max-age=0, s-maxage=0, no-cache, no-store
Cache-Control: private, max-age=60, s-maxage=60
Content-Security-Policy: default-src 'none'
Content-Type: application/json
Date: Sat, 08 Jan 2022 04:00:52 GMT
Server: nginx
Strict-Transport-Security: max-age=31536000
Vary: Authorization, X-Filter
Vary: Authorization, X-Filter
X-Accepted-Oauth-Scopes: events:read_only
X-Content-Type-Options: nosniff
X-Customer-Uuid: CD1C0659-20FE-11EA-B88C0CC47AEB2714
X-Frame-Options: DENY
X-Frame-Options: DENY
X-Oauth-Scopes: *
X-Spec-Version: 4.112.2
X-Xss-Protection: 1; mode=block

{
 "data": [
  {
   "id": 252971027,
   "created": "2022-01-08T04:00:53",
   "seen": false,
   "read": false,
   "percent_complete": 0,
   "time_remaining": null,
   "rate": null,
   "duration": null,
   "action": "disk_create",
   "username": "kejadlen",
   "entity": {
    "label": "nixos",
    "id": 33584285,
    "type": "linode",
    "url": "/v4/linode/instances/33584285"
   },
   "status": "scheduled",
   "secondary_entity": {
    "id": 67628489,
    "type": "disk",
    "label": "Installer",
    "url": "/v4/linode/instances/33584285/disks/67628489"
   },
   "message": ""
  }
 ],
 "page": 1,
 "pages": 1,
 "results": 1
}
-----------------------------------------------------: timestamp=2022-01-07T20:00:55.795-0800
2022-01-07T20:00:55.980-0800 [INFO]  provider.terraform-provider-linode_v1.25.1: 2022/01/07 20:00:55 [DEBUG] Linode API Request Details:
---[ REQUEST ]---------------------------------------
GET /v4/account/events?page=1 HTTP/1.1
Host: api.linode.com
User-Agent: HashiCorp Terraform/1.1.2 (+https://www.terraform.io) Terraform Plugin SDK/2.10.1 terraform-provider-linode/dev
Accept: application/json
Content-Type: application/json
X-Filter: {"+order":"desc","+order_by":"created","action":"disk_create","created":{"+gte":"2022-01-08T04:00:52"},"entity.id":33584285,"entity.type":"linode","id":{"+gte":252971027}}
Accept-Encoding: gzip


-----------------------------------------------------: timestamp=2022-01-07T20:00:55.979-0800
2022-01-07T20:00:56.103-0800 [INFO]  provider.terraform-provider-linode_v1.25.1: 2022/01/07 20:00:56 [DEBUG] Linode API Response Details:
---[ RESPONSE ]--------------------------------------
HTTP/2.0 200 OK
Content-Length: 531
Access-Control-Allow-Credentials: true
Access-Control-Allow-Headers: Authorization, Origin, X-Requested-With, Content-Type, Accept, X-Filter
Access-Control-Allow-Methods: HEAD, GET, OPTIONS, POST, PUT, DELETE
Access-Control-Allow-Origin: *
Access-Control-Expose-Headers: X-OAuth-Scopes, X-Accepted-OAuth-Scopes, X-Status
Cache-Control: private, max-age=0, s-maxage=0, no-cache, no-store
Cache-Control: private, max-age=60, s-maxage=60
Content-Security-Policy: default-src 'none'
Content-Type: application/json
Date: Sat, 08 Jan 2022 04:00:53 GMT
Server: nginx
Strict-Transport-Security: max-age=31536000
Vary: Authorization, X-Filter
Vary: Authorization, X-Filter
X-Accepted-Oauth-Scopes: events:read_only
X-Content-Type-Options: nosniff
X-Customer-Uuid: CD1C0659-20FE-11EA-B88C0CC47AEB2714
X-Frame-Options: DENY
X-Frame-Options: DENY
X-Oauth-Scopes: *
X-Spec-Version: 4.112.2
X-Xss-Protection: 1; mode=block

{
 "data": [
  {
   "id": 252971027,
   "created": "2022-01-08T04:00:53",
   "seen": false,
   "read": false,
   "percent_complete": 0,
   "time_remaining": null,
   "rate": null,
   "duration": null,
   "action": "disk_create",
   "username": "kejadlen",
   "entity": {
    "label": "nixos",
    "id": 33584285,
    "type": "linode",
    "url": "/v4/linode/instances/33584285"
   },
   "status": "scheduled",
   "secondary_entity": {
    "id": 67628489,
    "type": "disk",
    "label": "Installer",
    "url": "/v4/linode/instances/33584285/disks/67628489"
   },
   "message": ""
  }
 ],
 "page": 1,
 "pages": 1,
 "results": 1
}
-----------------------------------------------------: timestamp=2022-01-07T20:00:56.103-0800
2022-01-07T20:00:56.279-0800 [INFO]  provider.terraform-provider-linode_v1.25.1: 2022/01/07 20:00:56 [DEBUG] Linode API Request Details:
---[ REQUEST ]---------------------------------------
GET /v4/account/events?page=1 HTTP/1.1
Host: api.linode.com
User-Agent: HashiCorp Terraform/1.1.2 (+https://www.terraform.io) Terraform Plugin SDK/2.10.1 terraform-provider-linode/dev
Accept: application/json
Content-Type: application/json
X-Filter: {"+order":"desc","+order_by":"created","action":"disk_create","created":{"+gte":"2022-01-08T04:00:52"},"entity.id":33584285,"entity.type":"linode","id":{"+gte":252971027}}
Accept-Encoding: gzip


-----------------------------------------------------: timestamp=2022-01-07T20:00:56.278-0800
2022-01-07T20:00:56.406-0800 [INFO]  provider.terraform-provider-linode_v1.25.1: 2022/01/07 20:00:56 [DEBUG] Linode API Response Details:
---[ RESPONSE ]--------------------------------------
HTTP/2.0 200 OK
Content-Length: 531
Access-Control-Allow-Credentials: true
Access-Control-Allow-Headers: Authorization, Origin, X-Requested-With, Content-Type, Accept, X-Filter
Access-Control-Allow-Methods: HEAD, GET, OPTIONS, POST, PUT, DELETE
Access-Control-Allow-Origin: *
Access-Control-Expose-Headers: X-OAuth-Scopes, X-Accepted-OAuth-Scopes, X-Status
Cache-Control: private, max-age=0, s-maxage=0, no-cache, no-store
Cache-Control: private, max-age=60, s-maxage=60
Content-Security-Policy: default-src 'none'
Content-Type: application/json
Date: Sat, 08 Jan 2022 04:00:53 GMT
Server: nginx
Strict-Transport-Security: max-age=31536000
Vary: Authorization, X-Filter
Vary: Authorization, X-Filter
X-Accepted-Oauth-Scopes: events:read_only
X-Content-Type-Options: nosniff
X-Customer-Uuid: CD1C0659-20FE-11EA-B88C0CC47AEB2714
X-Frame-Options: DENY
X-Frame-Options: DENY
X-Oauth-Scopes: *
X-Spec-Version: 4.112.2
X-Xss-Protection: 1; mode=block

{
 "data": [
  {
   "id": 252971027,
   "created": "2022-01-08T04:00:53",
   "seen": false,
   "read": false,
   "percent_complete": 0,
   "time_remaining": null,
   "rate": null,
   "duration": null,
   "action": "disk_create",
   "username": "kejadlen",
   "entity": {
    "label": "nixos",
    "id": 33584285,
    "type": "linode",
    "url": "/v4/linode/instances/33584285"
   },
   "status": "scheduled",
   "secondary_entity": {
    "id": 67628489,
    "type": "disk",
    "label": "Installer",
    "url": "/v4/linode/instances/33584285/disks/67628489"
   },
   "message": ""
  }
 ],
 "page": 1,
 "pages": 1,
 "results": 1
}
-----------------------------------------------------: timestamp=2022-01-07T20:00:56.405-0800
2022-01-07T20:00:56.580-0800 [INFO]  provider.terraform-provider-linode_v1.25.1: 2022/01/07 20:00:56 [DEBUG] Linode API Request Details:
---[ REQUEST ]---------------------------------------
GET /v4/account/events?page=1 HTTP/1.1
Host: api.linode.com
User-Agent: HashiCorp Terraform/1.1.2 (+https://www.terraform.io) Terraform Plugin SDK/2.10.1 terraform-provider-linode/dev
Accept: application/json
Content-Type: application/json
X-Filter: {"+order":"desc","+order_by":"created","action":"disk_create","created":{"+gte":"2022-01-08T04:00:52"},"entity.id":33584285,"entity.type":"linode","id":{"+gte":252971027}}
Accept-Encoding: gzip


-----------------------------------------------------: timestamp=2022-01-07T20:00:56.579-0800
2022-01-07T20:00:56.711-0800 [INFO]  provider.terraform-provider-linode_v1.25.1: 2022/01/07 20:00:56 [DEBUG] Linode API Response Details:
---[ RESPONSE ]--------------------------------------
HTTP/2.0 200 OK
Content-Length: 531
Access-Control-Allow-Credentials: true
Access-Control-Allow-Headers: Authorization, Origin, X-Requested-With, Content-Type, Accept, X-Filter
Access-Control-Allow-Methods: HEAD, GET, OPTIONS, POST, PUT, DELETE
Access-Control-Allow-Origin: *
Access-Control-Expose-Headers: X-OAuth-Scopes, X-Accepted-OAuth-Scopes, X-Status
Cache-Control: private, max-age=0, s-maxage=0, no-cache, no-store
Cache-Control: private, max-age=60, s-maxage=60
Content-Security-Policy: default-src 'none'
Content-Type: application/json
Date: Sat, 08 Jan 2022 04:00:53 GMT
Server: nginx
Strict-Transport-Security: max-age=31536000
Vary: Authorization, X-Filter
Vary: Authorization, X-Filter
X-Accepted-Oauth-Scopes: events:read_only
X-Content-Type-Options: nosniff
X-Customer-Uuid: CD1C0659-20FE-11EA-B88C0CC47AEB2714
X-Frame-Options: DENY
X-Frame-Options: DENY
X-Oauth-Scopes: *
X-Spec-Version: 4.112.2
X-Xss-Protection: 1; mode=block

{
 "data": [
  {
   "id": 252971027,
   "created": "2022-01-08T04:00:53",
   "seen": false,
   "read": false,
   "percent_complete": 0,
   "time_remaining": null,
   "rate": null,
   "duration": null,
   "action": "disk_create",
   "username": "kejadlen",
   "entity": {
    "label": "nixos",
    "id": 33584285,
    "type": "linode",
    "url": "/v4/linode/instances/33584285"
   },
   "status": "scheduled",
   "secondary_entity": {
    "id": 67628489,
    "type": "disk",
    "label": "Installer",
    "url": "/v4/linode/instances/33584285/disks/67628489"
   },
   "message": ""
  }
 ],
 "page": 1,
 "pages": 1,
 "results": 1
}
-----------------------------------------------------: timestamp=2022-01-07T20:00:56.710-0800
2022-01-07T20:00:56.878-0800 [INFO]  provider.terraform-provider-linode_v1.25.1: 2022/01/07 20:00:56 [DEBUG] Linode API Request Details:
---[ REQUEST ]---------------------------------------
GET /v4/account/events?page=1 HTTP/1.1
Host: api.linode.com
User-Agent: HashiCorp Terraform/1.1.2 (+https://www.terraform.io) Terraform Plugin SDK/2.10.1 terraform-provider-linode/dev
Accept: application/json
Content-Type: application/json
X-Filter: {"+order":"desc","+order_by":"created","action":"disk_create","created":{"+gte":"2022-01-08T04:00:52"},"entity.id":33584285,"entity.type":"linode","id":{"+gte":252971027}}
Accept-Encoding: gzip


-----------------------------------------------------: timestamp=2022-01-07T20:00:56.878-0800
2022-01-07T20:00:57.008-0800 [INFO]  provider.terraform-provider-linode_v1.25.1: 2022/01/07 20:00:57 [DEBUG] Linode API Response Details:
---[ RESPONSE ]--------------------------------------
HTTP/2.0 200 OK
Content-Length: 531
Access-Control-Allow-Credentials: true
Access-Control-Allow-Headers: Authorization, Origin, X-Requested-With, Content-Type, Accept, X-Filter
Access-Control-Allow-Methods: HEAD, GET, OPTIONS, POST, PUT, DELETE
Access-Control-Allow-Origin: *
Access-Control-Expose-Headers: X-OAuth-Scopes, X-Accepted-OAuth-Scopes, X-Status
Cache-Control: private, max-age=0, s-maxage=0, no-cache, no-store
Cache-Control: private, max-age=60, s-maxage=60
Content-Security-Policy: default-src 'none'
Content-Type: application/json
Date: Sat, 08 Jan 2022 04:00:54 GMT
Server: nginx
Strict-Transport-Security: max-age=31536000
Vary: Authorization, X-Filter
Vary: Authorization, X-Filter
X-Accepted-Oauth-Scopes: events:read_only
X-Content-Type-Options: nosniff
X-Customer-Uuid: CD1C0659-20FE-11EA-B88C0CC47AEB2714
X-Frame-Options: DENY
X-Frame-Options: DENY
X-Oauth-Scopes: *
X-Spec-Version: 4.112.2
X-Xss-Protection: 1; mode=block

{
 "data": [
  {
   "id": 252971027,
   "created": "2022-01-08T04:00:53",
   "seen": false,
   "read": false,
   "percent_complete": 0,
   "time_remaining": null,
   "rate": null,
   "duration": null,
   "action": "disk_create",
   "username": "kejadlen",
   "entity": {
    "label": "nixos",
    "id": 33584285,
    "type": "linode",
    "url": "/v4/linode/instances/33584285"
   },
   "status": "scheduled",
   "secondary_entity": {
    "id": 67628489,
    "type": "disk",
    "label": "Installer",
    "url": "/v4/linode/instances/33584285/disks/67628489"
   },
   "message": ""
  }
 ],
 "page": 1,
 "pages": 1,
 "results": 1
}
-----------------------------------------------------: timestamp=2022-01-07T20:00:57.008-0800
2022-01-07T20:00:57.179-0800 [INFO]  provider.terraform-provider-linode_v1.25.1: 2022/01/07 20:00:57 [DEBUG] Linode API Request Details:
---[ REQUEST ]---------------------------------------
GET /v4/account/events?page=1 HTTP/1.1
Host: api.linode.com
User-Agent: HashiCorp Terraform/1.1.2 (+https://www.terraform.io) Terraform Plugin SDK/2.10.1 terraform-provider-linode/dev
Accept: application/json
Content-Type: application/json
X-Filter: {"+order":"desc","+order_by":"created","action":"disk_create","created":{"+gte":"2022-01-08T04:00:52"},"entity.id":33584285,"entity.type":"linode","id":{"+gte":252971027}}
Accept-Encoding: gzip


-----------------------------------------------------: timestamp=2022-01-07T20:00:57.179-0800
2022-01-07T20:00:57.326-0800 [INFO]  provider.terraform-provider-linode_v1.25.1: 2022/01/07 20:00:57 [DEBUG] Linode API Response Details:
---[ RESPONSE ]--------------------------------------
HTTP/2.0 200 OK
Content-Length: 531
Access-Control-Allow-Credentials: true
Access-Control-Allow-Headers: Authorization, Origin, X-Requested-With, Content-Type, Accept, X-Filter
Access-Control-Allow-Methods: HEAD, GET, OPTIONS, POST, PUT, DELETE
Access-Control-Allow-Origin: *
Access-Control-Expose-Headers: X-OAuth-Scopes, X-Accepted-OAuth-Scopes, X-Status
Cache-Control: private, max-age=0, s-maxage=0, no-cache, no-store
Cache-Control: private, max-age=60, s-maxage=60
Content-Security-Policy: default-src 'none'
Content-Type: application/json
Date: Sat, 08 Jan 2022 04:00:54 GMT
Server: nginx
Strict-Transport-Security: max-age=31536000
Vary: Authorization, X-Filter
Vary: Authorization, X-Filter
X-Accepted-Oauth-Scopes: events:read_only
X-Content-Type-Options: nosniff
X-Customer-Uuid: CD1C0659-20FE-11EA-B88C0CC47AEB2714
X-Frame-Options: DENY
X-Frame-Options: DENY
X-Oauth-Scopes: *
X-Spec-Version: 4.112.2
X-Xss-Protection: 1; mode=block

{
 "data": [
  {
   "id": 252971027,
   "created": "2022-01-08T04:00:53",
   "seen": false,
   "read": false,
   "percent_complete": 0,
   "time_remaining": null,
   "rate": null,
   "duration": null,
   "action": "disk_create",
   "username": "kejadlen",
   "entity": {
    "label": "nixos",
    "id": 33584285,
    "type": "linode",
    "url": "/v4/linode/instances/33584285"
   },
   "status": "scheduled",
   "secondary_entity": {
    "id": 67628489,
    "type": "disk",
    "label": "Installer",
    "url": "/v4/linode/instances/33584285/disks/67628489"
   },
   "message": ""
  }
 ],
 "page": 1,
 "pages": 1,
 "results": 1
}
-----------------------------------------------------: timestamp=2022-01-07T20:00:57.326-0800
2022-01-07T20:00:57.479-0800 [INFO]  provider.terraform-provider-linode_v1.25.1: 2022/01/07 20:00:57 [DEBUG] Linode API Request Details:
---[ REQUEST ]---------------------------------------
GET /v4/account/events?page=1 HTTP/1.1
Host: api.linode.com
User-Agent: HashiCorp Terraform/1.1.2 (+https://www.terraform.io) Terraform Plugin SDK/2.10.1 terraform-provider-linode/dev
Accept: application/json
Content-Type: application/json
X-Filter: {"+order":"desc","+order_by":"created","action":"disk_create","created":{"+gte":"2022-01-08T04:00:52"},"entity.id":33584285,"entity.type":"linode","id":{"+gte":252971027}}
Accept-Encoding: gzip


-----------------------------------------------------: timestamp=2022-01-07T20:00:57.478-0800
2022-01-07T20:00:57.602-0800 [INFO]  provider.terraform-provider-linode_v1.25.1: 2022/01/07 20:00:57 [DEBUG] Linode API Response Details:
---[ RESPONSE ]--------------------------------------
HTTP/2.0 200 OK
Content-Length: 531
Access-Control-Allow-Credentials: true
Access-Control-Allow-Headers: Authorization, Origin, X-Requested-With, Content-Type, Accept, X-Filter
Access-Control-Allow-Methods: HEAD, GET, OPTIONS, POST, PUT, DELETE
Access-Control-Allow-Origin: *
Access-Control-Expose-Headers: X-OAuth-Scopes, X-Accepted-OAuth-Scopes, X-Status
Cache-Control: private, max-age=0, s-maxage=0, no-cache, no-store
Cache-Control: private, max-age=60, s-maxage=60
Content-Security-Policy: default-src 'none'
Content-Type: application/json
Date: Sat, 08 Jan 2022 04:00:54 GMT
Server: nginx
Strict-Transport-Security: max-age=31536000
Vary: Authorization, X-Filter
Vary: Authorization, X-Filter
X-Accepted-Oauth-Scopes: events:read_only
X-Content-Type-Options: nosniff
X-Customer-Uuid: CD1C0659-20FE-11EA-B88C0CC47AEB2714
X-Frame-Options: DENY
X-Frame-Options: DENY
X-Oauth-Scopes: *
X-Spec-Version: 4.112.2
X-Xss-Protection: 1; mode=block

{
 "data": [
  {
   "id": 252971027,
   "created": "2022-01-08T04:00:53",
   "seen": false,
   "read": false,
   "percent_complete": 0,
   "time_remaining": null,
   "rate": null,
   "duration": null,
   "action": "disk_create",
   "username": "kejadlen",
   "entity": {
    "label": "nixos",
    "id": 33584285,
    "type": "linode",
    "url": "/v4/linode/instances/33584285"
   },
   "status": "scheduled",
   "secondary_entity": {
    "id": 67628489,
    "type": "disk",
    "label": "Installer",
    "url": "/v4/linode/instances/33584285/disks/67628489"
   },
   "message": ""
  }
 ],
 "page": 1,
 "pages": 1,
 "results": 1
}
-----------------------------------------------------: timestamp=2022-01-07T20:00:57.602-0800
2022-01-07T20:00:57.779-0800 [INFO]  provider.terraform-provider-linode_v1.25.1: 2022/01/07 20:00:57 [DEBUG] Linode API Request Details:
---[ REQUEST ]---------------------------------------
GET /v4/account/events?page=1 HTTP/1.1
Host: api.linode.com
User-Agent: HashiCorp Terraform/1.1.2 (+https://www.terraform.io) Terraform Plugin SDK/2.10.1 terraform-provider-linode/dev
Accept: application/json
Content-Type: application/json
X-Filter: {"+order":"desc","+order_by":"created","action":"disk_create","created":{"+gte":"2022-01-08T04:00:52"},"entity.id":33584285,"entity.type":"linode","id":{"+gte":252971027}}
Accept-Encoding: gzip


-----------------------------------------------------: timestamp=2022-01-07T20:00:57.779-0800
2022-01-07T20:00:57.912-0800 [INFO]  provider.terraform-provider-linode_v1.25.1: 2022/01/07 20:00:57 [DEBUG] Linode API Response Details:
---[ RESPONSE ]--------------------------------------
HTTP/2.0 200 OK
Content-Length: 531
Access-Control-Allow-Credentials: true
Access-Control-Allow-Headers: Authorization, Origin, X-Requested-With, Content-Type, Accept, X-Filter
Access-Control-Allow-Methods: HEAD, GET, OPTIONS, POST, PUT, DELETE
Access-Control-Allow-Origin: *
Access-Control-Expose-Headers: X-OAuth-Scopes, X-Accepted-OAuth-Scopes, X-Status
Cache-Control: private, max-age=0, s-maxage=0, no-cache, no-store
Cache-Control: private, max-age=60, s-maxage=60
Content-Security-Policy: default-src 'none'
Content-Type: application/json
Date: Sat, 08 Jan 2022 04:00:55 GMT
Server: nginx
Strict-Transport-Security: max-age=31536000
Vary: Authorization, X-Filter
Vary: Authorization, X-Filter
X-Accepted-Oauth-Scopes: events:read_only
X-Content-Type-Options: nosniff
X-Customer-Uuid: CD1C0659-20FE-11EA-B88C0CC47AEB2714
X-Frame-Options: DENY
X-Frame-Options: DENY
X-Oauth-Scopes: *
X-Spec-Version: 4.112.2
X-Xss-Protection: 1; mode=block

{
 "data": [
  {
   "id": 252971027,
   "created": "2022-01-08T04:00:53",
   "seen": false,
   "read": false,
   "percent_complete": 0,
   "time_remaining": null,
   "rate": null,
   "duration": null,
   "action": "disk_create",
   "username": "kejadlen",
   "entity": {
    "label": "nixos",
    "id": 33584285,
    "type": "linode",
    "url": "/v4/linode/instances/33584285"
   },
   "status": "scheduled",
   "secondary_entity": {
    "id": 67628489,
    "type": "disk",
    "label": "Installer",
    "url": "/v4/linode/instances/33584285/disks/67628489"
   },
   "message": ""
  }
 ],
 "page": 1,
 "pages": 1,
 "results": 1
}
-----------------------------------------------------: timestamp=2022-01-07T20:00:57.911-0800
2022-01-07T20:00:58.080-0800 [INFO]  provider.terraform-provider-linode_v1.25.1: 2022/01/07 20:00:58 [DEBUG] Linode API Request Details:
---[ REQUEST ]---------------------------------------
GET /v4/account/events?page=1 HTTP/1.1
Host: api.linode.com
User-Agent: HashiCorp Terraform/1.1.2 (+https://www.terraform.io) Terraform Plugin SDK/2.10.1 terraform-provider-linode/dev
Accept: application/json
Content-Type: application/json
X-Filter: {"+order":"desc","+order_by":"created","action":"disk_create","created":{"+gte":"2022-01-08T04:00:52"},"entity.id":33584285,"entity.type":"linode","id":{"+gte":252971027}}
Accept-Encoding: gzip


-----------------------------------------------------: timestamp=2022-01-07T20:00:58.079-0800
2022-01-07T20:00:58.213-0800 [INFO]  provider.terraform-provider-linode_v1.25.1: 2022/01/07 20:00:58 [DEBUG] Linode API Response Details:
---[ RESPONSE ]--------------------------------------
HTTP/2.0 200 OK
Content-Length: 531
Access-Control-Allow-Credentials: true
Access-Control-Allow-Headers: Authorization, Origin, X-Requested-With, Content-Type, Accept, X-Filter
Access-Control-Allow-Methods: HEAD, GET, OPTIONS, POST, PUT, DELETE
Access-Control-Allow-Origin: *
Access-Control-Expose-Headers: X-OAuth-Scopes, X-Accepted-OAuth-Scopes, X-Status
Cache-Control: private, max-age=0, s-maxage=0, no-cache, no-store
Cache-Control: private, max-age=60, s-maxage=60
Content-Security-Policy: default-src 'none'
Content-Type: application/json
Date: Sat, 08 Jan 2022 04:00:55 GMT
Server: nginx
Strict-Transport-Security: max-age=31536000
Vary: Authorization, X-Filter
Vary: Authorization, X-Filter
X-Accepted-Oauth-Scopes: events:read_only
X-Content-Type-Options: nosniff
X-Customer-Uuid: CD1C0659-20FE-11EA-B88C0CC47AEB2714
X-Frame-Options: DENY
X-Frame-Options: DENY
X-Oauth-Scopes: *
X-Spec-Version: 4.112.2
X-Xss-Protection: 1; mode=block

{
 "data": [
  {
   "id": 252971027,
   "created": "2022-01-08T04:00:53",
   "seen": false,
   "read": false,
   "percent_complete": 0,
   "time_remaining": null,
   "rate": null,
   "duration": null,
   "action": "disk_create",
   "username": "kejadlen",
   "entity": {
    "label": "nixos",
    "id": 33584285,
    "type": "linode",
    "url": "/v4/linode/instances/33584285"
   },
   "status": "scheduled",
   "secondary_entity": {
    "id": 67628489,
    "type": "disk",
    "label": "Installer",
    "url": "/v4/linode/instances/33584285/disks/67628489"
   },
   "message": ""
  }
 ],
 "page": 1,
 "pages": 1,
 "results": 1
}
-----------------------------------------------------: timestamp=2022-01-07T20:00:58.213-0800
2022-01-07T20:00:58.378-0800 [INFO]  provider.terraform-provider-linode_v1.25.1: 2022/01/07 20:00:58 [DEBUG] Linode API Request Details:
---[ REQUEST ]---------------------------------------
GET /v4/account/events?page=1 HTTP/1.1
Host: api.linode.com
User-Agent: HashiCorp Terraform/1.1.2 (+https://www.terraform.io) Terraform Plugin SDK/2.10.1 terraform-provider-linode/dev
Accept: application/json
Content-Type: application/json
X-Filter: {"+order":"desc","+order_by":"created","action":"disk_create","created":{"+gte":"2022-01-08T04:00:52"},"entity.id":33584285,"entity.type":"linode","id":{"+gte":252971027}}
Accept-Encoding: gzip


-----------------------------------------------------: timestamp=2022-01-07T20:00:58.378-0800
2022-01-07T20:00:58.494-0800 [INFO]  provider.terraform-provider-linode_v1.25.1: 2022/01/07 20:00:58 [DEBUG] Linode API Response Details:
---[ RESPONSE ]--------------------------------------
HTTP/2.0 200 OK
Content-Length: 531
Access-Control-Allow-Credentials: true
Access-Control-Allow-Headers: Authorization, Origin, X-Requested-With, Content-Type, Accept, X-Filter
Access-Control-Allow-Methods: HEAD, GET, OPTIONS, POST, PUT, DELETE
Access-Control-Allow-Origin: *
Access-Control-Expose-Headers: X-OAuth-Scopes, X-Accepted-OAuth-Scopes, X-Status
Cache-Control: private, max-age=0, s-maxage=0, no-cache, no-store
Cache-Control: private, max-age=60, s-maxage=60
Content-Security-Policy: default-src 'none'
Content-Type: application/json
Date: Sat, 08 Jan 2022 04:00:55 GMT
Server: nginx
Strict-Transport-Security: max-age=31536000
Vary: Authorization, X-Filter
Vary: Authorization, X-Filter
X-Accepted-Oauth-Scopes: events:read_only
X-Content-Type-Options: nosniff
X-Customer-Uuid: CD1C0659-20FE-11EA-B88C0CC47AEB2714
X-Frame-Options: DENY
X-Frame-Options: DENY
X-Oauth-Scopes: *
X-Spec-Version: 4.112.2
X-Xss-Protection: 1; mode=block

{
 "data": [
  {
   "id": 252971027,
   "created": "2022-01-08T04:00:53",
   "seen": false,
   "read": false,
   "percent_complete": 0,
   "time_remaining": null,
   "rate": null,
   "duration": null,
   "action": "disk_create",
   "username": "kejadlen",
   "entity": {
    "label": "nixos",
    "id": 33584285,
    "type": "linode",
    "url": "/v4/linode/instances/33584285"
   },
   "status": "scheduled",
   "secondary_entity": {
    "id": 67628489,
    "type": "disk",
    "label": "Installer",
    "url": "/v4/linode/instances/33584285/disks/67628489"
   },
   "message": ""
  }
 ],
 "page": 1,
 "pages": 1,
 "results": 1
}
-----------------------------------------------------: timestamp=2022-01-07T20:00:58.494-0800
2022-01-07T20:00:58.679-0800 [INFO]  provider.terraform-provider-linode_v1.25.1: 2022/01/07 20:00:58 [DEBUG] Linode API Request Details:
---[ REQUEST ]---------------------------------------
GET /v4/account/events?page=1 HTTP/1.1
Host: api.linode.com
User-Agent: HashiCorp Terraform/1.1.2 (+https://www.terraform.io) Terraform Plugin SDK/2.10.1 terraform-provider-linode/dev
Accept: application/json
Content-Type: application/json
X-Filter: {"+order":"desc","+order_by":"created","action":"disk_create","created":{"+gte":"2022-01-08T04:00:52"},"entity.id":33584285,"entity.type":"linode","id":{"+gte":252971027}}
Accept-Encoding: gzip


-----------------------------------------------------: timestamp=2022-01-07T20:00:58.678-0800
2022-01-07T20:00:58.818-0800 [INFO]  provider.terraform-provider-linode_v1.25.1: 2022/01/07 20:00:58 [DEBUG] Linode API Response Details:
---[ RESPONSE ]--------------------------------------
HTTP/2.0 200 OK
Content-Length: 531
Access-Control-Allow-Credentials: true
Access-Control-Allow-Headers: Authorization, Origin, X-Requested-With, Content-Type, Accept, X-Filter
Access-Control-Allow-Methods: HEAD, GET, OPTIONS, POST, PUT, DELETE
Access-Control-Allow-Origin: *
Access-Control-Expose-Headers: X-OAuth-Scopes, X-Accepted-OAuth-Scopes, X-Status
Cache-Control: private, max-age=0, s-maxage=0, no-cache, no-store
Cache-Control: private, max-age=60, s-maxage=60
Content-Security-Policy: default-src 'none'
Content-Type: application/json
Date: Sat, 08 Jan 2022 04:00:55 GMT
Server: nginx
Strict-Transport-Security: max-age=31536000
Vary: Authorization, X-Filter
Vary: Authorization, X-Filter
X-Accepted-Oauth-Scopes: events:read_only
X-Content-Type-Options: nosniff
X-Customer-Uuid: CD1C0659-20FE-11EA-B88C0CC47AEB2714
X-Frame-Options: DENY
X-Frame-Options: DENY
X-Oauth-Scopes: *
X-Spec-Version: 4.112.2
X-Xss-Protection: 1; mode=block

{
 "data": [
  {
   "id": 252971027,
   "created": "2022-01-08T04:00:53",
   "seen": false,
   "read": false,
   "percent_complete": 0,
   "time_remaining": null,
   "rate": null,
   "duration": null,
   "action": "disk_create",
   "username": "kejadlen",
   "entity": {
    "label": "nixos",
    "id": 33584285,
    "type": "linode",
    "url": "/v4/linode/instances/33584285"
   },
   "status": "scheduled",
   "secondary_entity": {
    "id": 67628489,
    "type": "disk",
    "label": "Installer",
    "url": "/v4/linode/instances/33584285/disks/67628489"
   },
   "message": ""
  }
 ],
 "page": 1,
 "pages": 1,
 "results": 1
}
-----------------------------------------------------: timestamp=2022-01-07T20:00:58.817-0800
2022-01-07T20:00:58.980-0800 [INFO]  provider.terraform-provider-linode_v1.25.1: 2022/01/07 20:00:58 [DEBUG] Linode API Request Details:
---[ REQUEST ]---------------------------------------
GET /v4/account/events?page=1 HTTP/1.1
Host: api.linode.com
User-Agent: HashiCorp Terraform/1.1.2 (+https://www.terraform.io) Terraform Plugin SDK/2.10.1 terraform-provider-linode/dev
Accept: application/json
Content-Type: application/json
X-Filter: {"+order":"desc","+order_by":"created","action":"disk_create","created":{"+gte":"2022-01-08T04:00:52"},"entity.id":33584285,"entity.type":"linode","id":{"+gte":252971027}}
Accept-Encoding: gzip


-----------------------------------------------------: timestamp=2022-01-07T20:00:58.979-0800
2022-01-07T20:00:59.103-0800 [INFO]  provider.terraform-provider-linode_v1.25.1: 2022/01/07 20:00:59 [DEBUG] Linode API Response Details:
---[ RESPONSE ]--------------------------------------
HTTP/2.0 200 OK
Content-Length: 531
Access-Control-Allow-Credentials: true
Access-Control-Allow-Headers: Authorization, Origin, X-Requested-With, Content-Type, Accept, X-Filter
Access-Control-Allow-Methods: HEAD, GET, OPTIONS, POST, PUT, DELETE
Access-Control-Allow-Origin: *
Access-Control-Expose-Headers: X-OAuth-Scopes, X-Accepted-OAuth-Scopes, X-Status
Cache-Control: private, max-age=0, s-maxage=0, no-cache, no-store
Cache-Control: private, max-age=60, s-maxage=60
Content-Security-Policy: default-src 'none'
Content-Type: application/json
Date: Sat, 08 Jan 2022 04:00:56 GMT
Server: nginx
Strict-Transport-Security: max-age=31536000
Vary: Authorization, X-Filter
Vary: Authorization, X-Filter
X-Accepted-Oauth-Scopes: events:read_only
X-Content-Type-Options: nosniff
X-Customer-Uuid: CD1C0659-20FE-11EA-B88C0CC47AEB2714
X-Frame-Options: DENY
X-Frame-Options: DENY
X-Oauth-Scopes: *
X-Spec-Version: 4.112.2
X-Xss-Protection: 1; mode=block

{
 "data": [
  {
   "id": 252971027,
   "created": "2022-01-08T04:00:53",
   "seen": false,
   "read": false,
   "percent_complete": 0,
   "time_remaining": null,
   "rate": null,
   "duration": null,
   "action": "disk_create",
   "username": "kejadlen",
   "entity": {
    "label": "nixos",
    "id": 33584285,
    "type": "linode",
    "url": "/v4/linode/instances/33584285"
   },
   "status": "scheduled",
   "secondary_entity": {
    "id": 67628489,
    "type": "disk",
    "label": "Installer",
    "url": "/v4/linode/instances/33584285/disks/67628489"
   },
   "message": ""
  }
 ],
 "page": 1,
 "pages": 1,
 "results": 1
}
-----------------------------------------------------: timestamp=2022-01-07T20:00:59.103-0800
2022-01-07T20:00:59.279-0800 [INFO]  provider.terraform-provider-linode_v1.25.1: 2022/01/07 20:00:59 [DEBUG] Linode API Request Details:
---[ REQUEST ]---------------------------------------
GET /v4/account/events?page=1 HTTP/1.1
Host: api.linode.com
User-Agent: HashiCorp Terraform/1.1.2 (+https://www.terraform.io) Terraform Plugin SDK/2.10.1 terraform-provider-linode/dev
Accept: application/json
Content-Type: application/json
X-Filter: {"+order":"desc","+order_by":"created","action":"disk_create","created":{"+gte":"2022-01-08T04:00:52"},"entity.id":33584285,"entity.type":"linode","id":{"+gte":252971027}}
Accept-Encoding: gzip


-----------------------------------------------------: timestamp=2022-01-07T20:00:59.279-0800
2022-01-07T20:00:59.398-0800 [INFO]  provider.terraform-provider-linode_v1.25.1: 2022/01/07 20:00:59 [DEBUG] Linode API Response Details:
---[ RESPONSE ]--------------------------------------
HTTP/2.0 200 OK
Content-Length: 531
Access-Control-Allow-Credentials: true
Access-Control-Allow-Headers: Authorization, Origin, X-Requested-With, Content-Type, Accept, X-Filter
Access-Control-Allow-Methods: HEAD, GET, OPTIONS, POST, PUT, DELETE
Access-Control-Allow-Origin: *
Access-Control-Expose-Headers: X-OAuth-Scopes, X-Accepted-OAuth-Scopes, X-Status
Cache-Control: private, max-age=0, s-maxage=0, no-cache, no-store
Cache-Control: private, max-age=60, s-maxage=60
Content-Security-Policy: default-src 'none'
Content-Type: application/json
Date: Sat, 08 Jan 2022 04:00:56 GMT
Server: nginx
Strict-Transport-Security: max-age=31536000
Vary: Authorization, X-Filter
Vary: Authorization, X-Filter
X-Accepted-Oauth-Scopes: events:read_only
X-Content-Type-Options: nosniff
X-Customer-Uuid: CD1C0659-20FE-11EA-B88C0CC47AEB2714
X-Frame-Options: DENY
X-Frame-Options: DENY
X-Oauth-Scopes: *
X-Spec-Version: 4.112.2
X-Xss-Protection: 1; mode=block

{
 "data": [
  {
   "id": 252971027,
   "created": "2022-01-08T04:00:53",
   "seen": false,
   "read": false,
   "percent_complete": 0,
   "time_remaining": null,
   "rate": null,
   "duration": null,
   "action": "disk_create",
   "username": "kejadlen",
   "entity": {
    "label": "nixos",
    "id": 33584285,
    "type": "linode",
    "url": "/v4/linode/instances/33584285"
   },
   "status": "scheduled",
   "secondary_entity": {
    "id": 67628489,
    "type": "disk",
    "label": "Installer",
    "url": "/v4/linode/instances/33584285/disks/67628489"
   },
   "message": ""
  }
 ],
 "page": 1,
 "pages": 1,
 "results": 1
}
-----------------------------------------------------: timestamp=2022-01-07T20:00:59.398-0800
2022-01-07T20:00:59.579-0800 [INFO]  provider.terraform-provider-linode_v1.25.1: 2022/01/07 20:00:59 [DEBUG] Linode API Request Details:
---[ REQUEST ]---------------------------------------
GET /v4/account/events?page=1 HTTP/1.1
Host: api.linode.com
User-Agent: HashiCorp Terraform/1.1.2 (+https://www.terraform.io) Terraform Plugin SDK/2.10.1 terraform-provider-linode/dev
Accept: application/json
Content-Type: application/json
X-Filter: {"+order":"desc","+order_by":"created","action":"disk_create","created":{"+gte":"2022-01-08T04:00:52"},"entity.id":33584285,"entity.type":"linode","id":{"+gte":252971027}}
Accept-Encoding: gzip


-----------------------------------------------------: timestamp=2022-01-07T20:00:59.578-0800
2022-01-07T20:00:59.721-0800 [INFO]  provider.terraform-provider-linode_v1.25.1: 2022/01/07 20:00:59 [DEBUG] Linode API Response Details:
---[ RESPONSE ]--------------------------------------
HTTP/2.0 200 OK
Content-Length: 531
Access-Control-Allow-Credentials: true
Access-Control-Allow-Headers: Authorization, Origin, X-Requested-With, Content-Type, Accept, X-Filter
Access-Control-Allow-Methods: HEAD, GET, OPTIONS, POST, PUT, DELETE
Access-Control-Allow-Origin: *
Access-Control-Expose-Headers: X-OAuth-Scopes, X-Accepted-OAuth-Scopes, X-Status
Cache-Control: private, max-age=0, s-maxage=0, no-cache, no-store
Cache-Control: private, max-age=60, s-maxage=60
Content-Security-Policy: default-src 'none'
Content-Type: application/json
Date: Sat, 08 Jan 2022 04:00:56 GMT
Server: nginx
Strict-Transport-Security: max-age=31536000
Vary: Authorization, X-Filter
Vary: Authorization, X-Filter
X-Accepted-Oauth-Scopes: events:read_only
X-Content-Type-Options: nosniff
X-Customer-Uuid: CD1C0659-20FE-11EA-B88C0CC47AEB2714
X-Frame-Options: DENY
X-Frame-Options: DENY
X-Oauth-Scopes: *
X-Spec-Version: 4.112.2
X-Xss-Protection: 1; mode=block

{
 "data": [
  {
   "id": 252971027,
   "created": "2022-01-08T04:00:53",
   "seen": false,
   "read": false,
   "percent_complete": 0,
   "time_remaining": null,
   "rate": null,
   "duration": null,
   "action": "disk_create",
   "username": "kejadlen",
   "entity": {
    "label": "nixos",
    "id": 33584285,
    "type": "linode",
    "url": "/v4/linode/instances/33584285"
   },
   "status": "scheduled",
   "secondary_entity": {
    "id": 67628489,
    "type": "disk",
    "label": "Installer",
    "url": "/v4/linode/instances/33584285/disks/67628489"
   },
   "message": ""
  }
 ],
 "page": 1,
 "pages": 1,
 "results": 1
}
-----------------------------------------------------: timestamp=2022-01-07T20:00:59.721-0800
2022-01-07T20:00:59.879-0800 [INFO]  provider.terraform-provider-linode_v1.25.1: 2022/01/07 20:00:59 [DEBUG] Linode API Request Details:
---[ REQUEST ]---------------------------------------
GET /v4/account/events?page=1 HTTP/1.1
Host: api.linode.com
User-Agent: HashiCorp Terraform/1.1.2 (+https://www.terraform.io) Terraform Plugin SDK/2.10.1 terraform-provider-linode/dev
Accept: application/json
Content-Type: application/json
X-Filter: {"+order":"desc","+order_by":"created","action":"disk_create","created":{"+gte":"2022-01-08T04:00:52"},"entity.id":33584285,"entity.type":"linode","id":{"+gte":252971027}}
Accept-Encoding: gzip


-----------------------------------------------------: timestamp=2022-01-07T20:00:59.879-0800
2022-01-07T20:01:00.027-0800 [INFO]  provider.terraform-provider-linode_v1.25.1: 2022/01/07 20:01:00 [DEBUG] Linode API Response Details:
---[ RESPONSE ]--------------------------------------
HTTP/2.0 200 OK
Content-Length: 531
Access-Control-Allow-Credentials: true
Access-Control-Allow-Headers: Authorization, Origin, X-Requested-With, Content-Type, Accept, X-Filter
Access-Control-Allow-Methods: HEAD, GET, OPTIONS, POST, PUT, DELETE
Access-Control-Allow-Origin: *
Access-Control-Expose-Headers: X-OAuth-Scopes, X-Accepted-OAuth-Scopes, X-Status
Cache-Control: private, max-age=0, s-maxage=0, no-cache, no-store
Cache-Control: private, max-age=60, s-maxage=60
Content-Security-Policy: default-src 'none'
Content-Type: application/json
Date: Sat, 08 Jan 2022 04:00:57 GMT
Server: nginx
Strict-Transport-Security: max-age=31536000
Vary: Authorization, X-Filter
Vary: Authorization, X-Filter
X-Accepted-Oauth-Scopes: events:read_only
X-Content-Type-Options: nosniff
X-Customer-Uuid: CD1C0659-20FE-11EA-B88C0CC47AEB2714
X-Frame-Options: DENY
X-Frame-Options: DENY
X-Oauth-Scopes: *
X-Spec-Version: 4.112.2
X-Xss-Protection: 1; mode=block

{
 "data": [
  {
   "id": 252971027,
   "created": "2022-01-08T04:00:53",
   "seen": false,
   "read": false,
   "percent_complete": 0,
   "time_remaining": null,
   "rate": null,
   "duration": null,
   "action": "disk_create",
   "username": "kejadlen",
   "entity": {
    "label": "nixos",
    "id": 33584285,
    "type": "linode",
    "url": "/v4/linode/instances/33584285"
   },
   "status": "scheduled",
   "secondary_entity": {
    "id": 67628489,
    "type": "disk",
    "label": "Installer",
    "url": "/v4/linode/instances/33584285/disks/67628489"
   },
   "message": ""
  }
 ],
 "page": 1,
 "pages": 1,
 "results": 1
}
-----------------------------------------------------: timestamp=2022-01-07T20:01:00.027-0800
2022-01-07T20:01:00.179-0800 [INFO]  provider.terraform-provider-linode_v1.25.1: 2022/01/07 20:01:00 [DEBUG] Linode API Request Details:
---[ REQUEST ]---------------------------------------
GET /v4/account/events?page=1 HTTP/1.1
Host: api.linode.com
User-Agent: HashiCorp Terraform/1.1.2 (+https://www.terraform.io) Terraform Plugin SDK/2.10.1 terraform-provider-linode/dev
Accept: application/json
Content-Type: application/json
X-Filter: {"+order":"desc","+order_by":"created","action":"disk_create","created":{"+gte":"2022-01-08T04:00:52"},"entity.id":33584285,"entity.type":"linode","id":{"+gte":252971027}}
Accept-Encoding: gzip


-----------------------------------------------------: timestamp=2022-01-07T20:01:00.178-0800
2022-01-07T20:01:00.300-0800 [INFO]  provider.terraform-provider-linode_v1.25.1: 2022/01/07 20:01:00 [DEBUG] Linode API Response Details:
---[ RESPONSE ]--------------------------------------
HTTP/2.0 200 OK
Content-Length: 531
Access-Control-Allow-Credentials: true
Access-Control-Allow-Headers: Authorization, Origin, X-Requested-With, Content-Type, Accept, X-Filter
Access-Control-Allow-Methods: HEAD, GET, OPTIONS, POST, PUT, DELETE
Access-Control-Allow-Origin: *
Access-Control-Expose-Headers: X-OAuth-Scopes, X-Accepted-OAuth-Scopes, X-Status
Cache-Control: private, max-age=0, s-maxage=0, no-cache, no-store
Cache-Control: private, max-age=60, s-maxage=60
Content-Security-Policy: default-src 'none'
Content-Type: application/json
Date: Sat, 08 Jan 2022 04:00:57 GMT
Server: nginx
Strict-Transport-Security: max-age=31536000
Vary: Authorization, X-Filter
Vary: Authorization, X-Filter
X-Accepted-Oauth-Scopes: events:read_only
X-Content-Type-Options: nosniff
X-Customer-Uuid: CD1C0659-20FE-11EA-B88C0CC47AEB2714
X-Frame-Options: DENY
X-Frame-Options: DENY
X-Oauth-Scopes: *
X-Spec-Version: 4.112.2
X-Xss-Protection: 1; mode=block

{
 "data": [
  {
   "id": 252971027,
   "created": "2022-01-08T04:00:53",
   "seen": false,
   "read": false,
   "percent_complete": 0,
   "time_remaining": null,
   "rate": null,
   "duration": null,
   "action": "disk_create",
   "username": "kejadlen",
   "entity": {
    "label": "nixos",
    "id": 33584285,
    "type": "linode",
    "url": "/v4/linode/instances/33584285"
   },
   "status": "scheduled",
   "secondary_entity": {
    "id": 67628489,
    "type": "disk",
    "label": "Installer",
    "url": "/v4/linode/instances/33584285/disks/67628489"
   },
   "message": ""
  }
 ],
 "page": 1,
 "pages": 1,
 "results": 1
}
-----------------------------------------------------: timestamp=2022-01-07T20:01:00.299-0800
2022-01-07T20:01:00.479-0800 [INFO]  provider.terraform-provider-linode_v1.25.1: 2022/01/07 20:01:00 [DEBUG] Linode API Request Details:
---[ REQUEST ]---------------------------------------
GET /v4/account/events?page=1 HTTP/1.1
Host: api.linode.com
User-Agent: HashiCorp Terraform/1.1.2 (+https://www.terraform.io) Terraform Plugin SDK/2.10.1 terraform-provider-linode/dev
Accept: application/json
Content-Type: application/json
X-Filter: {"+order":"desc","+order_by":"created","action":"disk_create","created":{"+gte":"2022-01-08T04:00:52"},"entity.id":33584285,"entity.type":"linode","id":{"+gte":252971027}}
Accept-Encoding: gzip


-----------------------------------------------------: timestamp=2022-01-07T20:01:00.479-0800
2022-01-07T20:01:00.587-0800 [INFO]  provider.terraform-provider-linode_v1.25.1: 2022/01/07 20:01:00 [DEBUG] Linode API Response Details:
---[ RESPONSE ]--------------------------------------
HTTP/2.0 200 OK
Content-Length: 531
Access-Control-Allow-Credentials: true
Access-Control-Allow-Headers: Authorization, Origin, X-Requested-With, Content-Type, Accept, X-Filter
Access-Control-Allow-Methods: HEAD, GET, OPTIONS, POST, PUT, DELETE
Access-Control-Allow-Origin: *
Access-Control-Expose-Headers: X-OAuth-Scopes, X-Accepted-OAuth-Scopes, X-Status
Cache-Control: private, max-age=0, s-maxage=0, no-cache, no-store
Cache-Control: private, max-age=60, s-maxage=60
Content-Security-Policy: default-src 'none'
Content-Type: application/json
Date: Sat, 08 Jan 2022 04:00:57 GMT
Server: nginx
Strict-Transport-Security: max-age=31536000
Vary: Authorization, X-Filter
Vary: Authorization, X-Filter
X-Accepted-Oauth-Scopes: events:read_only
X-Content-Type-Options: nosniff
X-Customer-Uuid: CD1C0659-20FE-11EA-B88C0CC47AEB2714
X-Frame-Options: DENY
X-Frame-Options: DENY
X-Oauth-Scopes: *
X-Spec-Version: 4.112.2
X-Xss-Protection: 1; mode=block

{
 "data": [
  {
   "id": 252971027,
   "created": "2022-01-08T04:00:53",
   "seen": false,
   "read": false,
   "percent_complete": 0,
   "time_remaining": null,
   "rate": null,
   "duration": null,
   "action": "disk_create",
   "username": "kejadlen",
   "entity": {
    "label": "nixos",
    "id": 33584285,
    "type": "linode",
    "url": "/v4/linode/instances/33584285"
   },
   "status": "scheduled",
   "secondary_entity": {
    "id": 67628489,
    "type": "disk",
    "label": "Installer",
    "url": "/v4/linode/instances/33584285/disks/67628489"
   },
   "message": ""
  }
 ],
 "page": 1,
 "pages": 1,
 "results": 1
}
-----------------------------------------------------: timestamp=2022-01-07T20:01:00.587-0800
2022-01-07T20:01:00.778-0800 [INFO]  provider.terraform-provider-linode_v1.25.1: 2022/01/07 20:01:00 [DEBUG] Linode API Request Details:
---[ REQUEST ]---------------------------------------
GET /v4/account/events?page=1 HTTP/1.1
Host: api.linode.com
User-Agent: HashiCorp Terraform/1.1.2 (+https://www.terraform.io) Terraform Plugin SDK/2.10.1 terraform-provider-linode/dev
Accept: application/json
Content-Type: application/json
X-Filter: {"+order":"desc","+order_by":"created","action":"disk_create","created":{"+gte":"2022-01-08T04:00:52"},"entity.id":33584285,"entity.type":"linode","id":{"+gte":252971027}}
Accept-Encoding: gzip


-----------------------------------------------------: timestamp=2022-01-07T20:01:00.778-0800
2022-01-07T20:01:00.904-0800 [INFO]  provider.terraform-provider-linode_v1.25.1: 2022/01/07 20:01:00 [DEBUG] Linode API Response Details:
---[ RESPONSE ]--------------------------------------
HTTP/2.0 200 OK
Content-Length: 531
Access-Control-Allow-Credentials: true
Access-Control-Allow-Headers: Authorization, Origin, X-Requested-With, Content-Type, Accept, X-Filter
Access-Control-Allow-Methods: HEAD, GET, OPTIONS, POST, PUT, DELETE
Access-Control-Allow-Origin: *
Access-Control-Expose-Headers: X-OAuth-Scopes, X-Accepted-OAuth-Scopes, X-Status
Cache-Control: private, max-age=0, s-maxage=0, no-cache, no-store
Cache-Control: private, max-age=60, s-maxage=60
Content-Security-Policy: default-src 'none'
Content-Type: application/json
Date: Sat, 08 Jan 2022 04:00:58 GMT
Server: nginx
Strict-Transport-Security: max-age=31536000
Vary: Authorization, X-Filter
Vary: Authorization, X-Filter
X-Accepted-Oauth-Scopes: events:read_only
X-Content-Type-Options: nosniff
X-Customer-Uuid: CD1C0659-20FE-11EA-B88C0CC47AEB2714
X-Frame-Options: DENY
X-Frame-Options: DENY
X-Oauth-Scopes: *
X-Spec-Version: 4.112.2
X-Xss-Protection: 1; mode=block

{
 "data": [
  {
   "id": 252971027,
   "created": "2022-01-08T04:00:53",
   "seen": false,
   "read": false,
   "percent_complete": 0,
   "time_remaining": null,
   "rate": null,
   "duration": null,
   "action": "disk_create",
   "username": "kejadlen",
   "entity": {
    "label": "nixos",
    "id": 33584285,
    "type": "linode",
    "url": "/v4/linode/instances/33584285"
   },
   "status": "scheduled",
   "secondary_entity": {
    "id": 67628489,
    "type": "disk",
    "label": "Installer",
    "url": "/v4/linode/instances/33584285/disks/67628489"
   },
   "message": ""
  }
 ],
 "page": 1,
 "pages": 1,
 "results": 1
}
-----------------------------------------------------: timestamp=2022-01-07T20:01:00.903-0800
2022-01-07T20:01:01.079-0800 [INFO]  provider.terraform-provider-linode_v1.25.1: 2022/01/07 20:01:01 [DEBUG] Linode API Request Details:
---[ REQUEST ]---------------------------------------
GET /v4/account/events?page=1 HTTP/1.1
Host: api.linode.com
User-Agent: HashiCorp Terraform/1.1.2 (+https://www.terraform.io) Terraform Plugin SDK/2.10.1 terraform-provider-linode/dev
Accept: application/json
Content-Type: application/json
X-Filter: {"+order":"desc","+order_by":"created","action":"disk_create","created":{"+gte":"2022-01-08T04:00:52"},"entity.id":33584285,"entity.type":"linode","id":{"+gte":252971027}}
Accept-Encoding: gzip


-----------------------------------------------------: timestamp=2022-01-07T20:01:01.079-0800
2022-01-07T20:01:01.201-0800 [INFO]  provider.terraform-provider-linode_v1.25.1: 2022/01/07 20:01:01 [DEBUG] Linode API Response Details:
---[ RESPONSE ]--------------------------------------
HTTP/2.0 200 OK
Content-Length: 533
Access-Control-Allow-Credentials: true
Access-Control-Allow-Headers: Authorization, Origin, X-Requested-With, Content-Type, Accept, X-Filter
Access-Control-Allow-Methods: HEAD, GET, OPTIONS, POST, PUT, DELETE
Access-Control-Allow-Origin: *
Access-Control-Expose-Headers: X-OAuth-Scopes, X-Accepted-OAuth-Scopes, X-Status
Cache-Control: private, max-age=0, s-maxage=0, no-cache, no-store
Cache-Control: private, max-age=60, s-maxage=60
Content-Security-Policy: default-src 'none'
Content-Type: application/json
Date: Sat, 08 Jan 2022 04:00:58 GMT
Server: nginx
Strict-Transport-Security: max-age=31536000
Vary: Authorization, X-Filter
Vary: Authorization, X-Filter
X-Accepted-Oauth-Scopes: events:read_only
X-Content-Type-Options: nosniff
X-Customer-Uuid: CD1C0659-20FE-11EA-B88C0CC47AEB2714
X-Frame-Options: DENY
X-Frame-Options: DENY
X-Oauth-Scopes: *
X-Spec-Version: 4.112.2
X-Xss-Protection: 1; mode=block

{
 "data": [
  {
   "id": 252971027,
   "created": "2022-01-08T04:00:53",
   "seen": false,
   "read": false,
   "percent_complete": 0,
   "time_remaining": null,
   "rate": null,
   "duration": 8.207804,
   "action": "disk_create",
   "username": "kejadlen",
   "entity": {
    "label": "nixos",
    "id": 33584285,
    "type": "linode",
    "url": "/v4/linode/instances/33584285"
   },
   "status": "started",
   "secondary_entity": {
    "id": 67628489,
    "type": "disk",
    "label": "Installer",
    "url": "/v4/linode/instances/33584285/disks/67628489"
   },
   "message": ""
  }
 ],
 "page": 1,
 "pages": 1,
 "results": 1
}
-----------------------------------------------------: timestamp=2022-01-07T20:01:01.200-0800
2022-01-07T20:01:01.201-0800 [INFO]  provider.terraform-provider-linode_v1.25.1: 2022/01/07 20:01:01 [INFO] Linode 33584285 action disk_create is started: timestamp=2022-01-07T20:01:01.201-0800
2022-01-07T20:01:01.380-0800 [INFO]  provider.terraform-provider-linode_v1.25.1: 2022/01/07 20:01:01 [DEBUG] Linode API Request Details:
---[ REQUEST ]---------------------------------------
GET /v4/account/events?page=1 HTTP/1.1
Host: api.linode.com
User-Agent: HashiCorp Terraform/1.1.2 (+https://www.terraform.io) Terraform Plugin SDK/2.10.1 terraform-provider-linode/dev
Accept: application/json
Content-Type: application/json
X-Filter: {"+order":"desc","+order_by":"created","action":"disk_create","created":{"+gte":"2022-01-08T04:00:52"},"entity.id":33584285,"entity.type":"linode","id":{"+gte":252971027}}
Accept-Encoding: gzip


-----------------------------------------------------: timestamp=2022-01-07T20:01:01.379-0800
2022-01-07T20:01:01.503-0800 [INFO]  provider.terraform-provider-linode_v1.25.1: 2022/01/07 20:01:01 [DEBUG] Linode API Response Details:
---[ RESPONSE ]--------------------------------------
HTTP/2.0 200 OK
Content-Length: 533
Access-Control-Allow-Credentials: true
Access-Control-Allow-Headers: Authorization, Origin, X-Requested-With, Content-Type, Accept, X-Filter
Access-Control-Allow-Methods: HEAD, GET, OPTIONS, POST, PUT, DELETE
Access-Control-Allow-Origin: *
Access-Control-Expose-Headers: X-OAuth-Scopes, X-Accepted-OAuth-Scopes, X-Status
Cache-Control: private, max-age=0, s-maxage=0, no-cache, no-store
Cache-Control: private, max-age=60, s-maxage=60
Content-Security-Policy: default-src 'none'
Content-Type: application/json
Date: Sat, 08 Jan 2022 04:00:58 GMT
Server: nginx
Strict-Transport-Security: max-age=31536000
Vary: Authorization, X-Filter
Vary: Authorization, X-Filter
X-Accepted-Oauth-Scopes: events:read_only
X-Content-Type-Options: nosniff
X-Customer-Uuid: CD1C0659-20FE-11EA-B88C0CC47AEB2714
X-Frame-Options: DENY
X-Frame-Options: DENY
X-Oauth-Scopes: *
X-Spec-Version: 4.112.2
X-Xss-Protection: 1; mode=block

{
 "data": [
  {
   "id": 252971027,
   "created": "2022-01-08T04:00:53",
   "seen": false,
   "read": false,
   "percent_complete": 0,
   "time_remaining": null,
   "rate": null,
   "duration": 8.509895,
   "action": "disk_create",
   "username": "kejadlen",
   "entity": {
    "label": "nixos",
    "id": 33584285,
    "type": "linode",
    "url": "/v4/linode/instances/33584285"
   },
   "status": "started",
   "secondary_entity": {
    "id": 67628489,
    "type": "disk",
    "label": "Installer",
    "url": "/v4/linode/instances/33584285/disks/67628489"
   },
   "message": ""
  }
 ],
 "page": 1,
 "pages": 1,
 "results": 1
}
-----------------------------------------------------: timestamp=2022-01-07T20:01:01.503-0800
2022-01-07T20:01:01.679-0800 [INFO]  provider.terraform-provider-linode_v1.25.1: 2022/01/07 20:01:01 [DEBUG] Linode API Request Details:
---[ REQUEST ]---------------------------------------
GET /v4/account/events?page=1 HTTP/1.1
Host: api.linode.com
User-Agent: HashiCorp Terraform/1.1.2 (+https://www.terraform.io) Terraform Plugin SDK/2.10.1 terraform-provider-linode/dev
Accept: application/json
Content-Type: application/json
X-Filter: {"+order":"desc","+order_by":"created","action":"disk_create","created":{"+gte":"2022-01-08T04:00:52"},"entity.id":33584285,"entity.type":"linode","id":{"+gte":252971027}}
Accept-Encoding: gzip


-----------------------------------------------------: timestamp=2022-01-07T20:01:01.678-0800
2022-01-07T20:01:01.843-0800 [INFO]  provider.terraform-provider-linode_v1.25.1: 2022/01/07 20:01:01 [DEBUG] Linode API Response Details:
---[ RESPONSE ]--------------------------------------
HTTP/2.0 200 OK
Content-Length: 532
Access-Control-Allow-Credentials: true
Access-Control-Allow-Headers: Authorization, Origin, X-Requested-With, Content-Type, Accept, X-Filter
Access-Control-Allow-Methods: HEAD, GET, OPTIONS, POST, PUT, DELETE
Access-Control-Allow-Origin: *
Access-Control-Expose-Headers: X-OAuth-Scopes, X-Accepted-OAuth-Scopes, X-Status
Cache-Control: private, max-age=0, s-maxage=0, no-cache, no-store
Cache-Control: private, max-age=60, s-maxage=60
Content-Security-Policy: default-src 'none'
Content-Type: application/json
Date: Sat, 08 Jan 2022 04:00:58 GMT
Server: nginx
Strict-Transport-Security: max-age=31536000
Vary: Authorization, X-Filter
Vary: Authorization, X-Filter
X-Accepted-Oauth-Scopes: events:read_only
X-Content-Type-Options: nosniff
X-Customer-Uuid: CD1C0659-20FE-11EA-B88C0CC47AEB2714
X-Frame-Options: DENY
X-Frame-Options: DENY
X-Oauth-Scopes: *
X-Spec-Version: 4.112.2
X-Xss-Protection: 1; mode=block

{
 "data": [
  {
   "id": 252971027,
   "created": "2022-01-08T04:00:53",
   "seen": false,
   "read": false,
   "percent_complete": 0,
   "time_remaining": null,
   "rate": null,
   "duration": 8.84519,
   "action": "disk_create",
   "username": "kejadlen",
   "entity": {
    "label": "nixos",
    "id": 33584285,
    "type": "linode",
    "url": "/v4/linode/instances/33584285"
   },
   "status": "started",
   "secondary_entity": {
    "id": 67628489,
    "type": "disk",
    "label": "Installer",
    "url": "/v4/linode/instances/33584285/disks/67628489"
   },
   "message": ""
  }
 ],
 "page": 1,
 "pages": 1,
 "results": 1
}
-----------------------------------------------------: timestamp=2022-01-07T20:01:01.842-0800
2022-01-07T20:01:01.979-0800 [INFO]  provider.terraform-provider-linode_v1.25.1: 2022/01/07 20:01:01 [DEBUG] Linode API Request Details:
---[ REQUEST ]---------------------------------------
GET /v4/account/events?page=1 HTTP/1.1
Host: api.linode.com
User-Agent: HashiCorp Terraform/1.1.2 (+https://www.terraform.io) Terraform Plugin SDK/2.10.1 terraform-provider-linode/dev
Accept: application/json
Content-Type: application/json
X-Filter: {"+order":"desc","+order_by":"created","action":"disk_create","created":{"+gte":"2022-01-08T04:00:52"},"entity.id":33584285,"entity.type":"linode","id":{"+gte":252971027}}
Accept-Encoding: gzip


-----------------------------------------------------: timestamp=2022-01-07T20:01:01.979-0800
2022-01-07T20:01:02.102-0800 [INFO]  provider.terraform-provider-linode_v1.25.1: 2022/01/07 20:01:02 [DEBUG] Linode API Response Details:
---[ RESPONSE ]--------------------------------------
HTTP/2.0 200 OK
Content-Length: 528
Access-Control-Allow-Credentials: true
Access-Control-Allow-Headers: Authorization, Origin, X-Requested-With, Content-Type, Accept, X-Filter
Access-Control-Allow-Methods: HEAD, GET, OPTIONS, POST, PUT, DELETE
Access-Control-Allow-Origin: *
Access-Control-Expose-Headers: X-OAuth-Scopes, X-Accepted-OAuth-Scopes, X-Status
Cache-Control: private, max-age=0, s-maxage=0, no-cache, no-store
Cache-Control: private, max-age=60, s-maxage=60
Content-Security-Policy: default-src 'none'
Content-Type: application/json
Date: Sat, 08 Jan 2022 04:00:59 GMT
Server: nginx
Strict-Transport-Security: max-age=31536000
Vary: Authorization, X-Filter
Vary: Authorization, X-Filter
X-Accepted-Oauth-Scopes: events:read_only
X-Content-Type-Options: nosniff
X-Customer-Uuid: CD1C0659-20FE-11EA-B88C0CC47AEB2714
X-Frame-Options: DENY
X-Frame-Options: DENY
X-Oauth-Scopes: *
X-Spec-Version: 4.112.2
X-Xss-Protection: 1; mode=block

{
 "data": [
  {
   "id": 252971027,
   "created": "2022-01-08T04:00:53",
   "seen": false,
   "read": false,
   "percent_complete": 100,
   "time_remaining": 0,
   "rate": null,
   "duration": 8.0,
   "action": "disk_create",
   "username": "kejadlen",
   "entity": {
    "label": "nixos",
    "id": 33584285,
    "type": "linode",
    "url": "/v4/linode/instances/33584285"
   },
   "status": "finished",
   "secondary_entity": {
    "id": 67628489,
    "type": "disk",
    "label": "Installer",
    "url": "/v4/linode/instances/33584285/disks/67628489"
   },
   "message": ""
  }
 ],
 "page": 1,
 "pages": 1,
 "results": 1
}
-----------------------------------------------------: timestamp=2022-01-07T20:01:02.102-0800
2022-01-07T20:01:02.102-0800 [INFO]  provider.terraform-provider-linode_v1.25.1: 2022/01/07 20:01:02 [INFO] Linode 33584285 action disk_create is finished: timestamp=2022-01-07T20:01:02.102-0800
2022-01-07T20:01:02.103-0800 [INFO]  provider.terraform-provider-linode_v1.25.1: 2022/01/07 20:01:02 [DEBUG] Linode API Request Details:
---[ REQUEST ]---------------------------------------
POST /v4/linode/instances/33584285/disks HTTP/1.1
Host: api.linode.com
User-Agent: HashiCorp Terraform/1.1.2 (+https://www.terraform.io) Terraform Plugin SDK/2.10.1 terraform-provider-linode/dev
Content-Length: 130
Accept: application/json
Content-Type: application/json
Accept-Encoding: gzip

{
 "label": "Swap",
 "size": 512,
 "root_pass": "7+BCEwwuFuZhTe2fTood6DoHx9fDk7iswOVlI5X4hrS5H7sX35QTtQ9uuAci/8aYHL8=",
 "filesystem": "swap"
}
-----------------------------------------------------: timestamp=2022-01-07T20:01:02.103-0800
2022-01-07T20:01:02.511-0800 [INFO]  provider.terraform-provider-linode_v1.25.1: 2022/01/07 20:01:02 [DEBUG] Linode API Response Details:
---[ RESPONSE ]--------------------------------------
HTTP/2.0 200 OK
Content-Length: 159
Access-Control-Allow-Credentials: true
Access-Control-Allow-Headers: Authorization, Origin, X-Requested-With, Content-Type, Accept, X-Filter
Access-Control-Allow-Methods: HEAD, GET, OPTIONS, POST, PUT, DELETE
Access-Control-Allow-Origin: *
Access-Control-Expose-Headers: X-OAuth-Scopes, X-Accepted-OAuth-Scopes, X-Status
Cache-Control: private, max-age=60, s-maxage=60
Content-Security-Policy: default-src 'none'
Content-Type: application/json
Date: Sat, 08 Jan 2022 04:00:59 GMT
Server: nginx
Strict-Transport-Security: max-age=31536000
Vary: Authorization, X-Filter
X-Accepted-Oauth-Scopes: linodes:read_write
X-Content-Type-Options: nosniff
X-Customer-Uuid: CD1C0659-20FE-11EA-B88C0CC47AEB2714
X-Frame-Options: DENY
X-Frame-Options: DENY
X-Oauth-Scopes: *
X-Spec-Version: 4.112.2
X-Xss-Protection: 1; mode=block

{
 "id": 67628494,
 "status": "not ready",
 "label": "Swap",
 "created": "2022-01-08T04:01:02",
 "updated": "2022-01-08T04:01:02",
 "filesystem": "swap",
 "size": 512
}
-----------------------------------------------------: timestamp=2022-01-07T20:01:02.510-0800
2022-01-07T20:01:02.511-0800 [INFO]  provider.terraform-provider-linode_v1.25.1: 2022/01/07 20:01:02 [INFO] Waiting 576 seconds for disk_create events since 2022-01-08 04:01:02 +0000 UTC for Linode 33584285: timestamp=2022-01-07T20:01:02.511-0800
2022-01-07T20:01:02.813-0800 [INFO]  provider.terraform-provider-linode_v1.25.1: 2022/01/07 20:01:02 [DEBUG] Linode API Request Details:
---[ REQUEST ]---------------------------------------
GET /v4/account/events?page=1 HTTP/1.1
Host: api.linode.com
User-Agent: HashiCorp Terraform/1.1.2 (+https://www.terraform.io) Terraform Plugin SDK/2.10.1 terraform-provider-linode/dev
Accept: application/json
Content-Type: application/json
X-Filter: {"+order":"desc","+order_by":"created","action":"disk_create","created":{"+gte":"2022-01-08T04:01:02"},"entity.id":33584285,"entity.type":"linode"}
Accept-Encoding: gzip


-----------------------------------------------------: timestamp=2022-01-07T20:01:02.812-0800
2022-01-07T20:01:02.978-0800 [INFO]  provider.terraform-provider-linode_v1.25.1: 2022/01/07 20:01:02 [DEBUG] Linode API Response Details:
---[ RESPONSE ]--------------------------------------
HTTP/2.0 200 OK
Content-Length: 526
Access-Control-Allow-Credentials: true
Access-Control-Allow-Headers: Authorization, Origin, X-Requested-With, Content-Type, Accept, X-Filter
Access-Control-Allow-Methods: HEAD, GET, OPTIONS, POST, PUT, DELETE
Access-Control-Allow-Origin: *
Access-Control-Expose-Headers: X-OAuth-Scopes, X-Accepted-OAuth-Scopes, X-Status
Cache-Control: private, max-age=0, s-maxage=0, no-cache, no-store
Cache-Control: private, max-age=60, s-maxage=60
Content-Security-Policy: default-src 'none'
Content-Type: application/json
Date: Sat, 08 Jan 2022 04:01:00 GMT
Server: nginx
Strict-Transport-Security: max-age=31536000
Vary: Authorization, X-Filter
Vary: Authorization, X-Filter
X-Accepted-Oauth-Scopes: events:read_only
X-Content-Type-Options: nosniff
X-Customer-Uuid: CD1C0659-20FE-11EA-B88C0CC47AEB2714
X-Frame-Options: DENY
X-Frame-Options: DENY
X-Oauth-Scopes: *
X-Spec-Version: 4.112.2
X-Xss-Protection: 1; mode=block

{
 "data": [
  {
   "id": 252971095,
   "created": "2022-01-08T04:01:02",
   "seen": false,
   "read": false,
   "percent_complete": 0,
   "time_remaining": null,
   "rate": null,
   "duration": null,
   "action": "disk_create",
   "username": "kejadlen",
   "entity": {
    "label": "nixos",
    "id": 33584285,
    "type": "linode",
    "url": "/v4/linode/instances/33584285"
   },
   "status": "scheduled",
   "secondary_entity": {
    "id": 67628494,
    "type": "disk",
    "label": "Swap",
    "url": "/v4/linode/instances/33584285/disks/67628494"
   },
   "message": ""
  }
 ],
 "page": 1,
 "pages": 1,
 "results": 1
}
-----------------------------------------------------: timestamp=2022-01-07T20:01:02.978-0800
2022-01-07T20:01:02.978-0800 [INFO]  provider.terraform-provider-linode_v1.25.1: 2022/01/07 20:01:02 [INFO] Linode 33584285 action disk_create is scheduled: timestamp=2022-01-07T20:01:02.978-0800
2022-01-07T20:01:03.117-0800 [INFO]  provider.terraform-provider-linode_v1.25.1: 2022/01/07 20:01:03 [DEBUG] Linode API Request Details:
---[ REQUEST ]---------------------------------------
GET /v4/account/events?page=1 HTTP/1.1
Host: api.linode.com
User-Agent: HashiCorp Terraform/1.1.2 (+https://www.terraform.io) Terraform Plugin SDK/2.10.1 terraform-provider-linode/dev
Accept: application/json
Content-Type: application/json
X-Filter: {"+order":"desc","+order_by":"created","action":"disk_create","created":{"+gte":"2022-01-08T04:01:02"},"entity.id":33584285,"entity.type":"linode","id":{"+gte":252971095}}
Accept-Encoding: gzip


-----------------------------------------------------: timestamp=2022-01-07T20:01:03.112-0800
2022-01-07T20:01:03.234-0800 [INFO]  provider.terraform-provider-linode_v1.25.1: 2022/01/07 20:01:03 [DEBUG] Linode API Response Details:
---[ RESPONSE ]--------------------------------------
HTTP/2.0 200 OK
Content-Length: 526
Access-Control-Allow-Credentials: true
Access-Control-Allow-Headers: Authorization, Origin, X-Requested-With, Content-Type, Accept, X-Filter
Access-Control-Allow-Methods: HEAD, GET, OPTIONS, POST, PUT, DELETE
Access-Control-Allow-Origin: *
Access-Control-Expose-Headers: X-OAuth-Scopes, X-Accepted-OAuth-Scopes, X-Status
Cache-Control: private, max-age=0, s-maxage=0, no-cache, no-store
Cache-Control: private, max-age=60, s-maxage=60
Content-Security-Policy: default-src 'none'
Content-Type: application/json
Date: Sat, 08 Jan 2022 04:01:00 GMT
Server: nginx
Strict-Transport-Security: max-age=31536000
Vary: Authorization, X-Filter
Vary: Authorization, X-Filter
X-Accepted-Oauth-Scopes: events:read_only
X-Content-Type-Options: nosniff
X-Customer-Uuid: CD1C0659-20FE-11EA-B88C0CC47AEB2714
X-Frame-Options: DENY
X-Frame-Options: DENY
X-Oauth-Scopes: *
X-Spec-Version: 4.112.2
X-Xss-Protection: 1; mode=block

{
 "data": [
  {
   "id": 252971095,
   "created": "2022-01-08T04:01:02",
   "seen": false,
   "read": false,
   "percent_complete": 0,
   "time_remaining": null,
   "rate": null,
   "duration": null,
   "action": "disk_create",
   "username": "kejadlen",
   "entity": {
    "label": "nixos",
    "id": 33584285,
    "type": "linode",
    "url": "/v4/linode/instances/33584285"
   },
   "status": "scheduled",
   "secondary_entity": {
    "id": 67628494,
    "type": "disk",
    "label": "Swap",
    "url": "/v4/linode/instances/33584285/disks/67628494"
   },
   "message": ""
  }
 ],
 "page": 1,
 "pages": 1,
 "results": 1
}
-----------------------------------------------------: timestamp=2022-01-07T20:01:03.234-0800
2022-01-07T20:01:03.412-0800 [INFO]  provider.terraform-provider-linode_v1.25.1: 2022/01/07 20:01:03 [DEBUG] Linode API Request Details:
---[ REQUEST ]---------------------------------------
GET /v4/account/events?page=1 HTTP/1.1
Host: api.linode.com
User-Agent: HashiCorp Terraform/1.1.2 (+https://www.terraform.io) Terraform Plugin SDK/2.10.1 terraform-provider-linode/dev
Accept: application/json
Content-Type: application/json
X-Filter: {"+order":"desc","+order_by":"created","action":"disk_create","created":{"+gte":"2022-01-08T04:01:02"},"entity.id":33584285,"entity.type":"linode","id":{"+gte":252971095}}
Accept-Encoding: gzip


-----------------------------------------------------: timestamp=2022-01-07T20:01:03.412-0800
2022-01-07T20:01:03.542-0800 [INFO]  provider.terraform-provider-linode_v1.25.1: 2022/01/07 20:01:03 [DEBUG] Linode API Response Details:
---[ RESPONSE ]--------------------------------------
HTTP/2.0 200 OK
Content-Length: 526
Access-Control-Allow-Credentials: true
Access-Control-Allow-Headers: Authorization, Origin, X-Requested-With, Content-Type, Accept, X-Filter
Access-Control-Allow-Methods: HEAD, GET, OPTIONS, POST, PUT, DELETE
Access-Control-Allow-Origin: *
Access-Control-Expose-Headers: X-OAuth-Scopes, X-Accepted-OAuth-Scopes, X-Status
Cache-Control: private, max-age=0, s-maxage=0, no-cache, no-store
Cache-Control: private, max-age=60, s-maxage=60
Content-Security-Policy: default-src 'none'
Content-Type: application/json
Date: Sat, 08 Jan 2022 04:01:00 GMT
Server: nginx
Strict-Transport-Security: max-age=31536000
Vary: Authorization, X-Filter
Vary: Authorization, X-Filter
X-Accepted-Oauth-Scopes: events:read_only
X-Content-Type-Options: nosniff
X-Customer-Uuid: CD1C0659-20FE-11EA-B88C0CC47AEB2714
X-Frame-Options: DENY
X-Frame-Options: DENY
X-Oauth-Scopes: *
X-Spec-Version: 4.112.2
X-Xss-Protection: 1; mode=block

{
 "data": [
  {
   "id": 252971095,
   "created": "2022-01-08T04:01:02",
   "seen": false,
   "read": false,
   "percent_complete": 0,
   "time_remaining": null,
   "rate": null,
   "duration": null,
   "action": "disk_create",
   "username": "kejadlen",
   "entity": {
    "label": "nixos",
    "id": 33584285,
    "type": "linode",
    "url": "/v4/linode/instances/33584285"
   },
   "status": "scheduled",
   "secondary_entity": {
    "id": 67628494,
    "type": "disk",
    "label": "Swap",
    "url": "/v4/linode/instances/33584285/disks/67628494"
   },
   "message": ""
  }
 ],
 "page": 1,
 "pages": 1,
 "results": 1
}
-----------------------------------------------------: timestamp=2022-01-07T20:01:03.542-0800
2022-01-07T20:01:03.713-0800 [INFO]  provider.terraform-provider-linode_v1.25.1: 2022/01/07 20:01:03 [DEBUG] Linode API Request Details:
---[ REQUEST ]---------------------------------------
GET /v4/account/events?page=1 HTTP/1.1
Host: api.linode.com
User-Agent: HashiCorp Terraform/1.1.2 (+https://www.terraform.io) Terraform Plugin SDK/2.10.1 terraform-provider-linode/dev
Accept: application/json
Content-Type: application/json
X-Filter: {"+order":"desc","+order_by":"created","action":"disk_create","created":{"+gte":"2022-01-08T04:01:02"},"entity.id":33584285,"entity.type":"linode","id":{"+gte":252971095}}
Accept-Encoding: gzip


-----------------------------------------------------: timestamp=2022-01-07T20:01:03.712-0800
2022-01-07T20:01:03.840-0800 [INFO]  provider.terraform-provider-linode_v1.25.1: 2022/01/07 20:01:03 [DEBUG] Linode API Response Details:
---[ RESPONSE ]--------------------------------------
HTTP/2.0 200 OK
Content-Length: 526
Access-Control-Allow-Credentials: true
Access-Control-Allow-Headers: Authorization, Origin, X-Requested-With, Content-Type, Accept, X-Filter
Access-Control-Allow-Methods: HEAD, GET, OPTIONS, POST, PUT, DELETE
Access-Control-Allow-Origin: *
Access-Control-Expose-Headers: X-OAuth-Scopes, X-Accepted-OAuth-Scopes, X-Status
Cache-Control: private, max-age=0, s-maxage=0, no-cache, no-store
Cache-Control: private, max-age=60, s-maxage=60
Content-Security-Policy: default-src 'none'
Content-Type: application/json
Date: Sat, 08 Jan 2022 04:01:00 GMT
Server: nginx
Strict-Transport-Security: max-age=31536000
Vary: Authorization, X-Filter
Vary: Authorization, X-Filter
X-Accepted-Oauth-Scopes: events:read_only
X-Content-Type-Options: nosniff
X-Customer-Uuid: CD1C0659-20FE-11EA-B88C0CC47AEB2714
X-Frame-Options: DENY
X-Frame-Options: DENY
X-Oauth-Scopes: *
X-Spec-Version: 4.112.2
X-Xss-Protection: 1; mode=block

{
 "data": [
  {
   "id": 252971095,
   "created": "2022-01-08T04:01:02",
   "seen": false,
   "read": false,
   "percent_complete": 0,
   "time_remaining": null,
   "rate": null,
   "duration": null,
   "action": "disk_create",
   "username": "kejadlen",
   "entity": {
    "label": "nixos",
    "id": 33584285,
    "type": "linode",
    "url": "/v4/linode/instances/33584285"
   },
   "status": "scheduled",
   "secondary_entity": {
    "id": 67628494,
    "type": "disk",
    "label": "Swap",
    "url": "/v4/linode/instances/33584285/disks/67628494"
   },
   "message": ""
  }
 ],
 "page": 1,
 "pages": 1,
 "results": 1
}
-----------------------------------------------------: timestamp=2022-01-07T20:01:03.840-0800
2022-01-07T20:01:04.012-0800 [INFO]  provider.terraform-provider-linode_v1.25.1: 2022/01/07 20:01:04 [DEBUG] Linode API Request Details:
---[ REQUEST ]---------------------------------------
GET /v4/account/events?page=1 HTTP/1.1
Host: api.linode.com
User-Agent: HashiCorp Terraform/1.1.2 (+https://www.terraform.io) Terraform Plugin SDK/2.10.1 terraform-provider-linode/dev
Accept: application/json
Content-Type: application/json
X-Filter: {"+order":"desc","+order_by":"created","action":"disk_create","created":{"+gte":"2022-01-08T04:01:02"},"entity.id":33584285,"entity.type":"linode","id":{"+gte":252971095}}
Accept-Encoding: gzip


-----------------------------------------------------: timestamp=2022-01-07T20:01:04.012-0800
2022-01-07T20:01:04.130-0800 [INFO]  provider.terraform-provider-linode_v1.25.1: 2022/01/07 20:01:04 [DEBUG] Linode API Response Details:
---[ RESPONSE ]--------------------------------------
HTTP/2.0 200 OK
Content-Length: 526
Access-Control-Allow-Credentials: true
Access-Control-Allow-Headers: Authorization, Origin, X-Requested-With, Content-Type, Accept, X-Filter
Access-Control-Allow-Methods: HEAD, GET, OPTIONS, POST, PUT, DELETE
Access-Control-Allow-Origin: *
Access-Control-Expose-Headers: X-OAuth-Scopes, X-Accepted-OAuth-Scopes, X-Status
Cache-Control: private, max-age=0, s-maxage=0, no-cache, no-store
Cache-Control: private, max-age=60, s-maxage=60
Content-Security-Policy: default-src 'none'
Content-Type: application/json
Date: Sat, 08 Jan 2022 04:01:01 GMT
Server: nginx
Strict-Transport-Security: max-age=31536000
Vary: Authorization, X-Filter
Vary: Authorization, X-Filter
X-Accepted-Oauth-Scopes: events:read_only
X-Content-Type-Options: nosniff
X-Customer-Uuid: CD1C0659-20FE-11EA-B88C0CC47AEB2714
X-Frame-Options: DENY
X-Frame-Options: DENY
X-Oauth-Scopes: *
X-Spec-Version: 4.112.2
X-Xss-Protection: 1; mode=block

{
 "data": [
  {
   "id": 252971095,
   "created": "2022-01-08T04:01:02",
   "seen": false,
   "read": false,
   "percent_complete": 0,
   "time_remaining": null,
   "rate": null,
   "duration": null,
   "action": "disk_create",
   "username": "kejadlen",
   "entity": {
    "label": "nixos",
    "id": 33584285,
    "type": "linode",
    "url": "/v4/linode/instances/33584285"
   },
   "status": "scheduled",
   "secondary_entity": {
    "id": 67628494,
    "type": "disk",
    "label": "Swap",
    "url": "/v4/linode/instances/33584285/disks/67628494"
   },
   "message": ""
  }
 ],
 "page": 1,
 "pages": 1,
 "results": 1
}
-----------------------------------------------------: timestamp=2022-01-07T20:01:04.130-0800
2022-01-07T20:01:04.313-0800 [INFO]  provider.terraform-provider-linode_v1.25.1: 2022/01/07 20:01:04 [DEBUG] Linode API Request Details:
---[ REQUEST ]---------------------------------------
GET /v4/account/events?page=1 HTTP/1.1
Host: api.linode.com
User-Agent: HashiCorp Terraform/1.1.2 (+https://www.terraform.io) Terraform Plugin SDK/2.10.1 terraform-provider-linode/dev
Accept: application/json
Content-Type: application/json
X-Filter: {"+order":"desc","+order_by":"created","action":"disk_create","created":{"+gte":"2022-01-08T04:01:02"},"entity.id":33584285,"entity.type":"linode","id":{"+gte":252971095}}
Accept-Encoding: gzip


-----------------------------------------------------: timestamp=2022-01-07T20:01:04.312-0800
2022-01-07T20:01:04.439-0800 [INFO]  provider.terraform-provider-linode_v1.25.1: 2022/01/07 20:01:04 [DEBUG] Linode API Response Details:
---[ RESPONSE ]--------------------------------------
HTTP/2.0 200 OK
Content-Length: 526
Access-Control-Allow-Credentials: true
Access-Control-Allow-Headers: Authorization, Origin, X-Requested-With, Content-Type, Accept, X-Filter
Access-Control-Allow-Methods: HEAD, GET, OPTIONS, POST, PUT, DELETE
Access-Control-Allow-Origin: *
Access-Control-Expose-Headers: X-OAuth-Scopes, X-Accepted-OAuth-Scopes, X-Status
Cache-Control: private, max-age=0, s-maxage=0, no-cache, no-store
Cache-Control: private, max-age=60, s-maxage=60
Content-Security-Policy: default-src 'none'
Content-Type: application/json
Date: Sat, 08 Jan 2022 04:01:01 GMT
Server: nginx
Strict-Transport-Security: max-age=31536000
Vary: Authorization, X-Filter
Vary: Authorization, X-Filter
X-Accepted-Oauth-Scopes: events:read_only
X-Content-Type-Options: nosniff
X-Customer-Uuid: CD1C0659-20FE-11EA-B88C0CC47AEB2714
X-Frame-Options: DENY
X-Frame-Options: DENY
X-Oauth-Scopes: *
X-Spec-Version: 4.112.2
X-Xss-Protection: 1; mode=block

{
 "data": [
  {
   "id": 252971095,
   "created": "2022-01-08T04:01:02",
   "seen": false,
   "read": false,
   "percent_complete": 0,
   "time_remaining": null,
   "rate": null,
   "duration": null,
   "action": "disk_create",
   "username": "kejadlen",
   "entity": {
    "label": "nixos",
    "id": 33584285,
    "type": "linode",
    "url": "/v4/linode/instances/33584285"
   },
   "status": "scheduled",
   "secondary_entity": {
    "id": 67628494,
    "type": "disk",
    "label": "Swap",
    "url": "/v4/linode/instances/33584285/disks/67628494"
   },
   "message": ""
  }
 ],
 "page": 1,
 "pages": 1,
 "results": 1
}
-----------------------------------------------------: timestamp=2022-01-07T20:01:04.439-0800
2022-01-07T20:01:04.612-0800 [INFO]  provider.terraform-provider-linode_v1.25.1: 2022/01/07 20:01:04 [DEBUG] Linode API Request Details:
---[ REQUEST ]---------------------------------------
GET /v4/account/events?page=1 HTTP/1.1
Host: api.linode.com
User-Agent: HashiCorp Terraform/1.1.2 (+https://www.terraform.io) Terraform Plugin SDK/2.10.1 terraform-provider-linode/dev
Accept: application/json
Content-Type: application/json
X-Filter: {"+order":"desc","+order_by":"created","action":"disk_create","created":{"+gte":"2022-01-08T04:01:02"},"entity.id":33584285,"entity.type":"linode","id":{"+gte":252971095}}
Accept-Encoding: gzip


-----------------------------------------------------: timestamp=2022-01-07T20:01:04.612-0800
2022-01-07T20:01:04.733-0800 [INFO]  provider.terraform-provider-linode_v1.25.1: 2022/01/07 20:01:04 [DEBUG] Linode API Response Details:
---[ RESPONSE ]--------------------------------------
HTTP/2.0 200 OK
Content-Length: 526
Access-Control-Allow-Credentials: true
Access-Control-Allow-Headers: Authorization, Origin, X-Requested-With, Content-Type, Accept, X-Filter
Access-Control-Allow-Methods: HEAD, GET, OPTIONS, POST, PUT, DELETE
Access-Control-Allow-Origin: *
Access-Control-Expose-Headers: X-OAuth-Scopes, X-Accepted-OAuth-Scopes, X-Status
Cache-Control: private, max-age=0, s-maxage=0, no-cache, no-store
Cache-Control: private, max-age=60, s-maxage=60
Content-Security-Policy: default-src 'none'
Content-Type: application/json
Date: Sat, 08 Jan 2022 04:01:01 GMT
Server: nginx
Strict-Transport-Security: max-age=31536000
Vary: Authorization, X-Filter
Vary: Authorization, X-Filter
X-Accepted-Oauth-Scopes: events:read_only
X-Content-Type-Options: nosniff
X-Customer-Uuid: CD1C0659-20FE-11EA-B88C0CC47AEB2714
X-Frame-Options: DENY
X-Frame-Options: DENY
X-Oauth-Scopes: *
X-Spec-Version: 4.112.2
X-Xss-Protection: 1; mode=block

{
 "data": [
  {
   "id": 252971095,
   "created": "2022-01-08T04:01:02",
   "seen": false,
   "read": false,
   "percent_complete": 0,
   "time_remaining": null,
   "rate": null,
   "duration": null,
   "action": "disk_create",
   "username": "kejadlen",
   "entity": {
    "label": "nixos",
    "id": 33584285,
    "type": "linode",
    "url": "/v4/linode/instances/33584285"
   },
   "status": "scheduled",
   "secondary_entity": {
    "id": 67628494,
    "type": "disk",
    "label": "Swap",
    "url": "/v4/linode/instances/33584285/disks/67628494"
   },
   "message": ""
  }
 ],
 "page": 1,
 "pages": 1,
 "results": 1
}
-----------------------------------------------------: timestamp=2022-01-07T20:01:04.732-0800
2022-01-07T20:01:04.912-0800 [INFO]  provider.terraform-provider-linode_v1.25.1: 2022/01/07 20:01:04 [DEBUG] Linode API Request Details:
---[ REQUEST ]---------------------------------------
GET /v4/account/events?page=1 HTTP/1.1
Host: api.linode.com
User-Agent: HashiCorp Terraform/1.1.2 (+https://www.terraform.io) Terraform Plugin SDK/2.10.1 terraform-provider-linode/dev
Accept: application/json
Content-Type: application/json
X-Filter: {"+order":"desc","+order_by":"created","action":"disk_create","created":{"+gte":"2022-01-08T04:01:02"},"entity.id":33584285,"entity.type":"linode","id":{"+gte":252971095}}
Accept-Encoding: gzip


-----------------------------------------------------: timestamp=2022-01-07T20:01:04.912-0800
2022-01-07T20:01:05.028-0800 [INFO]  provider.terraform-provider-linode_v1.25.1: 2022/01/07 20:01:05 [DEBUG] Linode API Response Details:
---[ RESPONSE ]--------------------------------------
HTTP/2.0 200 OK
Content-Length: 526
Access-Control-Allow-Credentials: true
Access-Control-Allow-Headers: Authorization, Origin, X-Requested-With, Content-Type, Accept, X-Filter
Access-Control-Allow-Methods: HEAD, GET, OPTIONS, POST, PUT, DELETE
Access-Control-Allow-Origin: *
Access-Control-Expose-Headers: X-OAuth-Scopes, X-Accepted-OAuth-Scopes, X-Status
Cache-Control: private, max-age=0, s-maxage=0, no-cache, no-store
Cache-Control: private, max-age=60, s-maxage=60
Content-Security-Policy: default-src 'none'
Content-Type: application/json
Date: Sat, 08 Jan 2022 04:01:02 GMT
Server: nginx
Strict-Transport-Security: max-age=31536000
Vary: Authorization, X-Filter
Vary: Authorization, X-Filter
X-Accepted-Oauth-Scopes: events:read_only
X-Content-Type-Options: nosniff
X-Customer-Uuid: CD1C0659-20FE-11EA-B88C0CC47AEB2714
X-Frame-Options: DENY
X-Frame-Options: DENY
X-Oauth-Scopes: *
X-Spec-Version: 4.112.2
X-Xss-Protection: 1; mode=block

{
 "data": [
  {
   "id": 252971095,
   "created": "2022-01-08T04:01:02",
   "seen": false,
   "read": false,
   "percent_complete": 0,
   "time_remaining": null,
   "rate": null,
   "duration": null,
   "action": "disk_create",
   "username": "kejadlen",
   "entity": {
    "label": "nixos",
    "id": 33584285,
    "type": "linode",
    "url": "/v4/linode/instances/33584285"
   },
   "status": "scheduled",
   "secondary_entity": {
    "id": 67628494,
    "type": "disk",
    "label": "Swap",
    "url": "/v4/linode/instances/33584285/disks/67628494"
   },
   "message": ""
  }
 ],
 "page": 1,
 "pages": 1,
 "results": 1
}
-----------------------------------------------------: timestamp=2022-01-07T20:01:05.028-0800
2022-01-07T20:01:05.213-0800 [INFO]  provider.terraform-provider-linode_v1.25.1: 2022/01/07 20:01:05 [DEBUG] Linode API Request Details:
---[ REQUEST ]---------------------------------------
GET /v4/account/events?page=1 HTTP/1.1
Host: api.linode.com
User-Agent: HashiCorp Terraform/1.1.2 (+https://www.terraform.io) Terraform Plugin SDK/2.10.1 terraform-provider-linode/dev
Accept: application/json
Content-Type: application/json
X-Filter: {"+order":"desc","+order_by":"created","action":"disk_create","created":{"+gte":"2022-01-08T04:01:02"},"entity.id":33584285,"entity.type":"linode","id":{"+gte":252971095}}
Accept-Encoding: gzip


-----------------------------------------------------: timestamp=2022-01-07T20:01:05.212-0800
2022-01-07T20:01:05.353-0800 [INFO]  provider.terraform-provider-linode_v1.25.1: 2022/01/07 20:01:05 [DEBUG] Linode API Response Details:
---[ RESPONSE ]--------------------------------------
HTTP/2.0 200 OK
Content-Length: 526
Access-Control-Allow-Credentials: true
Access-Control-Allow-Headers: Authorization, Origin, X-Requested-With, Content-Type, Accept, X-Filter
Access-Control-Allow-Methods: HEAD, GET, OPTIONS, POST, PUT, DELETE
Access-Control-Allow-Origin: *
Access-Control-Expose-Headers: X-OAuth-Scopes, X-Accepted-OAuth-Scopes, X-Status
Cache-Control: private, max-age=0, s-maxage=0, no-cache, no-store
Cache-Control: private, max-age=60, s-maxage=60
Content-Security-Policy: default-src 'none'
Content-Type: application/json
Date: Sat, 08 Jan 2022 04:01:02 GMT
Server: nginx
Strict-Transport-Security: max-age=31536000
Vary: Authorization, X-Filter
Vary: Authorization, X-Filter
X-Accepted-Oauth-Scopes: events:read_only
X-Content-Type-Options: nosniff
X-Customer-Uuid: CD1C0659-20FE-11EA-B88C0CC47AEB2714
X-Frame-Options: DENY
X-Frame-Options: DENY
X-Oauth-Scopes: *
X-Spec-Version: 4.112.2
X-Xss-Protection: 1; mode=block

{
 "data": [
  {
   "id": 252971095,
   "created": "2022-01-08T04:01:02",
   "seen": false,
   "read": false,
   "percent_complete": 0,
   "time_remaining": null,
   "rate": null,
   "duration": null,
   "action": "disk_create",
   "username": "kejadlen",
   "entity": {
    "label": "nixos",
    "id": 33584285,
    "type": "linode",
    "url": "/v4/linode/instances/33584285"
   },
   "status": "scheduled",
   "secondary_entity": {
    "id": 67628494,
    "type": "disk",
    "label": "Swap",
    "url": "/v4/linode/instances/33584285/disks/67628494"
   },
   "message": ""
  }
 ],
 "page": 1,
 "pages": 1,
 "results": 1
}
-----------------------------------------------------: timestamp=2022-01-07T20:01:05.352-0800
2022-01-07T20:01:05.513-0800 [INFO]  provider.terraform-provider-linode_v1.25.1: 2022/01/07 20:01:05 [DEBUG] Linode API Request Details:
---[ REQUEST ]---------------------------------------
GET /v4/account/events?page=1 HTTP/1.1
Host: api.linode.com
User-Agent: HashiCorp Terraform/1.1.2 (+https://www.terraform.io) Terraform Plugin SDK/2.10.1 terraform-provider-linode/dev
Accept: application/json
Content-Type: application/json
X-Filter: {"+order":"desc","+order_by":"created","action":"disk_create","created":{"+gte":"2022-01-08T04:01:02"},"entity.id":33584285,"entity.type":"linode","id":{"+gte":252971095}}
Accept-Encoding: gzip


-----------------------------------------------------: timestamp=2022-01-07T20:01:05.512-0800
2022-01-07T20:01:05.669-0800 [INFO]  provider.terraform-provider-linode_v1.25.1: 2022/01/07 20:01:05 [DEBUG] Linode API Response Details:
---[ RESPONSE ]--------------------------------------
HTTP/2.0 200 OK
Content-Length: 526
Access-Control-Allow-Credentials: true
Access-Control-Allow-Headers: Authorization, Origin, X-Requested-With, Content-Type, Accept, X-Filter
Access-Control-Allow-Methods: HEAD, GET, OPTIONS, POST, PUT, DELETE
Access-Control-Allow-Origin: *
Access-Control-Expose-Headers: X-OAuth-Scopes, X-Accepted-OAuth-Scopes, X-Status
Cache-Control: private, max-age=0, s-maxage=0, no-cache, no-store
Cache-Control: private, max-age=60, s-maxage=60
Content-Security-Policy: default-src 'none'
Content-Type: application/json
Date: Sat, 08 Jan 2022 04:01:02 GMT
Server: nginx
Strict-Transport-Security: max-age=31536000
Vary: Authorization, X-Filter
Vary: Authorization, X-Filter
X-Accepted-Oauth-Scopes: events:read_only
X-Content-Type-Options: nosniff
X-Customer-Uuid: CD1C0659-20FE-11EA-B88C0CC47AEB2714
X-Frame-Options: DENY
X-Frame-Options: DENY
X-Oauth-Scopes: *
X-Spec-Version: 4.112.2
X-Xss-Protection: 1; mode=block

{
 "data": [
  {
   "id": 252971095,
   "created": "2022-01-08T04:01:02",
   "seen": false,
   "read": false,
   "percent_complete": 0,
   "time_remaining": null,
   "rate": null,
   "duration": null,
   "action": "disk_create",
   "username": "kejadlen",
   "entity": {
    "label": "nixos",
    "id": 33584285,
    "type": "linode",
    "url": "/v4/linode/instances/33584285"
   },
   "status": "scheduled",
   "secondary_entity": {
    "id": 67628494,
    "type": "disk",
    "label": "Swap",
    "url": "/v4/linode/instances/33584285/disks/67628494"
   },
   "message": ""
  }
 ],
 "page": 1,
 "pages": 1,
 "results": 1
}
-----------------------------------------------------: timestamp=2022-01-07T20:01:05.668-0800
2022-01-07T20:01:05.812-0800 [INFO]  provider.terraform-provider-linode_v1.25.1: 2022/01/07 20:01:05 [DEBUG] Linode API Request Details:
---[ REQUEST ]---------------------------------------
GET /v4/account/events?page=1 HTTP/1.1
Host: api.linode.com
User-Agent: HashiCorp Terraform/1.1.2 (+https://www.terraform.io) Terraform Plugin SDK/2.10.1 terraform-provider-linode/dev
Accept: application/json
Content-Type: application/json
X-Filter: {"+order":"desc","+order_by":"created","action":"disk_create","created":{"+gte":"2022-01-08T04:01:02"},"entity.id":33584285,"entity.type":"linode","id":{"+gte":252971095}}
Accept-Encoding: gzip


-----------------------------------------------------: timestamp=2022-01-07T20:01:05.812-0800
2022-01-07T20:01:05.934-0800 [INFO]  provider.terraform-provider-linode_v1.25.1: 2022/01/07 20:01:05 [DEBUG] Linode API Response Details:
---[ RESPONSE ]--------------------------------------
HTTP/2.0 200 OK
Content-Length: 526
Access-Control-Allow-Credentials: true
Access-Control-Allow-Headers: Authorization, Origin, X-Requested-With, Content-Type, Accept, X-Filter
Access-Control-Allow-Methods: HEAD, GET, OPTIONS, POST, PUT, DELETE
Access-Control-Allow-Origin: *
Access-Control-Expose-Headers: X-OAuth-Scopes, X-Accepted-OAuth-Scopes, X-Status
Cache-Control: private, max-age=0, s-maxage=0, no-cache, no-store
Cache-Control: private, max-age=60, s-maxage=60
Content-Security-Policy: default-src 'none'
Content-Type: application/json
Date: Sat, 08 Jan 2022 04:01:03 GMT
Server: nginx
Strict-Transport-Security: max-age=31536000
Vary: Authorization, X-Filter
Vary: Authorization, X-Filter
X-Accepted-Oauth-Scopes: events:read_only
X-Content-Type-Options: nosniff
X-Customer-Uuid: CD1C0659-20FE-11EA-B88C0CC47AEB2714
X-Frame-Options: DENY
X-Frame-Options: DENY
X-Oauth-Scopes: *
X-Spec-Version: 4.112.2
X-Xss-Protection: 1; mode=block

{
 "data": [
  {
   "id": 252971095,
   "created": "2022-01-08T04:01:02",
   "seen": false,
   "read": false,
   "percent_complete": 0,
   "time_remaining": null,
   "rate": null,
   "duration": null,
   "action": "disk_create",
   "username": "kejadlen",
   "entity": {
    "label": "nixos",
    "id": 33584285,
    "type": "linode",
    "url": "/v4/linode/instances/33584285"
   },
   "status": "scheduled",
   "secondary_entity": {
    "id": 67628494,
    "type": "disk",
    "label": "Swap",
    "url": "/v4/linode/instances/33584285/disks/67628494"
   },
   "message": ""
  }
 ],
 "page": 1,
 "pages": 1,
 "results": 1
}
-----------------------------------------------------: timestamp=2022-01-07T20:01:05.934-0800
2022-01-07T20:01:06.113-0800 [INFO]  provider.terraform-provider-linode_v1.25.1: 2022/01/07 20:01:06 [DEBUG] Linode API Request Details:
---[ REQUEST ]---------------------------------------
GET /v4/account/events?page=1 HTTP/1.1
Host: api.linode.com
User-Agent: HashiCorp Terraform/1.1.2 (+https://www.terraform.io) Terraform Plugin SDK/2.10.1 terraform-provider-linode/dev
Accept: application/json
Content-Type: application/json
X-Filter: {"+order":"desc","+order_by":"created","action":"disk_create","created":{"+gte":"2022-01-08T04:01:02"},"entity.id":33584285,"entity.type":"linode","id":{"+gte":252971095}}
Accept-Encoding: gzip


-----------------------------------------------------: timestamp=2022-01-07T20:01:06.112-0800
2022-01-07T20:01:06.232-0800 [INFO]  provider.terraform-provider-linode_v1.25.1: 2022/01/07 20:01:06 [DEBUG] Linode API Response Details:
---[ RESPONSE ]--------------------------------------
HTTP/2.0 200 OK
Content-Length: 526
Access-Control-Allow-Credentials: true
Access-Control-Allow-Headers: Authorization, Origin, X-Requested-With, Content-Type, Accept, X-Filter
Access-Control-Allow-Methods: HEAD, GET, OPTIONS, POST, PUT, DELETE
Access-Control-Allow-Origin: *
Access-Control-Expose-Headers: X-OAuth-Scopes, X-Accepted-OAuth-Scopes, X-Status
Cache-Control: private, max-age=0, s-maxage=0, no-cache, no-store
Cache-Control: private, max-age=60, s-maxage=60
Content-Security-Policy: default-src 'none'
Content-Type: application/json
Date: Sat, 08 Jan 2022 04:01:03 GMT
Server: nginx
Strict-Transport-Security: max-age=31536000
Vary: Authorization, X-Filter
Vary: Authorization, X-Filter
X-Accepted-Oauth-Scopes: events:read_only
X-Content-Type-Options: nosniff
X-Customer-Uuid: CD1C0659-20FE-11EA-B88C0CC47AEB2714
X-Frame-Options: DENY
X-Frame-Options: DENY
X-Oauth-Scopes: *
X-Spec-Version: 4.112.2
X-Xss-Protection: 1; mode=block

{
 "data": [
  {
   "id": 252971095,
   "created": "2022-01-08T04:01:02",
   "seen": false,
   "read": false,
   "percent_complete": 0,
   "time_remaining": null,
   "rate": null,
   "duration": null,
   "action": "disk_create",
   "username": "kejadlen",
   "entity": {
    "label": "nixos",
    "id": 33584285,
    "type": "linode",
    "url": "/v4/linode/instances/33584285"
   },
   "status": "scheduled",
   "secondary_entity": {
    "id": 67628494,
    "type": "disk",
    "label": "Swap",
    "url": "/v4/linode/instances/33584285/disks/67628494"
   },
   "message": ""
  }
 ],
 "page": 1,
 "pages": 1,
 "results": 1
}
-----------------------------------------------------: timestamp=2022-01-07T20:01:06.231-0800
2022-01-07T20:01:06.412-0800 [INFO]  provider.terraform-provider-linode_v1.25.1: 2022/01/07 20:01:06 [DEBUG] Linode API Request Details:
---[ REQUEST ]---------------------------------------
GET /v4/account/events?page=1 HTTP/1.1
Host: api.linode.com
User-Agent: HashiCorp Terraform/1.1.2 (+https://www.terraform.io) Terraform Plugin SDK/2.10.1 terraform-provider-linode/dev
Accept: application/json
Content-Type: application/json
X-Filter: {"+order":"desc","+order_by":"created","action":"disk_create","created":{"+gte":"2022-01-08T04:01:02"},"entity.id":33584285,"entity.type":"linode","id":{"+gte":252971095}}
Accept-Encoding: gzip


-----------------------------------------------------: timestamp=2022-01-07T20:01:06.412-0800
2022-01-07T20:01:06.560-0800 [INFO]  provider.terraform-provider-linode_v1.25.1: 2022/01/07 20:01:06 [DEBUG] Linode API Response Details:
---[ RESPONSE ]--------------------------------------
HTTP/2.0 200 OK
Content-Length: 526
Access-Control-Allow-Credentials: true
Access-Control-Allow-Headers: Authorization, Origin, X-Requested-With, Content-Type, Accept, X-Filter
Access-Control-Allow-Methods: HEAD, GET, OPTIONS, POST, PUT, DELETE
Access-Control-Allow-Origin: *
Access-Control-Expose-Headers: X-OAuth-Scopes, X-Accepted-OAuth-Scopes, X-Status
Cache-Control: private, max-age=0, s-maxage=0, no-cache, no-store
Cache-Control: private, max-age=60, s-maxage=60
Content-Security-Policy: default-src 'none'
Content-Type: application/json
Date: Sat, 08 Jan 2022 04:01:03 GMT
Server: nginx
Strict-Transport-Security: max-age=31536000
Vary: Authorization, X-Filter
Vary: Authorization, X-Filter
X-Accepted-Oauth-Scopes: events:read_only
X-Content-Type-Options: nosniff
X-Customer-Uuid: CD1C0659-20FE-11EA-B88C0CC47AEB2714
X-Frame-Options: DENY
X-Frame-Options: DENY
X-Oauth-Scopes: *
X-Spec-Version: 4.112.2
X-Xss-Protection: 1; mode=block

{
 "data": [
  {
   "id": 252971095,
   "created": "2022-01-08T04:01:02",
   "seen": false,
   "read": false,
   "percent_complete": 0,
   "time_remaining": null,
   "rate": null,
   "duration": null,
   "action": "disk_create",
   "username": "kejadlen",
   "entity": {
    "label": "nixos",
    "id": 33584285,
    "type": "linode",
    "url": "/v4/linode/instances/33584285"
   },
   "status": "scheduled",
   "secondary_entity": {
    "id": 67628494,
    "type": "disk",
    "label": "Swap",
    "url": "/v4/linode/instances/33584285/disks/67628494"
   },
   "message": ""
  }
 ],
 "page": 1,
 "pages": 1,
 "results": 1
}
-----------------------------------------------------: timestamp=2022-01-07T20:01:06.559-0800
2022-01-07T20:01:06.712-0800 [INFO]  provider.terraform-provider-linode_v1.25.1: 2022/01/07 20:01:06 [DEBUG] Linode API Request Details:
---[ REQUEST ]---------------------------------------
GET /v4/account/events?page=1 HTTP/1.1
Host: api.linode.com
User-Agent: HashiCorp Terraform/1.1.2 (+https://www.terraform.io) Terraform Plugin SDK/2.10.1 terraform-provider-linode/dev
Accept: application/json
Content-Type: application/json
X-Filter: {"+order":"desc","+order_by":"created","action":"disk_create","created":{"+gte":"2022-01-08T04:01:02"},"entity.id":33584285,"entity.type":"linode","id":{"+gte":252971095}}
Accept-Encoding: gzip


-----------------------------------------------------: timestamp=2022-01-07T20:01:06.712-0800
2022-01-07T20:01:06.829-0800 [INFO]  provider.terraform-provider-linode_v1.25.1: 2022/01/07 20:01:06 [DEBUG] Linode API Response Details:
---[ RESPONSE ]--------------------------------------
HTTP/2.0 200 OK
Content-Length: 526
Access-Control-Allow-Credentials: true
Access-Control-Allow-Headers: Authorization, Origin, X-Requested-With, Content-Type, Accept, X-Filter
Access-Control-Allow-Methods: HEAD, GET, OPTIONS, POST, PUT, DELETE
Access-Control-Allow-Origin: *
Access-Control-Expose-Headers: X-OAuth-Scopes, X-Accepted-OAuth-Scopes, X-Status
Cache-Control: private, max-age=0, s-maxage=0, no-cache, no-store
Cache-Control: private, max-age=60, s-maxage=60
Content-Security-Policy: default-src 'none'
Content-Type: application/json
Date: Sat, 08 Jan 2022 04:01:03 GMT
Server: nginx
Strict-Transport-Security: max-age=31536000
Vary: Authorization, X-Filter
Vary: Authorization, X-Filter
X-Accepted-Oauth-Scopes: events:read_only
X-Content-Type-Options: nosniff
X-Customer-Uuid: CD1C0659-20FE-11EA-B88C0CC47AEB2714
X-Frame-Options: DENY
X-Frame-Options: DENY
X-Oauth-Scopes: *
X-Spec-Version: 4.112.2
X-Xss-Protection: 1; mode=block

{
 "data": [
  {
   "id": 252971095,
   "created": "2022-01-08T04:01:02",
   "seen": false,
   "read": false,
   "percent_complete": 0,
   "time_remaining": null,
   "rate": null,
   "duration": null,
   "action": "disk_create",
   "username": "kejadlen",
   "entity": {
    "label": "nixos",
    "id": 33584285,
    "type": "linode",
    "url": "/v4/linode/instances/33584285"
   },
   "status": "scheduled",
   "secondary_entity": {
    "id": 67628494,
    "type": "disk",
    "label": "Swap",
    "url": "/v4/linode/instances/33584285/disks/67628494"
   },
   "message": ""
  }
 ],
 "page": 1,
 "pages": 1,
 "results": 1
}
-----------------------------------------------------: timestamp=2022-01-07T20:01:06.828-0800
2022-01-07T20:01:07.013-0800 [INFO]  provider.terraform-provider-linode_v1.25.1: 2022/01/07 20:01:07 [DEBUG] Linode API Request Details:
---[ REQUEST ]---------------------------------------
GET /v4/account/events?page=1 HTTP/1.1
Host: api.linode.com
User-Agent: HashiCorp Terraform/1.1.2 (+https://www.terraform.io) Terraform Plugin SDK/2.10.1 terraform-provider-linode/dev
Accept: application/json
Content-Type: application/json
X-Filter: {"+order":"desc","+order_by":"created","action":"disk_create","created":{"+gte":"2022-01-08T04:01:02"},"entity.id":33584285,"entity.type":"linode","id":{"+gte":252971095}}
Accept-Encoding: gzip


-----------------------------------------------------: timestamp=2022-01-07T20:01:07.012-0800
2022-01-07T20:01:07.132-0800 [INFO]  provider.terraform-provider-linode_v1.25.1: 2022/01/07 20:01:07 [DEBUG] Linode API Response Details:
---[ RESPONSE ]--------------------------------------
HTTP/2.0 200 OK
Content-Length: 526
Access-Control-Allow-Credentials: true
Access-Control-Allow-Headers: Authorization, Origin, X-Requested-With, Content-Type, Accept, X-Filter
Access-Control-Allow-Methods: HEAD, GET, OPTIONS, POST, PUT, DELETE
Access-Control-Allow-Origin: *
Access-Control-Expose-Headers: X-OAuth-Scopes, X-Accepted-OAuth-Scopes, X-Status
Cache-Control: private, max-age=0, s-maxage=0, no-cache, no-store
Cache-Control: private, max-age=60, s-maxage=60
Content-Security-Policy: default-src 'none'
Content-Type: application/json
Date: Sat, 08 Jan 2022 04:01:04 GMT
Server: nginx
Strict-Transport-Security: max-age=31536000
Vary: Authorization, X-Filter
Vary: Authorization, X-Filter
X-Accepted-Oauth-Scopes: events:read_only
X-Content-Type-Options: nosniff
X-Customer-Uuid: CD1C0659-20FE-11EA-B88C0CC47AEB2714
X-Frame-Options: DENY
X-Frame-Options: DENY
X-Oauth-Scopes: *
X-Spec-Version: 4.112.2
X-Xss-Protection: 1; mode=block

{
 "data": [
  {
   "id": 252971095,
   "created": "2022-01-08T04:01:02",
   "seen": false,
   "read": false,
   "percent_complete": 0,
   "time_remaining": null,
   "rate": null,
   "duration": null,
   "action": "disk_create",
   "username": "kejadlen",
   "entity": {
    "label": "nixos",
    "id": 33584285,
    "type": "linode",
    "url": "/v4/linode/instances/33584285"
   },
   "status": "scheduled",
   "secondary_entity": {
    "id": 67628494,
    "type": "disk",
    "label": "Swap",
    "url": "/v4/linode/instances/33584285/disks/67628494"
   },
   "message": ""
  }
 ],
 "page": 1,
 "pages": 1,
 "results": 1
}
-----------------------------------------------------: timestamp=2022-01-07T20:01:07.132-0800
2022-01-07T20:01:07.313-0800 [INFO]  provider.terraform-provider-linode_v1.25.1: 2022/01/07 20:01:07 [DEBUG] Linode API Request Details:
---[ REQUEST ]---------------------------------------
GET /v4/account/events?page=1 HTTP/1.1
Host: api.linode.com
User-Agent: HashiCorp Terraform/1.1.2 (+https://www.terraform.io) Terraform Plugin SDK/2.10.1 terraform-provider-linode/dev
Accept: application/json
Content-Type: application/json
X-Filter: {"+order":"desc","+order_by":"created","action":"disk_create","created":{"+gte":"2022-01-08T04:01:02"},"entity.id":33584285,"entity.type":"linode","id":{"+gte":252971095}}
Accept-Encoding: gzip


-----------------------------------------------------: timestamp=2022-01-07T20:01:07.312-0800
2022-01-07T20:01:07.435-0800 [INFO]  provider.terraform-provider-linode_v1.25.1: 2022/01/07 20:01:07 [DEBUG] Linode API Response Details:
---[ RESPONSE ]--------------------------------------
HTTP/2.0 200 OK
Content-Length: 526
Access-Control-Allow-Credentials: true
Access-Control-Allow-Headers: Authorization, Origin, X-Requested-With, Content-Type, Accept, X-Filter
Access-Control-Allow-Methods: HEAD, GET, OPTIONS, POST, PUT, DELETE
Access-Control-Allow-Origin: *
Access-Control-Expose-Headers: X-OAuth-Scopes, X-Accepted-OAuth-Scopes, X-Status
Cache-Control: private, max-age=0, s-maxage=0, no-cache, no-store
Cache-Control: private, max-age=60, s-maxage=60
Content-Security-Policy: default-src 'none'
Content-Type: application/json
Date: Sat, 08 Jan 2022 04:01:04 GMT
Server: nginx
Strict-Transport-Security: max-age=31536000
Vary: Authorization, X-Filter
Vary: Authorization, X-Filter
X-Accepted-Oauth-Scopes: events:read_only
X-Content-Type-Options: nosniff
X-Customer-Uuid: CD1C0659-20FE-11EA-B88C0CC47AEB2714
X-Frame-Options: DENY
X-Frame-Options: DENY
X-Oauth-Scopes: *
X-Spec-Version: 4.112.2
X-Xss-Protection: 1; mode=block

{
 "data": [
  {
   "id": 252971095,
   "created": "2022-01-08T04:01:02",
   "seen": false,
   "read": false,
   "percent_complete": 0,
   "time_remaining": null,
   "rate": null,
   "duration": null,
   "action": "disk_create",
   "username": "kejadlen",
   "entity": {
    "label": "nixos",
    "id": 33584285,
    "type": "linode",
    "url": "/v4/linode/instances/33584285"
   },
   "status": "scheduled",
   "secondary_entity": {
    "id": 67628494,
    "type": "disk",
    "label": "Swap",
    "url": "/v4/linode/instances/33584285/disks/67628494"
   },
   "message": ""
  }
 ],
 "page": 1,
 "pages": 1,
 "results": 1
}
-----------------------------------------------------: timestamp=2022-01-07T20:01:07.435-0800
2022-01-07T20:01:07.613-0800 [INFO]  provider.terraform-provider-linode_v1.25.1: 2022/01/07 20:01:07 [DEBUG] Linode API Request Details:
---[ REQUEST ]---------------------------------------
GET /v4/account/events?page=1 HTTP/1.1
Host: api.linode.com
User-Agent: HashiCorp Terraform/1.1.2 (+https://www.terraform.io) Terraform Plugin SDK/2.10.1 terraform-provider-linode/dev
Accept: application/json
Content-Type: application/json
X-Filter: {"+order":"desc","+order_by":"created","action":"disk_create","created":{"+gte":"2022-01-08T04:01:02"},"entity.id":33584285,"entity.type":"linode","id":{"+gte":252971095}}
Accept-Encoding: gzip


-----------------------------------------------------: timestamp=2022-01-07T20:01:07.613-0800
2022-01-07T20:01:07.758-0800 [INFO]  provider.terraform-provider-linode_v1.25.1: 2022/01/07 20:01:07 [DEBUG] Linode API Response Details:
---[ RESPONSE ]--------------------------------------
HTTP/2.0 200 OK
Content-Length: 526
Access-Control-Allow-Credentials: true
Access-Control-Allow-Headers: Authorization, Origin, X-Requested-With, Content-Type, Accept, X-Filter
Access-Control-Allow-Methods: HEAD, GET, OPTIONS, POST, PUT, DELETE
Access-Control-Allow-Origin: *
Access-Control-Expose-Headers: X-OAuth-Scopes, X-Accepted-OAuth-Scopes, X-Status
Cache-Control: private, max-age=0, s-maxage=0, no-cache, no-store
Cache-Control: private, max-age=60, s-maxage=60
Content-Security-Policy: default-src 'none'
Content-Type: application/json
Date: Sat, 08 Jan 2022 04:01:04 GMT
Server: nginx
Strict-Transport-Security: max-age=31536000
Vary: Authorization, X-Filter
Vary: Authorization, X-Filter
X-Accepted-Oauth-Scopes: events:read_only
X-Content-Type-Options: nosniff
X-Customer-Uuid: CD1C0659-20FE-11EA-B88C0CC47AEB2714
X-Frame-Options: DENY
X-Frame-Options: DENY
X-Oauth-Scopes: *
X-Spec-Version: 4.112.2
X-Xss-Protection: 1; mode=block

{
 "data": [
  {
   "id": 252971095,
   "created": "2022-01-08T04:01:02",
   "seen": false,
   "read": false,
   "percent_complete": 0,
   "time_remaining": null,
   "rate": null,
   "duration": null,
   "action": "disk_create",
   "username": "kejadlen",
   "entity": {
    "label": "nixos",
    "id": 33584285,
    "type": "linode",
    "url": "/v4/linode/instances/33584285"
   },
   "status": "scheduled",
   "secondary_entity": {
    "id": 67628494,
    "type": "disk",
    "label": "Swap",
    "url": "/v4/linode/instances/33584285/disks/67628494"
   },
   "message": ""
  }
 ],
 "page": 1,
 "pages": 1,
 "results": 1
}
-----------------------------------------------------: timestamp=2022-01-07T20:01:07.758-0800
2022-01-07T20:01:07.913-0800 [INFO]  provider.terraform-provider-linode_v1.25.1: 2022/01/07 20:01:07 [DEBUG] Linode API Request Details:
---[ REQUEST ]---------------------------------------
GET /v4/account/events?page=1 HTTP/1.1
Host: api.linode.com
User-Agent: HashiCorp Terraform/1.1.2 (+https://www.terraform.io) Terraform Plugin SDK/2.10.1 terraform-provider-linode/dev
Accept: application/json
Content-Type: application/json
X-Filter: {"+order":"desc","+order_by":"created","action":"disk_create","created":{"+gte":"2022-01-08T04:01:02"},"entity.id":33584285,"entity.type":"linode","id":{"+gte":252971095}}
Accept-Encoding: gzip


-----------------------------------------------------: timestamp=2022-01-07T20:01:07.913-0800
2022-01-07T20:01:08.034-0800 [INFO]  provider.terraform-provider-linode_v1.25.1: 2022/01/07 20:01:08 [DEBUG] Linode API Response Details:
---[ RESPONSE ]--------------------------------------
HTTP/2.0 200 OK
Content-Length: 526
Access-Control-Allow-Credentials: true
Access-Control-Allow-Headers: Authorization, Origin, X-Requested-With, Content-Type, Accept, X-Filter
Access-Control-Allow-Methods: HEAD, GET, OPTIONS, POST, PUT, DELETE
Access-Control-Allow-Origin: *
Access-Control-Expose-Headers: X-OAuth-Scopes, X-Accepted-OAuth-Scopes, X-Status
Cache-Control: private, max-age=0, s-maxage=0, no-cache, no-store
Cache-Control: private, max-age=60, s-maxage=60
Content-Security-Policy: default-src 'none'
Content-Type: application/json
Date: Sat, 08 Jan 2022 04:01:05 GMT
Server: nginx
Strict-Transport-Security: max-age=31536000
Vary: Authorization, X-Filter
Vary: Authorization, X-Filter
X-Accepted-Oauth-Scopes: events:read_only
X-Content-Type-Options: nosniff
X-Customer-Uuid: CD1C0659-20FE-11EA-B88C0CC47AEB2714
X-Frame-Options: DENY
X-Frame-Options: DENY
X-Oauth-Scopes: *
X-Spec-Version: 4.112.2
X-Xss-Protection: 1; mode=block

{
 "data": [
  {
   "id": 252971095,
   "created": "2022-01-08T04:01:02",
   "seen": false,
   "read": false,
   "percent_complete": 0,
   "time_remaining": null,
   "rate": null,
   "duration": null,
   "action": "disk_create",
   "username": "kejadlen",
   "entity": {
    "label": "nixos",
    "id": 33584285,
    "type": "linode",
    "url": "/v4/linode/instances/33584285"
   },
   "status": "scheduled",
   "secondary_entity": {
    "id": 67628494,
    "type": "disk",
    "label": "Swap",
    "url": "/v4/linode/instances/33584285/disks/67628494"
   },
   "message": ""
  }
 ],
 "page": 1,
 "pages": 1,
 "results": 1
}
-----------------------------------------------------: timestamp=2022-01-07T20:01:08.033-0800
2022-01-07T20:01:08.212-0800 [INFO]  provider.terraform-provider-linode_v1.25.1: 2022/01/07 20:01:08 [DEBUG] Linode API Request Details:
---[ REQUEST ]---------------------------------------
GET /v4/account/events?page=1 HTTP/1.1
Host: api.linode.com
User-Agent: HashiCorp Terraform/1.1.2 (+https://www.terraform.io) Terraform Plugin SDK/2.10.1 terraform-provider-linode/dev
Accept: application/json
Content-Type: application/json
X-Filter: {"+order":"desc","+order_by":"created","action":"disk_create","created":{"+gte":"2022-01-08T04:01:02"},"entity.id":33584285,"entity.type":"linode","id":{"+gte":252971095}}
Accept-Encoding: gzip


-----------------------------------------------------: timestamp=2022-01-07T20:01:08.212-0800
2022-01-07T20:01:08.335-0800 [INFO]  provider.terraform-provider-linode_v1.25.1: 2022/01/07 20:01:08 [DEBUG] Linode API Response Details:
---[ RESPONSE ]--------------------------------------
HTTP/2.0 200 OK
Content-Length: 526
Access-Control-Allow-Credentials: true
Access-Control-Allow-Headers: Authorization, Origin, X-Requested-With, Content-Type, Accept, X-Filter
Access-Control-Allow-Methods: HEAD, GET, OPTIONS, POST, PUT, DELETE
Access-Control-Allow-Origin: *
Access-Control-Expose-Headers: X-OAuth-Scopes, X-Accepted-OAuth-Scopes, X-Status
Cache-Control: private, max-age=0, s-maxage=0, no-cache, no-store
Cache-Control: private, max-age=60, s-maxage=60
Content-Security-Policy: default-src 'none'
Content-Type: application/json
Date: Sat, 08 Jan 2022 04:01:05 GMT
Server: nginx
Strict-Transport-Security: max-age=31536000
Vary: Authorization, X-Filter
Vary: Authorization, X-Filter
X-Accepted-Oauth-Scopes: events:read_only
X-Content-Type-Options: nosniff
X-Customer-Uuid: CD1C0659-20FE-11EA-B88C0CC47AEB2714
X-Frame-Options: DENY
X-Frame-Options: DENY
X-Oauth-Scopes: *
X-Spec-Version: 4.112.2
X-Xss-Protection: 1; mode=block

{
 "data": [
  {
   "id": 252971095,
   "created": "2022-01-08T04:01:02",
   "seen": false,
   "read": false,
   "percent_complete": 0,
   "time_remaining": null,
   "rate": null,
   "duration": null,
   "action": "disk_create",
   "username": "kejadlen",
   "entity": {
    "label": "nixos",
    "id": 33584285,
    "type": "linode",
    "url": "/v4/linode/instances/33584285"
   },
   "status": "scheduled",
   "secondary_entity": {
    "id": 67628494,
    "type": "disk",
    "label": "Swap",
    "url": "/v4/linode/instances/33584285/disks/67628494"
   },
   "message": ""
  }
 ],
 "page": 1,
 "pages": 1,
 "results": 1
}
-----------------------------------------------------: timestamp=2022-01-07T20:01:08.335-0800
2022-01-07T20:01:08.512-0800 [INFO]  provider.terraform-provider-linode_v1.25.1: 2022/01/07 20:01:08 [DEBUG] Linode API Request Details:
---[ REQUEST ]---------------------------------------
GET /v4/account/events?page=1 HTTP/1.1
Host: api.linode.com
User-Agent: HashiCorp Terraform/1.1.2 (+https://www.terraform.io) Terraform Plugin SDK/2.10.1 terraform-provider-linode/dev
Accept: application/json
Content-Type: application/json
X-Filter: {"+order":"desc","+order_by":"created","action":"disk_create","created":{"+gte":"2022-01-08T04:01:02"},"entity.id":33584285,"entity.type":"linode","id":{"+gte":252971095}}
Accept-Encoding: gzip


-----------------------------------------------------: timestamp=2022-01-07T20:01:08.512-0800
2022-01-07T20:01:08.629-0800 [INFO]  provider.terraform-provider-linode_v1.25.1: 2022/01/07 20:01:08 [DEBUG] Linode API Response Details:
---[ RESPONSE ]--------------------------------------
HTTP/2.0 200 OK
Content-Length: 526
Access-Control-Allow-Credentials: true
Access-Control-Allow-Headers: Authorization, Origin, X-Requested-With, Content-Type, Accept, X-Filter
Access-Control-Allow-Methods: HEAD, GET, OPTIONS, POST, PUT, DELETE
Access-Control-Allow-Origin: *
Access-Control-Expose-Headers: X-OAuth-Scopes, X-Accepted-OAuth-Scopes, X-Status
Cache-Control: private, max-age=0, s-maxage=0, no-cache, no-store
Cache-Control: private, max-age=60, s-maxage=60
Content-Security-Policy: default-src 'none'
Content-Type: application/json
Date: Sat, 08 Jan 2022 04:01:05 GMT
Server: nginx
Strict-Transport-Security: max-age=31536000
Vary: Authorization, X-Filter
Vary: Authorization, X-Filter
X-Accepted-Oauth-Scopes: events:read_only
X-Content-Type-Options: nosniff
X-Customer-Uuid: CD1C0659-20FE-11EA-B88C0CC47AEB2714
X-Frame-Options: DENY
X-Frame-Options: DENY
X-Oauth-Scopes: *
X-Spec-Version: 4.112.2
X-Xss-Protection: 1; mode=block

{
 "data": [
  {
   "id": 252971095,
   "created": "2022-01-08T04:01:02",
   "seen": false,
   "read": false,
   "percent_complete": 0,
   "time_remaining": null,
   "rate": null,
   "duration": null,
   "action": "disk_create",
   "username": "kejadlen",
   "entity": {
    "label": "nixos",
    "id": 33584285,
    "type": "linode",
    "url": "/v4/linode/instances/33584285"
   },
   "status": "scheduled",
   "secondary_entity": {
    "id": 67628494,
    "type": "disk",
    "label": "Swap",
    "url": "/v4/linode/instances/33584285/disks/67628494"
   },
   "message": ""
  }
 ],
 "page": 1,
 "pages": 1,
 "results": 1
}
-----------------------------------------------------: timestamp=2022-01-07T20:01:08.629-0800
2022-01-07T20:01:08.812-0800 [INFO]  provider.terraform-provider-linode_v1.25.1: 2022/01/07 20:01:08 [DEBUG] Linode API Request Details:
---[ REQUEST ]---------------------------------------
GET /v4/account/events?page=1 HTTP/1.1
Host: api.linode.com
User-Agent: HashiCorp Terraform/1.1.2 (+https://www.terraform.io) Terraform Plugin SDK/2.10.1 terraform-provider-linode/dev
Accept: application/json
Content-Type: application/json
X-Filter: {"+order":"desc","+order_by":"created","action":"disk_create","created":{"+gte":"2022-01-08T04:01:02"},"entity.id":33584285,"entity.type":"linode","id":{"+gte":252971095}}
Accept-Encoding: gzip


-----------------------------------------------------: timestamp=2022-01-07T20:01:08.812-0800
2022-01-07T20:01:08.955-0800 [INFO]  provider.terraform-provider-linode_v1.25.1: 2022/01/07 20:01:08 [DEBUG] Linode API Response Details:
---[ RESPONSE ]--------------------------------------
HTTP/2.0 200 OK
Content-Length: 526
Access-Control-Allow-Credentials: true
Access-Control-Allow-Headers: Authorization, Origin, X-Requested-With, Content-Type, Accept, X-Filter
Access-Control-Allow-Methods: HEAD, GET, OPTIONS, POST, PUT, DELETE
Access-Control-Allow-Origin: *
Access-Control-Expose-Headers: X-OAuth-Scopes, X-Accepted-OAuth-Scopes, X-Status
Cache-Control: private, max-age=0, s-maxage=0, no-cache, no-store
Cache-Control: private, max-age=60, s-maxage=60
Content-Security-Policy: default-src 'none'
Content-Type: application/json
Date: Sat, 08 Jan 2022 04:01:06 GMT
Server: nginx
Strict-Transport-Security: max-age=31536000
Vary: Authorization, X-Filter
Vary: Authorization, X-Filter
X-Accepted-Oauth-Scopes: events:read_only
X-Content-Type-Options: nosniff
X-Customer-Uuid: CD1C0659-20FE-11EA-B88C0CC47AEB2714
X-Frame-Options: DENY
X-Frame-Options: DENY
X-Oauth-Scopes: *
X-Spec-Version: 4.112.2
X-Xss-Protection: 1; mode=block

{
 "data": [
  {
   "id": 252971095,
   "created": "2022-01-08T04:01:02",
   "seen": false,
   "read": false,
   "percent_complete": 0,
   "time_remaining": null,
   "rate": null,
   "duration": null,
   "action": "disk_create",
   "username": "kejadlen",
   "entity": {
    "label": "nixos",
    "id": 33584285,
    "type": "linode",
    "url": "/v4/linode/instances/33584285"
   },
   "status": "scheduled",
   "secondary_entity": {
    "id": 67628494,
    "type": "disk",
    "label": "Swap",
    "url": "/v4/linode/instances/33584285/disks/67628494"
   },
   "message": ""
  }
 ],
 "page": 1,
 "pages": 1,
 "results": 1
}
-----------------------------------------------------: timestamp=2022-01-07T20:01:08.954-0800
2022-01-07T20:01:09.113-0800 [INFO]  provider.terraform-provider-linode_v1.25.1: 2022/01/07 20:01:09 [DEBUG] Linode API Request Details:
---[ REQUEST ]---------------------------------------
GET /v4/account/events?page=1 HTTP/1.1
Host: api.linode.com
User-Agent: HashiCorp Terraform/1.1.2 (+https://www.terraform.io) Terraform Plugin SDK/2.10.1 terraform-provider-linode/dev
Accept: application/json
Content-Type: application/json
X-Filter: {"+order":"desc","+order_by":"created","action":"disk_create","created":{"+gte":"2022-01-08T04:01:02"},"entity.id":33584285,"entity.type":"linode","id":{"+gte":252971095}}
Accept-Encoding: gzip


-----------------------------------------------------: timestamp=2022-01-07T20:01:09.112-0800
2022-01-07T20:01:09.244-0800 [INFO]  provider.terraform-provider-linode_v1.25.1: 2022/01/07 20:01:09 [DEBUG] Linode API Response Details:
---[ RESPONSE ]--------------------------------------
HTTP/2.0 200 OK
Content-Length: 526
Access-Control-Allow-Credentials: true
Access-Control-Allow-Headers: Authorization, Origin, X-Requested-With, Content-Type, Accept, X-Filter
Access-Control-Allow-Methods: HEAD, GET, OPTIONS, POST, PUT, DELETE
Access-Control-Allow-Origin: *
Access-Control-Expose-Headers: X-OAuth-Scopes, X-Accepted-OAuth-Scopes, X-Status
Cache-Control: private, max-age=0, s-maxage=0, no-cache, no-store
Cache-Control: private, max-age=60, s-maxage=60
Content-Security-Policy: default-src 'none'
Content-Type: application/json
Date: Sat, 08 Jan 2022 04:01:06 GMT
Server: nginx
Strict-Transport-Security: max-age=31536000
Vary: Authorization, X-Filter
Vary: Authorization, X-Filter
X-Accepted-Oauth-Scopes: events:read_only
X-Content-Type-Options: nosniff
X-Customer-Uuid: CD1C0659-20FE-11EA-B88C0CC47AEB2714
X-Frame-Options: DENY
X-Frame-Options: DENY
X-Oauth-Scopes: *
X-Spec-Version: 4.112.2
X-Xss-Protection: 1; mode=block

{
 "data": [
  {
   "id": 252971095,
   "created": "2022-01-08T04:01:02",
   "seen": false,
   "read": false,
   "percent_complete": 0,
   "time_remaining": null,
   "rate": null,
   "duration": null,
   "action": "disk_create",
   "username": "kejadlen",
   "entity": {
    "label": "nixos",
    "id": 33584285,
    "type": "linode",
    "url": "/v4/linode/instances/33584285"
   },
   "status": "scheduled",
   "secondary_entity": {
    "id": 67628494,
    "type": "disk",
    "label": "Swap",
    "url": "/v4/linode/instances/33584285/disks/67628494"
   },
   "message": ""
  }
 ],
 "page": 1,
 "pages": 1,
 "results": 1
}
-----------------------------------------------------: timestamp=2022-01-07T20:01:09.244-0800
2022-01-07T20:01:09.413-0800 [INFO]  provider.terraform-provider-linode_v1.25.1: 2022/01/07 20:01:09 [DEBUG] Linode API Request Details:
---[ REQUEST ]---------------------------------------
GET /v4/account/events?page=1 HTTP/1.1
Host: api.linode.com
User-Agent: HashiCorp Terraform/1.1.2 (+https://www.terraform.io) Terraform Plugin SDK/2.10.1 terraform-provider-linode/dev
Accept: application/json
Content-Type: application/json
X-Filter: {"+order":"desc","+order_by":"created","action":"disk_create","created":{"+gte":"2022-01-08T04:01:02"},"entity.id":33584285,"entity.type":"linode","id":{"+gte":252971095}}
Accept-Encoding: gzip


-----------------------------------------------------: timestamp=2022-01-07T20:01:09.412-0800
2022-01-07T20:01:09.543-0800 [INFO]  provider.terraform-provider-linode_v1.25.1: 2022/01/07 20:01:09 [DEBUG] Linode API Response Details:
---[ RESPONSE ]--------------------------------------
HTTP/2.0 200 OK
Content-Length: 526
Access-Control-Allow-Credentials: true
Access-Control-Allow-Headers: Authorization, Origin, X-Requested-With, Content-Type, Accept, X-Filter
Access-Control-Allow-Methods: HEAD, GET, OPTIONS, POST, PUT, DELETE
Access-Control-Allow-Origin: *
Access-Control-Expose-Headers: X-OAuth-Scopes, X-Accepted-OAuth-Scopes, X-Status
Cache-Control: private, max-age=0, s-maxage=0, no-cache, no-store
Cache-Control: private, max-age=60, s-maxage=60
Content-Security-Policy: default-src 'none'
Content-Type: application/json
Date: Sat, 08 Jan 2022 04:01:06 GMT
Server: nginx
Strict-Transport-Security: max-age=31536000
Vary: Authorization, X-Filter
Vary: Authorization, X-Filter
X-Accepted-Oauth-Scopes: events:read_only
X-Content-Type-Options: nosniff
X-Customer-Uuid: CD1C0659-20FE-11EA-B88C0CC47AEB2714
X-Frame-Options: DENY
X-Frame-Options: DENY
X-Oauth-Scopes: *
X-Spec-Version: 4.112.2
X-Xss-Protection: 1; mode=block

{
 "data": [
  {
   "id": 252971095,
   "created": "2022-01-08T04:01:02",
   "seen": false,
   "read": false,
   "percent_complete": 0,
   "time_remaining": null,
   "rate": null,
   "duration": null,
   "action": "disk_create",
   "username": "kejadlen",
   "entity": {
    "label": "nixos",
    "id": 33584285,
    "type": "linode",
    "url": "/v4/linode/instances/33584285"
   },
   "status": "scheduled",
   "secondary_entity": {
    "id": 67628494,
    "type": "disk",
    "label": "Swap",
    "url": "/v4/linode/instances/33584285/disks/67628494"
   },
   "message": ""
  }
 ],
 "page": 1,
 "pages": 1,
 "results": 1
}
-----------------------------------------------------: timestamp=2022-01-07T20:01:09.542-0800
2022-01-07T20:01:09.712-0800 [INFO]  provider.terraform-provider-linode_v1.25.1: 2022/01/07 20:01:09 [DEBUG] Linode API Request Details:
---[ REQUEST ]---------------------------------------
GET /v4/account/events?page=1 HTTP/1.1
Host: api.linode.com
User-Agent: HashiCorp Terraform/1.1.2 (+https://www.terraform.io) Terraform Plugin SDK/2.10.1 terraform-provider-linode/dev
Accept: application/json
Content-Type: application/json
X-Filter: {"+order":"desc","+order_by":"created","action":"disk_create","created":{"+gte":"2022-01-08T04:01:02"},"entity.id":33584285,"entity.type":"linode","id":{"+gte":252971095}}
Accept-Encoding: gzip


-----------------------------------------------------: timestamp=2022-01-07T20:01:09.712-0800
2022-01-07T20:01:09.838-0800 [INFO]  provider.terraform-provider-linode_v1.25.1: 2022/01/07 20:01:09 [DEBUG] Linode API Response Details:
---[ RESPONSE ]--------------------------------------
HTTP/2.0 200 OK
Content-Length: 526
Access-Control-Allow-Credentials: true
Access-Control-Allow-Headers: Authorization, Origin, X-Requested-With, Content-Type, Accept, X-Filter
Access-Control-Allow-Methods: HEAD, GET, OPTIONS, POST, PUT, DELETE
Access-Control-Allow-Origin: *
Access-Control-Expose-Headers: X-OAuth-Scopes, X-Accepted-OAuth-Scopes, X-Status
Cache-Control: private, max-age=0, s-maxage=0, no-cache, no-store
Cache-Control: private, max-age=60, s-maxage=60
Content-Security-Policy: default-src 'none'
Content-Type: application/json
Date: Sat, 08 Jan 2022 04:01:06 GMT
Server: nginx
Strict-Transport-Security: max-age=31536000
Vary: Authorization, X-Filter
Vary: Authorization, X-Filter
X-Accepted-Oauth-Scopes: events:read_only
X-Content-Type-Options: nosniff
X-Customer-Uuid: CD1C0659-20FE-11EA-B88C0CC47AEB2714
X-Frame-Options: DENY
X-Frame-Options: DENY
X-Oauth-Scopes: *
X-Spec-Version: 4.112.2
X-Xss-Protection: 1; mode=block

{
 "data": [
  {
   "id": 252971095,
   "created": "2022-01-08T04:01:02",
   "seen": false,
   "read": false,
   "percent_complete": 0,
   "time_remaining": null,
   "rate": null,
   "duration": null,
   "action": "disk_create",
   "username": "kejadlen",
   "entity": {
    "label": "nixos",
    "id": 33584285,
    "type": "linode",
    "url": "/v4/linode/instances/33584285"
   },
   "status": "scheduled",
   "secondary_entity": {
    "id": 67628494,
    "type": "disk",
    "label": "Swap",
    "url": "/v4/linode/instances/33584285/disks/67628494"
   },
   "message": ""
  }
 ],
 "page": 1,
 "pages": 1,
 "results": 1
}
-----------------------------------------------------: timestamp=2022-01-07T20:01:09.838-0800
2022-01-07T20:01:10.013-0800 [INFO]  provider.terraform-provider-linode_v1.25.1: 2022/01/07 20:01:10 [DEBUG] Linode API Request Details:
---[ REQUEST ]---------------------------------------
GET /v4/account/events?page=1 HTTP/1.1
Host: api.linode.com
User-Agent: HashiCorp Terraform/1.1.2 (+https://www.terraform.io) Terraform Plugin SDK/2.10.1 terraform-provider-linode/dev
Accept: application/json
Content-Type: application/json
X-Filter: {"+order":"desc","+order_by":"created","action":"disk_create","created":{"+gte":"2022-01-08T04:01:02"},"entity.id":33584285,"entity.type":"linode","id":{"+gte":252971095}}
Accept-Encoding: gzip


-----------------------------------------------------: timestamp=2022-01-07T20:01:10.012-0800
2022-01-07T20:01:10.142-0800 [INFO]  provider.terraform-provider-linode_v1.25.1: 2022/01/07 20:01:10 [DEBUG] Linode API Response Details:
---[ RESPONSE ]--------------------------------------
HTTP/2.0 200 OK
Content-Length: 526
Access-Control-Allow-Credentials: true
Access-Control-Allow-Headers: Authorization, Origin, X-Requested-With, Content-Type, Accept, X-Filter
Access-Control-Allow-Methods: HEAD, GET, OPTIONS, POST, PUT, DELETE
Access-Control-Allow-Origin: *
Access-Control-Expose-Headers: X-OAuth-Scopes, X-Accepted-OAuth-Scopes, X-Status
Cache-Control: private, max-age=0, s-maxage=0, no-cache, no-store
Cache-Control: private, max-age=60, s-maxage=60
Content-Security-Policy: default-src 'none'
Content-Type: application/json
Date: Sat, 08 Jan 2022 04:01:07 GMT
Server: nginx
Strict-Transport-Security: max-age=31536000
Vary: Authorization, X-Filter
Vary: Authorization, X-Filter
X-Accepted-Oauth-Scopes: events:read_only
X-Content-Type-Options: nosniff
X-Customer-Uuid: CD1C0659-20FE-11EA-B88C0CC47AEB2714
X-Frame-Options: DENY
X-Frame-Options: DENY
X-Oauth-Scopes: *
X-Spec-Version: 4.112.2
X-Xss-Protection: 1; mode=block

{
 "data": [
  {
   "id": 252971095,
   "created": "2022-01-08T04:01:02",
   "seen": false,
   "read": false,
   "percent_complete": 0,
   "time_remaining": null,
   "rate": null,
   "duration": null,
   "action": "disk_create",
   "username": "kejadlen",
   "entity": {
    "label": "nixos",
    "id": 33584285,
    "type": "linode",
    "url": "/v4/linode/instances/33584285"
   },
   "status": "scheduled",
   "secondary_entity": {
    "id": 67628494,
    "type": "disk",
    "label": "Swap",
    "url": "/v4/linode/instances/33584285/disks/67628494"
   },
   "message": ""
  }
 ],
 "page": 1,
 "pages": 1,
 "results": 1
}
-----------------------------------------------------: timestamp=2022-01-07T20:01:10.142-0800
2022-01-07T20:01:10.313-0800 [INFO]  provider.terraform-provider-linode_v1.25.1: 2022/01/07 20:01:10 [DEBUG] Linode API Request Details:
---[ REQUEST ]---------------------------------------
GET /v4/account/events?page=1 HTTP/1.1
Host: api.linode.com
User-Agent: HashiCorp Terraform/1.1.2 (+https://www.terraform.io) Terraform Plugin SDK/2.10.1 terraform-provider-linode/dev
Accept: application/json
Content-Type: application/json
X-Filter: {"+order":"desc","+order_by":"created","action":"disk_create","created":{"+gte":"2022-01-08T04:01:02"},"entity.id":33584285,"entity.type":"linode","id":{"+gte":252971095}}
Accept-Encoding: gzip


-----------------------------------------------------: timestamp=2022-01-07T20:01:10.312-0800
2022-01-07T20:01:10.439-0800 [INFO]  provider.terraform-provider-linode_v1.25.1: 2022/01/07 20:01:10 [DEBUG] Linode API Response Details:
---[ RESPONSE ]--------------------------------------
HTTP/2.0 200 OK
Content-Length: 528
Access-Control-Allow-Credentials: true
Access-Control-Allow-Headers: Authorization, Origin, X-Requested-With, Content-Type, Accept, X-Filter
Access-Control-Allow-Methods: HEAD, GET, OPTIONS, POST, PUT, DELETE
Access-Control-Allow-Origin: *
Access-Control-Expose-Headers: X-OAuth-Scopes, X-Accepted-OAuth-Scopes, X-Status
Cache-Control: private, max-age=0, s-maxage=0, no-cache, no-store
Cache-Control: private, max-age=60, s-maxage=60
Content-Security-Policy: default-src 'none'
Content-Type: application/json
Date: Sat, 08 Jan 2022 04:01:07 GMT
Server: nginx
Strict-Transport-Security: max-age=31536000
Vary: Authorization, X-Filter
Vary: Authorization, X-Filter
X-Accepted-Oauth-Scopes: events:read_only
X-Content-Type-Options: nosniff
X-Customer-Uuid: CD1C0659-20FE-11EA-B88C0CC47AEB2714
X-Frame-Options: DENY
X-Frame-Options: DENY
X-Oauth-Scopes: *
X-Spec-Version: 4.112.2
X-Xss-Protection: 1; mode=block

{
 "data": [
  {
   "id": 252971095,
   "created": "2022-01-08T04:01:02",
   "seen": false,
   "read": false,
   "percent_complete": 0,
   "time_remaining": null,
   "rate": null,
   "duration": 8.443585,
   "action": "disk_create",
   "username": "kejadlen",
   "entity": {
    "label": "nixos",
    "id": 33584285,
    "type": "linode",
    "url": "/v4/linode/instances/33584285"
   },
   "status": "started",
   "secondary_entity": {
    "id": 67628494,
    "type": "disk",
    "label": "Swap",
    "url": "/v4/linode/instances/33584285/disks/67628494"
   },
   "message": ""
  }
 ],
 "page": 1,
 "pages": 1,
 "results": 1
}
-----------------------------------------------------: timestamp=2022-01-07T20:01:10.439-0800
2022-01-07T20:01:10.439-0800 [INFO]  provider.terraform-provider-linode_v1.25.1: 2022/01/07 20:01:10 [INFO] Linode 33584285 action disk_create is started: timestamp=2022-01-07T20:01:10.439-0800
2022-01-07T20:01:10.612-0800 [INFO]  provider.terraform-provider-linode_v1.25.1: 2022/01/07 20:01:10 [DEBUG] Linode API Request Details:
---[ REQUEST ]---------------------------------------
GET /v4/account/events?page=1 HTTP/1.1
Host: api.linode.com
User-Agent: HashiCorp Terraform/1.1.2 (+https://www.terraform.io) Terraform Plugin SDK/2.10.1 terraform-provider-linode/dev
Accept: application/json
Content-Type: application/json
X-Filter: {"+order":"desc","+order_by":"created","action":"disk_create","created":{"+gte":"2022-01-08T04:01:02"},"entity.id":33584285,"entity.type":"linode","id":{"+gte":252971095}}
Accept-Encoding: gzip


-----------------------------------------------------: timestamp=2022-01-07T20:01:10.611-0800
2022-01-07T20:01:10.729-0800 [INFO]  provider.terraform-provider-linode_v1.25.1: 2022/01/07 20:01:10 [DEBUG] Linode API Response Details:
---[ RESPONSE ]--------------------------------------
HTTP/2.0 200 OK
Content-Length: 528
Access-Control-Allow-Credentials: true
Access-Control-Allow-Headers: Authorization, Origin, X-Requested-With, Content-Type, Accept, X-Filter
Access-Control-Allow-Methods: HEAD, GET, OPTIONS, POST, PUT, DELETE
Access-Control-Allow-Origin: *
Access-Control-Expose-Headers: X-OAuth-Scopes, X-Accepted-OAuth-Scopes, X-Status
Cache-Control: private, max-age=0, s-maxage=0, no-cache, no-store
Cache-Control: private, max-age=60, s-maxage=60
Content-Security-Policy: default-src 'none'
Content-Type: application/json
Date: Sat, 08 Jan 2022 04:01:07 GMT
Server: nginx
Strict-Transport-Security: max-age=31536000
Vary: Authorization, X-Filter
Vary: Authorization, X-Filter
X-Accepted-Oauth-Scopes: events:read_only
X-Content-Type-Options: nosniff
X-Customer-Uuid: CD1C0659-20FE-11EA-B88C0CC47AEB2714
X-Frame-Options: DENY
X-Frame-Options: DENY
X-Oauth-Scopes: *
X-Spec-Version: 4.112.2
X-Xss-Protection: 1; mode=block

{
 "data": [
  {
   "id": 252971095,
   "created": "2022-01-08T04:01:02",
   "seen": false,
   "read": false,
   "percent_complete": 0,
   "time_remaining": null,
   "rate": null,
   "duration": 8.730851,
   "action": "disk_create",
   "username": "kejadlen",
   "entity": {
    "label": "nixos",
    "id": 33584285,
    "type": "linode",
    "url": "/v4/linode/instances/33584285"
   },
   "status": "started",
   "secondary_entity": {
    "id": 67628494,
    "type": "disk",
    "label": "Swap",
    "url": "/v4/linode/instances/33584285/disks/67628494"
   },
   "message": ""
  }
 ],
 "page": 1,
 "pages": 1,
 "results": 1
}
-----------------------------------------------------: timestamp=2022-01-07T20:01:10.729-0800
2022-01-07T20:01:10.912-0800 [INFO]  provider.terraform-provider-linode_v1.25.1: 2022/01/07 20:01:10 [DEBUG] Linode API Request Details:
---[ REQUEST ]---------------------------------------
GET /v4/account/events?page=1 HTTP/1.1
Host: api.linode.com
User-Agent: HashiCorp Terraform/1.1.2 (+https://www.terraform.io) Terraform Plugin SDK/2.10.1 terraform-provider-linode/dev
Accept: application/json
Content-Type: application/json
X-Filter: {"+order":"desc","+order_by":"created","action":"disk_create","created":{"+gte":"2022-01-08T04:01:02"},"entity.id":33584285,"entity.type":"linode","id":{"+gte":252971095}}
Accept-Encoding: gzip


-----------------------------------------------------: timestamp=2022-01-07T20:01:10.912-0800
2022-01-07T20:01:11.052-0800 [INFO]  provider.terraform-provider-linode_v1.25.1: 2022/01/07 20:01:11 [DEBUG] Linode API Response Details:
---[ RESPONSE ]--------------------------------------
HTTP/2.0 200 OK
Content-Length: 523
Access-Control-Allow-Credentials: true
Access-Control-Allow-Headers: Authorization, Origin, X-Requested-With, Content-Type, Accept, X-Filter
Access-Control-Allow-Methods: HEAD, GET, OPTIONS, POST, PUT, DELETE
Access-Control-Allow-Origin: *
Access-Control-Expose-Headers: X-OAuth-Scopes, X-Accepted-OAuth-Scopes, X-Status
Cache-Control: private, max-age=0, s-maxage=0, no-cache, no-store
Cache-Control: private, max-age=60, s-maxage=60
Content-Security-Policy: default-src 'none'
Content-Type: application/json
Date: Sat, 08 Jan 2022 04:01:08 GMT
Server: nginx
Strict-Transport-Security: max-age=31536000
Vary: Authorization, X-Filter
Vary: Authorization, X-Filter
X-Accepted-Oauth-Scopes: events:read_only
X-Content-Type-Options: nosniff
X-Customer-Uuid: CD1C0659-20FE-11EA-B88C0CC47AEB2714
X-Frame-Options: DENY
X-Frame-Options: DENY
X-Oauth-Scopes: *
X-Spec-Version: 4.112.2
X-Xss-Protection: 1; mode=block

{
 "data": [
  {
   "id": 252971095,
   "created": "2022-01-08T04:01:02",
   "seen": false,
   "read": false,
   "percent_complete": 100,
   "time_remaining": 0,
   "rate": null,
   "duration": 8.0,
   "action": "disk_create",
   "username": "kejadlen",
   "entity": {
    "label": "nixos",
    "id": 33584285,
    "type": "linode",
    "url": "/v4/linode/instances/33584285"
   },
   "status": "finished",
   "secondary_entity": {
    "id": 67628494,
    "type": "disk",
    "label": "Swap",
    "url": "/v4/linode/instances/33584285/disks/67628494"
   },
   "message": ""
  }
 ],
 "page": 1,
 "pages": 1,
 "results": 1
}
-----------------------------------------------------: timestamp=2022-01-07T20:01:11.050-0800
2022-01-07T20:01:11.052-0800 [INFO]  provider.terraform-provider-linode_v1.25.1: 2022/01/07 20:01:11 [INFO] Linode 33584285 action disk_create is finished: timestamp=2022-01-07T20:01:11.051-0800
2022-01-07T20:01:11.052-0800 [INFO]  provider.terraform-provider-linode_v1.25.1: 2022/01/07 20:01:11 [DEBUG] Linode API Request Details:
---[ REQUEST ]---------------------------------------
POST /v4/linode/instances/33584285/disks HTTP/1.1
Host: api.linode.com
User-Agent: HashiCorp Terraform/1.1.2 (+https://www.terraform.io) Terraform Plugin SDK/2.10.1 terraform-provider-linode/dev
Content-Length: 113
Accept: application/json
Content-Type: application/json
Accept-Encoding: gzip

{
 "label": "NixOS",
 "size": 24064,
 "root_pass": "Mn/8SxsNKIAjqij5D6LS3Lo3MZpVZuU5XBpTscosqcmI7nabIPdYgbKb/cQulVA59m4="
}
-----------------------------------------------------: timestamp=2022-01-07T20:01:11.052-0800
2022-01-07T20:01:11.314-0800 [INFO]  provider.terraform-provider-linode_v1.25.1: 2022/01/07 20:01:11 [DEBUG] Linode API Response Details:
---[ RESPONSE ]--------------------------------------
HTTP/2.0 200 OK
Content-Length: 162
Access-Control-Allow-Credentials: true
Access-Control-Allow-Headers: Authorization, Origin, X-Requested-With, Content-Type, Accept, X-Filter
Access-Control-Allow-Methods: HEAD, GET, OPTIONS, POST, PUT, DELETE
Access-Control-Allow-Origin: *
Access-Control-Expose-Headers: X-OAuth-Scopes, X-Accepted-OAuth-Scopes, X-Status
Cache-Control: private, max-age=60, s-maxage=60
Content-Security-Policy: default-src 'none'
Content-Type: application/json
Date: Sat, 08 Jan 2022 04:01:08 GMT
Server: nginx
Strict-Transport-Security: max-age=31536000
Vary: Authorization, X-Filter
X-Accepted-Oauth-Scopes: linodes:read_write
X-Content-Type-Options: nosniff
X-Customer-Uuid: CD1C0659-20FE-11EA-B88C0CC47AEB2714
X-Frame-Options: DENY
X-Frame-Options: DENY
X-Oauth-Scopes: *
X-Spec-Version: 4.112.2
X-Xss-Protection: 1; mode=block

{
 "id": 67628503,
 "status": "not ready",
 "label": "NixOS",
 "created": "2022-01-08T04:01:11",
 "updated": "2022-01-08T04:01:11",
 "filesystem": "ext4",
 "size": 24064
}
-----------------------------------------------------: timestamp=2022-01-07T20:01:11.314-0800
2022-01-07T20:01:11.314-0800 [INFO]  provider.terraform-provider-linode_v1.25.1: 2022/01/07 20:01:11 [INFO] Waiting 567 seconds for disk_create events since 2022-01-08 04:01:11 +0000 UTC for Linode 33584285: timestamp=2022-01-07T20:01:11.314-0800
2022-01-07T20:01:11.618-0800 [INFO]  provider.terraform-provider-linode_v1.25.1: 2022/01/07 20:01:11 [DEBUG] Linode API Request Details:
---[ REQUEST ]---------------------------------------
GET /v4/account/events?page=1 HTTP/1.1
Host: api.linode.com
User-Agent: HashiCorp Terraform/1.1.2 (+https://www.terraform.io) Terraform Plugin SDK/2.10.1 terraform-provider-linode/dev
Accept: application/json
Content-Type: application/json
X-Filter: {"+order":"desc","+order_by":"created","action":"disk_create","created":{"+gte":"2022-01-08T04:01:11"},"entity.id":33584285,"entity.type":"linode"}
Accept-Encoding: gzip


-----------------------------------------------------: timestamp=2022-01-07T20:01:11.618-0800
2022-01-07T20:01:11.768-0800 [INFO]  provider.terraform-provider-linode_v1.25.1: 2022/01/07 20:01:11 [DEBUG] Linode API Response Details:
---[ RESPONSE ]--------------------------------------
HTTP/2.0 200 OK
Content-Length: 527
Access-Control-Allow-Credentials: true
Access-Control-Allow-Headers: Authorization, Origin, X-Requested-With, Content-Type, Accept, X-Filter
Access-Control-Allow-Methods: HEAD, GET, OPTIONS, POST, PUT, DELETE
Access-Control-Allow-Origin: *
Access-Control-Expose-Headers: X-OAuth-Scopes, X-Accepted-OAuth-Scopes, X-Status
Cache-Control: private, max-age=0, s-maxage=0, no-cache, no-store
Cache-Control: private, max-age=60, s-maxage=60
Content-Security-Policy: default-src 'none'
Content-Type: application/json
Date: Sat, 08 Jan 2022 04:01:08 GMT
Server: nginx
Strict-Transport-Security: max-age=31536000
Vary: Authorization, X-Filter
Vary: Authorization, X-Filter
X-Accepted-Oauth-Scopes: events:read_only
X-Content-Type-Options: nosniff
X-Customer-Uuid: CD1C0659-20FE-11EA-B88C0CC47AEB2714
X-Frame-Options: DENY
X-Frame-Options: DENY
X-Oauth-Scopes: *
X-Spec-Version: 4.112.2
X-Xss-Protection: 1; mode=block

{
 "data": [
  {
   "id": 252971140,
   "created": "2022-01-08T04:01:11",
   "seen": false,
   "read": false,
   "percent_complete": 0,
   "time_remaining": null,
   "rate": null,
   "duration": null,
   "action": "disk_create",
   "username": "kejadlen",
   "entity": {
    "label": "nixos",
    "id": 33584285,
    "type": "linode",
    "url": "/v4/linode/instances/33584285"
   },
   "status": "scheduled",
   "secondary_entity": {
    "id": 67628503,
    "type": "disk",
    "label": "NixOS",
    "url": "/v4/linode/instances/33584285/disks/67628503"
   },
   "message": ""
  }
 ],
 "page": 1,
 "pages": 1,
 "results": 1
}
-----------------------------------------------------: timestamp=2022-01-07T20:01:11.767-0800
2022-01-07T20:01:11.768-0800 [INFO]  provider.terraform-provider-linode_v1.25.1: 2022/01/07 20:01:11 [INFO] Linode 33584285 action disk_create is scheduled: timestamp=2022-01-07T20:01:11.768-0800
2022-01-07T20:01:11.920-0800 [INFO]  provider.terraform-provider-linode_v1.25.1: 2022/01/07 20:01:11 [DEBUG] Linode API Request Details:
---[ REQUEST ]---------------------------------------
GET /v4/account/events?page=1 HTTP/1.1
Host: api.linode.com
User-Agent: HashiCorp Terraform/1.1.2 (+https://www.terraform.io) Terraform Plugin SDK/2.10.1 terraform-provider-linode/dev
Accept: application/json
Content-Type: application/json
X-Filter: {"+order":"desc","+order_by":"created","action":"disk_create","created":{"+gte":"2022-01-08T04:01:11"},"entity.id":33584285,"entity.type":"linode","id":{"+gte":252971140}}
Accept-Encoding: gzip


-----------------------------------------------------: timestamp=2022-01-07T20:01:11.919-0800
2022-01-07T20:01:12.046-0800 [INFO]  provider.terraform-provider-linode_v1.25.1: 2022/01/07 20:01:12 [DEBUG] Linode API Response Details:
---[ RESPONSE ]--------------------------------------
HTTP/2.0 200 OK
Content-Length: 527
Access-Control-Allow-Credentials: true
Access-Control-Allow-Headers: Authorization, Origin, X-Requested-With, Content-Type, Accept, X-Filter
Access-Control-Allow-Methods: HEAD, GET, OPTIONS, POST, PUT, DELETE
Access-Control-Allow-Origin: *
Access-Control-Expose-Headers: X-OAuth-Scopes, X-Accepted-OAuth-Scopes, X-Status
Cache-Control: private, max-age=0, s-maxage=0, no-cache, no-store
Cache-Control: private, max-age=60, s-maxage=60
Content-Security-Policy: default-src 'none'
Content-Type: application/json
Date: Sat, 08 Jan 2022 04:01:09 GMT
Server: nginx
Strict-Transport-Security: max-age=31536000
Vary: Authorization, X-Filter
Vary: Authorization, X-Filter
X-Accepted-Oauth-Scopes: events:read_only
X-Content-Type-Options: nosniff
X-Customer-Uuid: CD1C0659-20FE-11EA-B88C0CC47AEB2714
X-Frame-Options: DENY
X-Frame-Options: DENY
X-Oauth-Scopes: *
X-Spec-Version: 4.112.2
X-Xss-Protection: 1; mode=block

{
 "data": [
  {
   "id": 252971140,
   "created": "2022-01-08T04:01:11",
   "seen": false,
   "read": false,
   "percent_complete": 0,
   "time_remaining": null,
   "rate": null,
   "duration": null,
   "action": "disk_create",
   "username": "kejadlen",
   "entity": {
    "label": "nixos",
    "id": 33584285,
    "type": "linode",
    "url": "/v4/linode/instances/33584285"
   },
   "status": "scheduled",
   "secondary_entity": {
    "id": 67628503,
    "type": "disk",
    "label": "NixOS",
    "url": "/v4/linode/instances/33584285/disks/67628503"
   },
   "message": ""
  }
 ],
 "page": 1,
 "pages": 1,
 "results": 1
}
-----------------------------------------------------: timestamp=2022-01-07T20:01:12.046-0800
2022-01-07T20:01:12.219-0800 [INFO]  provider.terraform-provider-linode_v1.25.1: 2022/01/07 20:01:12 [DEBUG] Linode API Request Details:
---[ REQUEST ]---------------------------------------
GET /v4/account/events?page=1 HTTP/1.1
Host: api.linode.com
User-Agent: HashiCorp Terraform/1.1.2 (+https://www.terraform.io) Terraform Plugin SDK/2.10.1 terraform-provider-linode/dev
Accept: application/json
Content-Type: application/json
X-Filter: {"+order":"desc","+order_by":"created","action":"disk_create","created":{"+gte":"2022-01-08T04:01:11"},"entity.id":33584285,"entity.type":"linode","id":{"+gte":252971140}}
Accept-Encoding: gzip


-----------------------------------------------------: timestamp=2022-01-07T20:01:12.218-0800
2022-01-07T20:01:12.343-0800 [INFO]  provider.terraform-provider-linode_v1.25.1: 2022/01/07 20:01:12 [DEBUG] Linode API Response Details:
---[ RESPONSE ]--------------------------------------
HTTP/2.0 200 OK
Content-Length: 527
Access-Control-Allow-Credentials: true
Access-Control-Allow-Headers: Authorization, Origin, X-Requested-With, Content-Type, Accept, X-Filter
Access-Control-Allow-Methods: HEAD, GET, OPTIONS, POST, PUT, DELETE
Access-Control-Allow-Origin: *
Access-Control-Expose-Headers: X-OAuth-Scopes, X-Accepted-OAuth-Scopes, X-Status
Cache-Control: private, max-age=0, s-maxage=0, no-cache, no-store
Cache-Control: private, max-age=60, s-maxage=60
Content-Security-Policy: default-src 'none'
Content-Type: application/json
Date: Sat, 08 Jan 2022 04:01:09 GMT
Server: nginx
Strict-Transport-Security: max-age=31536000
Vary: Authorization, X-Filter
Vary: Authorization, X-Filter
X-Accepted-Oauth-Scopes: events:read_only
X-Content-Type-Options: nosniff
X-Customer-Uuid: CD1C0659-20FE-11EA-B88C0CC47AEB2714
X-Frame-Options: DENY
X-Frame-Options: DENY
X-Oauth-Scopes: *
X-Spec-Version: 4.112.2
X-Xss-Protection: 1; mode=block

{
 "data": [
  {
   "id": 252971140,
   "created": "2022-01-08T04:01:11",
   "seen": false,
   "read": false,
   "percent_complete": 0,
   "time_remaining": null,
   "rate": null,
   "duration": null,
   "action": "disk_create",
   "username": "kejadlen",
   "entity": {
    "label": "nixos",
    "id": 33584285,
    "type": "linode",
    "url": "/v4/linode/instances/33584285"
   },
   "status": "scheduled",
   "secondary_entity": {
    "id": 67628503,
    "type": "disk",
    "label": "NixOS",
    "url": "/v4/linode/instances/33584285/disks/67628503"
   },
   "message": ""
  }
 ],
 "page": 1,
 "pages": 1,
 "results": 1
}
-----------------------------------------------------: timestamp=2022-01-07T20:01:12.343-0800
2022-01-07T20:01:12.516-0800 [INFO]  provider.terraform-provider-linode_v1.25.1: 2022/01/07 20:01:12 [DEBUG] Linode API Request Details:
---[ REQUEST ]---------------------------------------
GET /v4/account/events?page=1 HTTP/1.1
Host: api.linode.com
User-Agent: HashiCorp Terraform/1.1.2 (+https://www.terraform.io) Terraform Plugin SDK/2.10.1 terraform-provider-linode/dev
Accept: application/json
Content-Type: application/json
X-Filter: {"+order":"desc","+order_by":"created","action":"disk_create","created":{"+gte":"2022-01-08T04:01:11"},"entity.id":33584285,"entity.type":"linode","id":{"+gte":252971140}}
Accept-Encoding: gzip


-----------------------------------------------------: timestamp=2022-01-07T20:01:12.516-0800
2022-01-07T20:01:12.652-0800 [INFO]  provider.terraform-provider-linode_v1.25.1: 2022/01/07 20:01:12 [DEBUG] Linode API Response Details:
---[ RESPONSE ]--------------------------------------
HTTP/2.0 200 OK
Content-Length: 527
Access-Control-Allow-Credentials: true
Access-Control-Allow-Headers: Authorization, Origin, X-Requested-With, Content-Type, Accept, X-Filter
Access-Control-Allow-Methods: HEAD, GET, OPTIONS, POST, PUT, DELETE
Access-Control-Allow-Origin: *
Access-Control-Expose-Headers: X-OAuth-Scopes, X-Accepted-OAuth-Scopes, X-Status
Cache-Control: private, max-age=0, s-maxage=0, no-cache, no-store
Cache-Control: private, max-age=60, s-maxage=60
Content-Security-Policy: default-src 'none'
Content-Type: application/json
Date: Sat, 08 Jan 2022 04:01:09 GMT
Server: nginx
Strict-Transport-Security: max-age=31536000
Vary: Authorization, X-Filter
Vary: Authorization, X-Filter
X-Accepted-Oauth-Scopes: events:read_only
X-Content-Type-Options: nosniff
X-Customer-Uuid: CD1C0659-20FE-11EA-B88C0CC47AEB2714
X-Frame-Options: DENY
X-Frame-Options: DENY
X-Oauth-Scopes: *
X-Spec-Version: 4.112.2
X-Xss-Protection: 1; mode=block

{
 "data": [
  {
   "id": 252971140,
   "created": "2022-01-08T04:01:11",
   "seen": false,
   "read": false,
   "percent_complete": 0,
   "time_remaining": null,
   "rate": null,
   "duration": null,
   "action": "disk_create",
   "username": "kejadlen",
   "entity": {
    "label": "nixos",
    "id": 33584285,
    "type": "linode",
    "url": "/v4/linode/instances/33584285"
   },
   "status": "scheduled",
   "secondary_entity": {
    "id": 67628503,
    "type": "disk",
    "label": "NixOS",
    "url": "/v4/linode/instances/33584285/disks/67628503"
   },
   "message": ""
  }
 ],
 "page": 1,
 "pages": 1,
 "results": 1
}
-----------------------------------------------------: timestamp=2022-01-07T20:01:12.649-0800
2022-01-07T20:01:12.817-0800 [INFO]  provider.terraform-provider-linode_v1.25.1: 2022/01/07 20:01:12 [DEBUG] Linode API Request Details:
---[ REQUEST ]---------------------------------------
GET /v4/account/events?page=1 HTTP/1.1
Host: api.linode.com
User-Agent: HashiCorp Terraform/1.1.2 (+https://www.terraform.io) Terraform Plugin SDK/2.10.1 terraform-provider-linode/dev
Accept: application/json
Content-Type: application/json
X-Filter: {"+order":"desc","+order_by":"created","action":"disk_create","created":{"+gte":"2022-01-08T04:01:11"},"entity.id":33584285,"entity.type":"linode","id":{"+gte":252971140}}
Accept-Encoding: gzip


-----------------------------------------------------: timestamp=2022-01-07T20:01:12.817-0800
2022-01-07T20:01:12.955-0800 [INFO]  provider.terraform-provider-linode_v1.25.1: 2022/01/07 20:01:12 [DEBUG] Linode API Response Details:
---[ RESPONSE ]--------------------------------------
HTTP/2.0 200 OK
Content-Length: 527
Access-Control-Allow-Credentials: true
Access-Control-Allow-Headers: Authorization, Origin, X-Requested-With, Content-Type, Accept, X-Filter
Access-Control-Allow-Methods: HEAD, GET, OPTIONS, POST, PUT, DELETE
Access-Control-Allow-Origin: *
Access-Control-Expose-Headers: X-OAuth-Scopes, X-Accepted-OAuth-Scopes, X-Status
Cache-Control: private, max-age=0, s-maxage=0, no-cache, no-store
Cache-Control: private, max-age=60, s-maxage=60
Content-Security-Policy: default-src 'none'
Content-Type: application/json
Date: Sat, 08 Jan 2022 04:01:10 GMT
Server: nginx
Strict-Transport-Security: max-age=31536000
Vary: Authorization, X-Filter
Vary: Authorization, X-Filter
X-Accepted-Oauth-Scopes: events:read_only
X-Content-Type-Options: nosniff
X-Customer-Uuid: CD1C0659-20FE-11EA-B88C0CC47AEB2714
X-Frame-Options: DENY
X-Frame-Options: DENY
X-Oauth-Scopes: *
X-Spec-Version: 4.112.2
X-Xss-Protection: 1; mode=block

{
 "data": [
  {
   "id": 252971140,
   "created": "2022-01-08T04:01:11",
   "seen": false,
   "read": false,
   "percent_complete": 0,
   "time_remaining": null,
   "rate": null,
   "duration": null,
   "action": "disk_create",
   "username": "kejadlen",
   "entity": {
    "label": "nixos",
    "id": 33584285,
    "type": "linode",
    "url": "/v4/linode/instances/33584285"
   },
   "status": "scheduled",
   "secondary_entity": {
    "id": 67628503,
    "type": "disk",
    "label": "NixOS",
    "url": "/v4/linode/instances/33584285/disks/67628503"
   },
   "message": ""
  }
 ],
 "page": 1,
 "pages": 1,
 "results": 1
}
-----------------------------------------------------: timestamp=2022-01-07T20:01:12.954-0800
2022-01-07T20:01:13.116-0800 [INFO]  provider.terraform-provider-linode_v1.25.1: 2022/01/07 20:01:13 [DEBUG] Linode API Request Details:
---[ REQUEST ]---------------------------------------
GET /v4/account/events?page=1 HTTP/1.1
Host: api.linode.com
User-Agent: HashiCorp Terraform/1.1.2 (+https://www.terraform.io) Terraform Plugin SDK/2.10.1 terraform-provider-linode/dev
Accept: application/json
Content-Type: application/json
X-Filter: {"+order":"desc","+order_by":"created","action":"disk_create","created":{"+gte":"2022-01-08T04:01:11"},"entity.id":33584285,"entity.type":"linode","id":{"+gte":252971140}}
Accept-Encoding: gzip


-----------------------------------------------------: timestamp=2022-01-07T20:01:13.115-0800
2022-01-07T20:01:13.228-0800 [INFO]  provider.terraform-provider-linode_v1.25.1: 2022/01/07 20:01:13 [DEBUG] Linode API Response Details:
---[ RESPONSE ]--------------------------------------
HTTP/2.0 200 OK
Content-Length: 527
Access-Control-Allow-Credentials: true
Access-Control-Allow-Headers: Authorization, Origin, X-Requested-With, Content-Type, Accept, X-Filter
Access-Control-Allow-Methods: HEAD, GET, OPTIONS, POST, PUT, DELETE
Access-Control-Allow-Origin: *
Access-Control-Expose-Headers: X-OAuth-Scopes, X-Accepted-OAuth-Scopes, X-Status
Cache-Control: private, max-age=0, s-maxage=0, no-cache, no-store
Cache-Control: private, max-age=60, s-maxage=60
Content-Security-Policy: default-src 'none'
Content-Type: application/json
Date: Sat, 08 Jan 2022 04:01:10 GMT
Server: nginx
Strict-Transport-Security: max-age=31536000
Vary: Authorization, X-Filter
Vary: Authorization, X-Filter
X-Accepted-Oauth-Scopes: events:read_only
X-Content-Type-Options: nosniff
X-Customer-Uuid: CD1C0659-20FE-11EA-B88C0CC47AEB2714
X-Frame-Options: DENY
X-Frame-Options: DENY
X-Oauth-Scopes: *
X-Spec-Version: 4.112.2
X-Xss-Protection: 1; mode=block

{
 "data": [
  {
   "id": 252971140,
   "created": "2022-01-08T04:01:11",
   "seen": false,
   "read": false,
   "percent_complete": 0,
   "time_remaining": null,
   "rate": null,
   "duration": null,
   "action": "disk_create",
   "username": "kejadlen",
   "entity": {
    "label": "nixos",
    "id": 33584285,
    "type": "linode",
    "url": "/v4/linode/instances/33584285"
   },
   "status": "scheduled",
   "secondary_entity": {
    "id": 67628503,
    "type": "disk",
    "label": "NixOS",
    "url": "/v4/linode/instances/33584285/disks/67628503"
   },
   "message": ""
  }
 ],
 "page": 1,
 "pages": 1,
 "results": 1
}
-----------------------------------------------------: timestamp=2022-01-07T20:01:13.228-0800
2022-01-07T20:01:13.416-0800 [INFO]  provider.terraform-provider-linode_v1.25.1: 2022/01/07 20:01:13 [DEBUG] Linode API Request Details:
---[ REQUEST ]---------------------------------------
GET /v4/account/events?page=1 HTTP/1.1
Host: api.linode.com
User-Agent: HashiCorp Terraform/1.1.2 (+https://www.terraform.io) Terraform Plugin SDK/2.10.1 terraform-provider-linode/dev
Accept: application/json
Content-Type: application/json
X-Filter: {"+order":"desc","+order_by":"created","action":"disk_create","created":{"+gte":"2022-01-08T04:01:11"},"entity.id":33584285,"entity.type":"linode","id":{"+gte":252971140}}
Accept-Encoding: gzip


-----------------------------------------------------: timestamp=2022-01-07T20:01:13.416-0800
2022-01-07T20:01:13.543-0800 [INFO]  provider.terraform-provider-linode_v1.25.1: 2022/01/07 20:01:13 [DEBUG] Linode API Response Details:
---[ RESPONSE ]--------------------------------------
HTTP/2.0 200 OK
Content-Length: 527
Access-Control-Allow-Credentials: true
Access-Control-Allow-Headers: Authorization, Origin, X-Requested-With, Content-Type, Accept, X-Filter
Access-Control-Allow-Methods: HEAD, GET, OPTIONS, POST, PUT, DELETE
Access-Control-Allow-Origin: *
Access-Control-Expose-Headers: X-OAuth-Scopes, X-Accepted-OAuth-Scopes, X-Status
Cache-Control: private, max-age=0, s-maxage=0, no-cache, no-store
Cache-Control: private, max-age=60, s-maxage=60
Content-Security-Policy: default-src 'none'
Content-Type: application/json
Date: Sat, 08 Jan 2022 04:01:10 GMT
Server: nginx
Strict-Transport-Security: max-age=31536000
Vary: Authorization, X-Filter
Vary: Authorization, X-Filter
X-Accepted-Oauth-Scopes: events:read_only
X-Content-Type-Options: nosniff
X-Customer-Uuid: CD1C0659-20FE-11EA-B88C0CC47AEB2714
X-Frame-Options: DENY
X-Frame-Options: DENY
X-Oauth-Scopes: *
X-Spec-Version: 4.112.2
X-Xss-Protection: 1; mode=block

{
 "data": [
  {
   "id": 252971140,
   "created": "2022-01-08T04:01:11",
   "seen": false,
   "read": false,
   "percent_complete": 0,
   "time_remaining": null,
   "rate": null,
   "duration": null,
   "action": "disk_create",
   "username": "kejadlen",
   "entity": {
    "label": "nixos",
    "id": 33584285,
    "type": "linode",
    "url": "/v4/linode/instances/33584285"
   },
   "status": "scheduled",
   "secondary_entity": {
    "id": 67628503,
    "type": "disk",
    "label": "NixOS",
    "url": "/v4/linode/instances/33584285/disks/67628503"
   },
   "message": ""
  }
 ],
 "page": 1,
 "pages": 1,
 "results": 1
}
-----------------------------------------------------: timestamp=2022-01-07T20:01:13.543-0800
2022-01-07T20:01:13.717-0800 [INFO]  provider.terraform-provider-linode_v1.25.1: 2022/01/07 20:01:13 [DEBUG] Linode API Request Details:
---[ REQUEST ]---------------------------------------
GET /v4/account/events?page=1 HTTP/1.1
Host: api.linode.com
User-Agent: HashiCorp Terraform/1.1.2 (+https://www.terraform.io) Terraform Plugin SDK/2.10.1 terraform-provider-linode/dev
Accept: application/json
Content-Type: application/json
X-Filter: {"+order":"desc","+order_by":"created","action":"disk_create","created":{"+gte":"2022-01-08T04:01:11"},"entity.id":33584285,"entity.type":"linode","id":{"+gte":252971140}}
Accept-Encoding: gzip


-----------------------------------------------------: timestamp=2022-01-07T20:01:13.716-0800
2022-01-07T20:01:13.868-0800 [INFO]  provider.terraform-provider-linode_v1.25.1: 2022/01/07 20:01:13 [DEBUG] Linode API Response Details:
---[ RESPONSE ]--------------------------------------
HTTP/2.0 200 OK
Content-Length: 527
Access-Control-Allow-Credentials: true
Access-Control-Allow-Headers: Authorization, Origin, X-Requested-With, Content-Type, Accept, X-Filter
Access-Control-Allow-Methods: HEAD, GET, OPTIONS, POST, PUT, DELETE
Access-Control-Allow-Origin: *
Access-Control-Expose-Headers: X-OAuth-Scopes, X-Accepted-OAuth-Scopes, X-Status
Cache-Control: private, max-age=0, s-maxage=0, no-cache, no-store
Cache-Control: private, max-age=60, s-maxage=60
Content-Security-Policy: default-src 'none'
Content-Type: application/json
Date: Sat, 08 Jan 2022 04:01:10 GMT
Server: nginx
Strict-Transport-Security: max-age=31536000
Vary: Authorization, X-Filter
Vary: Authorization, X-Filter
X-Accepted-Oauth-Scopes: events:read_only
X-Content-Type-Options: nosniff
X-Customer-Uuid: CD1C0659-20FE-11EA-B88C0CC47AEB2714
X-Frame-Options: DENY
X-Frame-Options: DENY
X-Oauth-Scopes: *
X-Spec-Version: 4.112.2
X-Xss-Protection: 1; mode=block

{
 "data": [
  {
   "id": 252971140,
   "created": "2022-01-08T04:01:11",
   "seen": false,
   "read": false,
   "percent_complete": 0,
   "time_remaining": null,
   "rate": null,
   "duration": null,
   "action": "disk_create",
   "username": "kejadlen",
   "entity": {
    "label": "nixos",
    "id": 33584285,
    "type": "linode",
    "url": "/v4/linode/instances/33584285"
   },
   "status": "scheduled",
   "secondary_entity": {
    "id": 67628503,
    "type": "disk",
    "label": "NixOS",
    "url": "/v4/linode/instances/33584285/disks/67628503"
   },
   "message": ""
  }
 ],
 "page": 1,
 "pages": 1,
 "results": 1
}
-----------------------------------------------------: timestamp=2022-01-07T20:01:13.867-0800
2022-01-07T20:01:14.017-0800 [INFO]  provider.terraform-provider-linode_v1.25.1: 2022/01/07 20:01:14 [DEBUG] Linode API Request Details:
---[ REQUEST ]---------------------------------------
GET /v4/account/events?page=1 HTTP/1.1
Host: api.linode.com
User-Agent: HashiCorp Terraform/1.1.2 (+https://www.terraform.io) Terraform Plugin SDK/2.10.1 terraform-provider-linode/dev
Accept: application/json
Content-Type: application/json
X-Filter: {"+order":"desc","+order_by":"created","action":"disk_create","created":{"+gte":"2022-01-08T04:01:11"},"entity.id":33584285,"entity.type":"linode","id":{"+gte":252971140}}
Accept-Encoding: gzip


-----------------------------------------------------: timestamp=2022-01-07T20:01:14.016-0800
2022-01-07T20:01:14.159-0800 [INFO]  provider.terraform-provider-linode_v1.25.1: 2022/01/07 20:01:14 [DEBUG] Linode API Response Details:
---[ RESPONSE ]--------------------------------------
HTTP/2.0 200 OK
Content-Length: 527
Access-Control-Allow-Credentials: true
Access-Control-Allow-Headers: Authorization, Origin, X-Requested-With, Content-Type, Accept, X-Filter
Access-Control-Allow-Methods: HEAD, GET, OPTIONS, POST, PUT, DELETE
Access-Control-Allow-Origin: *
Access-Control-Expose-Headers: X-OAuth-Scopes, X-Accepted-OAuth-Scopes, X-Status
Cache-Control: private, max-age=0, s-maxage=0, no-cache, no-store
Cache-Control: private, max-age=60, s-maxage=60
Content-Security-Policy: default-src 'none'
Content-Type: application/json
Date: Sat, 08 Jan 2022 04:01:11 GMT
Server: nginx
Strict-Transport-Security: max-age=31536000
Vary: Authorization, X-Filter
Vary: Authorization, X-Filter
X-Accepted-Oauth-Scopes: events:read_only
X-Content-Type-Options: nosniff
X-Customer-Uuid: CD1C0659-20FE-11EA-B88C0CC47AEB2714
X-Frame-Options: DENY
X-Frame-Options: DENY
X-Oauth-Scopes: *
X-Spec-Version: 4.112.2
X-Xss-Protection: 1; mode=block

{
 "data": [
  {
   "id": 252971140,
   "created": "2022-01-08T04:01:11",
   "seen": false,
   "read": false,
   "percent_complete": 0,
   "time_remaining": null,
   "rate": null,
   "duration": null,
   "action": "disk_create",
   "username": "kejadlen",
   "entity": {
    "label": "nixos",
    "id": 33584285,
    "type": "linode",
    "url": "/v4/linode/instances/33584285"
   },
   "status": "scheduled",
   "secondary_entity": {
    "id": 67628503,
    "type": "disk",
    "label": "NixOS",
    "url": "/v4/linode/instances/33584285/disks/67628503"
   },
   "message": ""
  }
 ],
 "page": 1,
 "pages": 1,
 "results": 1
}
-----------------------------------------------------: timestamp=2022-01-07T20:01:14.157-0800
2022-01-07T20:01:14.315-0800 [INFO]  provider.terraform-provider-linode_v1.25.1: 2022/01/07 20:01:14 [DEBUG] Linode API Request Details:
---[ REQUEST ]---------------------------------------
GET /v4/account/events?page=1 HTTP/1.1
Host: api.linode.com
User-Agent: HashiCorp Terraform/1.1.2 (+https://www.terraform.io) Terraform Plugin SDK/2.10.1 terraform-provider-linode/dev
Accept: application/json
Content-Type: application/json
X-Filter: {"+order":"desc","+order_by":"created","action":"disk_create","created":{"+gte":"2022-01-08T04:01:11"},"entity.id":33584285,"entity.type":"linode","id":{"+gte":252971140}}
Accept-Encoding: gzip


-----------------------------------------------------: timestamp=2022-01-07T20:01:14.315-0800
2022-01-07T20:01:14.450-0800 [INFO]  provider.terraform-provider-linode_v1.25.1: 2022/01/07 20:01:14 [DEBUG] Linode API Response Details:
---[ RESPONSE ]--------------------------------------
HTTP/2.0 200 OK
Content-Length: 527
Access-Control-Allow-Credentials: true
Access-Control-Allow-Headers: Authorization, Origin, X-Requested-With, Content-Type, Accept, X-Filter
Access-Control-Allow-Methods: HEAD, GET, OPTIONS, POST, PUT, DELETE
Access-Control-Allow-Origin: *
Access-Control-Expose-Headers: X-OAuth-Scopes, X-Accepted-OAuth-Scopes, X-Status
Cache-Control: private, max-age=0, s-maxage=0, no-cache, no-store
Cache-Control: private, max-age=60, s-maxage=60
Content-Security-Policy: default-src 'none'
Content-Type: application/json
Date: Sat, 08 Jan 2022 04:01:11 GMT
Server: nginx
Strict-Transport-Security: max-age=31536000
Vary: Authorization, X-Filter
Vary: Authorization, X-Filter
X-Accepted-Oauth-Scopes: events:read_only
X-Content-Type-Options: nosniff
X-Customer-Uuid: CD1C0659-20FE-11EA-B88C0CC47AEB2714
X-Frame-Options: DENY
X-Frame-Options: DENY
X-Oauth-Scopes: *
X-Spec-Version: 4.112.2
X-Xss-Protection: 1; mode=block

{
 "data": [
  {
   "id": 252971140,
   "created": "2022-01-08T04:01:11",
   "seen": false,
   "read": false,
   "percent_complete": 0,
   "time_remaining": null,
   "rate": null,
   "duration": null,
   "action": "disk_create",
   "username": "kejadlen",
   "entity": {
    "label": "nixos",
    "id": 33584285,
    "type": "linode",
    "url": "/v4/linode/instances/33584285"
   },
   "status": "scheduled",
   "secondary_entity": {
    "id": 67628503,
    "type": "disk",
    "label": "NixOS",
    "url": "/v4/linode/instances/33584285/disks/67628503"
   },
   "message": ""
  }
 ],
 "page": 1,
 "pages": 1,
 "results": 1
}
-----------------------------------------------------: timestamp=2022-01-07T20:01:14.450-0800
2022-01-07T20:01:14.618-0800 [INFO]  provider.terraform-provider-linode_v1.25.1: 2022/01/07 20:01:14 [DEBUG] Linode API Request Details:
---[ REQUEST ]---------------------------------------
GET /v4/account/events?page=1 HTTP/1.1
Host: api.linode.com
User-Agent: HashiCorp Terraform/1.1.2 (+https://www.terraform.io) Terraform Plugin SDK/2.10.1 terraform-provider-linode/dev
Accept: application/json
Content-Type: application/json
X-Filter: {"+order":"desc","+order_by":"created","action":"disk_create","created":{"+gte":"2022-01-08T04:01:11"},"entity.id":33584285,"entity.type":"linode","id":{"+gte":252971140}}
Accept-Encoding: gzip


-----------------------------------------------------: timestamp=2022-01-07T20:01:14.618-0800
2022-01-07T20:01:14.731-0800 [INFO]  provider.terraform-provider-linode_v1.25.1: 2022/01/07 20:01:14 [DEBUG] Linode API Response Details:
---[ RESPONSE ]--------------------------------------
HTTP/2.0 200 OK
Content-Length: 527
Access-Control-Allow-Credentials: true
Access-Control-Allow-Headers: Authorization, Origin, X-Requested-With, Content-Type, Accept, X-Filter
Access-Control-Allow-Methods: HEAD, GET, OPTIONS, POST, PUT, DELETE
Access-Control-Allow-Origin: *
Access-Control-Expose-Headers: X-OAuth-Scopes, X-Accepted-OAuth-Scopes, X-Status
Cache-Control: private, max-age=0, s-maxage=0, no-cache, no-store
Cache-Control: private, max-age=60, s-maxage=60
Content-Security-Policy: default-src 'none'
Content-Type: application/json
Date: Sat, 08 Jan 2022 04:01:11 GMT
Server: nginx
Strict-Transport-Security: max-age=31536000
Vary: Authorization, X-Filter
Vary: Authorization, X-Filter
X-Accepted-Oauth-Scopes: events:read_only
X-Content-Type-Options: nosniff
X-Customer-Uuid: CD1C0659-20FE-11EA-B88C0CC47AEB2714
X-Frame-Options: DENY
X-Frame-Options: DENY
X-Oauth-Scopes: *
X-Spec-Version: 4.112.2
X-Xss-Protection: 1; mode=block

{
 "data": [
  {
   "id": 252971140,
   "created": "2022-01-08T04:01:11",
   "seen": false,
   "read": false,
   "percent_complete": 0,
   "time_remaining": null,
   "rate": null,
   "duration": null,
   "action": "disk_create",
   "username": "kejadlen",
   "entity": {
    "label": "nixos",
    "id": 33584285,
    "type": "linode",
    "url": "/v4/linode/instances/33584285"
   },
   "status": "scheduled",
   "secondary_entity": {
    "id": 67628503,
    "type": "disk",
    "label": "NixOS",
    "url": "/v4/linode/instances/33584285/disks/67628503"
   },
   "message": ""
  }
 ],
 "page": 1,
 "pages": 1,
 "results": 1
}
-----------------------------------------------------: timestamp=2022-01-07T20:01:14.731-0800
2022-01-07T20:01:14.916-0800 [INFO]  provider.terraform-provider-linode_v1.25.1: 2022/01/07 20:01:14 [DEBUG] Linode API Request Details:
---[ REQUEST ]---------------------------------------
GET /v4/account/events?page=1 HTTP/1.1
Host: api.linode.com
User-Agent: HashiCorp Terraform/1.1.2 (+https://www.terraform.io) Terraform Plugin SDK/2.10.1 terraform-provider-linode/dev
Accept: application/json
Content-Type: application/json
X-Filter: {"+order":"desc","+order_by":"created","action":"disk_create","created":{"+gte":"2022-01-08T04:01:11"},"entity.id":33584285,"entity.type":"linode","id":{"+gte":252971140}}
Accept-Encoding: gzip


-----------------------------------------------------: timestamp=2022-01-07T20:01:14.916-0800
2022-01-07T20:01:15.038-0800 [INFO]  provider.terraform-provider-linode_v1.25.1: 2022/01/07 20:01:15 [DEBUG] Linode API Response Details:
---[ RESPONSE ]--------------------------------------
HTTP/2.0 200 OK
Content-Length: 527
Access-Control-Allow-Credentials: true
Access-Control-Allow-Headers: Authorization, Origin, X-Requested-With, Content-Type, Accept, X-Filter
Access-Control-Allow-Methods: HEAD, GET, OPTIONS, POST, PUT, DELETE
Access-Control-Allow-Origin: *
Access-Control-Expose-Headers: X-OAuth-Scopes, X-Accepted-OAuth-Scopes, X-Status
Cache-Control: private, max-age=0, s-maxage=0, no-cache, no-store
Cache-Control: private, max-age=60, s-maxage=60
Content-Security-Policy: default-src 'none'
Content-Type: application/json
Date: Sat, 08 Jan 2022 04:01:12 GMT
Server: nginx
Strict-Transport-Security: max-age=31536000
Vary: Authorization, X-Filter
Vary: Authorization, X-Filter
X-Accepted-Oauth-Scopes: events:read_only
X-Content-Type-Options: nosniff
X-Customer-Uuid: CD1C0659-20FE-11EA-B88C0CC47AEB2714
X-Frame-Options: DENY
X-Frame-Options: DENY
X-Oauth-Scopes: *
X-Spec-Version: 4.112.2
X-Xss-Protection: 1; mode=block

{
 "data": [
  {
   "id": 252971140,
   "created": "2022-01-08T04:01:11",
   "seen": false,
   "read": false,
   "percent_complete": 0,
   "time_remaining": null,
   "rate": null,
   "duration": null,
   "action": "disk_create",
   "username": "kejadlen",
   "entity": {
    "label": "nixos",
    "id": 33584285,
    "type": "linode",
    "url": "/v4/linode/instances/33584285"
   },
   "status": "scheduled",
   "secondary_entity": {
    "id": 67628503,
    "type": "disk",
    "label": "NixOS",
    "url": "/v4/linode/instances/33584285/disks/67628503"
   },
   "message": ""
  }
 ],
 "page": 1,
 "pages": 1,
 "results": 1
}
-----------------------------------------------------: timestamp=2022-01-07T20:01:15.038-0800
2022-01-07T20:01:15.217-0800 [INFO]  provider.terraform-provider-linode_v1.25.1: 2022/01/07 20:01:15 [DEBUG] Linode API Request Details:
---[ REQUEST ]---------------------------------------
GET /v4/account/events?page=1 HTTP/1.1
Host: api.linode.com
User-Agent: HashiCorp Terraform/1.1.2 (+https://www.terraform.io) Terraform Plugin SDK/2.10.1 terraform-provider-linode/dev
Accept: application/json
Content-Type: application/json
X-Filter: {"+order":"desc","+order_by":"created","action":"disk_create","created":{"+gte":"2022-01-08T04:01:11"},"entity.id":33584285,"entity.type":"linode","id":{"+gte":252971140}}
Accept-Encoding: gzip


-----------------------------------------------------: timestamp=2022-01-07T20:01:15.216-0800
2022-01-07T20:01:15.337-0800 [INFO]  provider.terraform-provider-linode_v1.25.1: 2022/01/07 20:01:15 [DEBUG] Linode API Response Details:
---[ RESPONSE ]--------------------------------------
HTTP/2.0 200 OK
Content-Length: 527
Access-Control-Allow-Credentials: true
Access-Control-Allow-Headers: Authorization, Origin, X-Requested-With, Content-Type, Accept, X-Filter
Access-Control-Allow-Methods: HEAD, GET, OPTIONS, POST, PUT, DELETE
Access-Control-Allow-Origin: *
Access-Control-Expose-Headers: X-OAuth-Scopes, X-Accepted-OAuth-Scopes, X-Status
Cache-Control: private, max-age=0, s-maxage=0, no-cache, no-store
Cache-Control: private, max-age=60, s-maxage=60
Content-Security-Policy: default-src 'none'
Content-Type: application/json
Date: Sat, 08 Jan 2022 04:01:12 GMT
Server: nginx
Strict-Transport-Security: max-age=31536000
Vary: Authorization, X-Filter
Vary: Authorization, X-Filter
X-Accepted-Oauth-Scopes: events:read_only
X-Content-Type-Options: nosniff
X-Customer-Uuid: CD1C0659-20FE-11EA-B88C0CC47AEB2714
X-Frame-Options: DENY
X-Frame-Options: DENY
X-Oauth-Scopes: *
X-Spec-Version: 4.112.2
X-Xss-Protection: 1; mode=block

{
 "data": [
  {
   "id": 252971140,
   "created": "2022-01-08T04:01:11",
   "seen": false,
   "read": false,
   "percent_complete": 0,
   "time_remaining": null,
   "rate": null,
   "duration": null,
   "action": "disk_create",
   "username": "kejadlen",
   "entity": {
    "label": "nixos",
    "id": 33584285,
    "type": "linode",
    "url": "/v4/linode/instances/33584285"
   },
   "status": "scheduled",
   "secondary_entity": {
    "id": 67628503,
    "type": "disk",
    "label": "NixOS",
    "url": "/v4/linode/instances/33584285/disks/67628503"
   },
   "message": ""
  }
 ],
 "page": 1,
 "pages": 1,
 "results": 1
}
-----------------------------------------------------: timestamp=2022-01-07T20:01:15.337-0800
2022-01-07T20:01:15.515-0800 [INFO]  provider.terraform-provider-linode_v1.25.1: 2022/01/07 20:01:15 [DEBUG] Linode API Request Details:
---[ REQUEST ]---------------------------------------
GET /v4/account/events?page=1 HTTP/1.1
Host: api.linode.com
User-Agent: HashiCorp Terraform/1.1.2 (+https://www.terraform.io) Terraform Plugin SDK/2.10.1 terraform-provider-linode/dev
Accept: application/json
Content-Type: application/json
X-Filter: {"+order":"desc","+order_by":"created","action":"disk_create","created":{"+gte":"2022-01-08T04:01:11"},"entity.id":33584285,"entity.type":"linode","id":{"+gte":252971140}}
Accept-Encoding: gzip


-----------------------------------------------------: timestamp=2022-01-07T20:01:15.515-0800
2022-01-07T20:01:15.639-0800 [INFO]  provider.terraform-provider-linode_v1.25.1: 2022/01/07 20:01:15 [DEBUG] Linode API Response Details:
---[ RESPONSE ]--------------------------------------
HTTP/2.0 200 OK
Content-Length: 527
Access-Control-Allow-Credentials: true
Access-Control-Allow-Headers: Authorization, Origin, X-Requested-With, Content-Type, Accept, X-Filter
Access-Control-Allow-Methods: HEAD, GET, OPTIONS, POST, PUT, DELETE
Access-Control-Allow-Origin: *
Access-Control-Expose-Headers: X-OAuth-Scopes, X-Accepted-OAuth-Scopes, X-Status
Cache-Control: private, max-age=0, s-maxage=0, no-cache, no-store
Cache-Control: private, max-age=60, s-maxage=60
Content-Security-Policy: default-src 'none'
Content-Type: application/json
Date: Sat, 08 Jan 2022 04:01:12 GMT
Server: nginx
Strict-Transport-Security: max-age=31536000
Vary: Authorization, X-Filter
Vary: Authorization, X-Filter
X-Accepted-Oauth-Scopes: events:read_only
X-Content-Type-Options: nosniff
X-Customer-Uuid: CD1C0659-20FE-11EA-B88C0CC47AEB2714
X-Frame-Options: DENY
X-Frame-Options: DENY
X-Oauth-Scopes: *
X-Spec-Version: 4.112.2
X-Xss-Protection: 1; mode=block

{
 "data": [
  {
   "id": 252971140,
   "created": "2022-01-08T04:01:11",
   "seen": false,
   "read": false,
   "percent_complete": 0,
   "time_remaining": null,
   "rate": null,
   "duration": null,
   "action": "disk_create",
   "username": "kejadlen",
   "entity": {
    "label": "nixos",
    "id": 33584285,
    "type": "linode",
    "url": "/v4/linode/instances/33584285"
   },
   "status": "scheduled",
   "secondary_entity": {
    "id": 67628503,
    "type": "disk",
    "label": "NixOS",
    "url": "/v4/linode/instances/33584285/disks/67628503"
   },
   "message": ""
  }
 ],
 "page": 1,
 "pages": 1,
 "results": 1
}
-----------------------------------------------------: timestamp=2022-01-07T20:01:15.639-0800
2022-01-07T20:01:15.817-0800 [INFO]  provider.terraform-provider-linode_v1.25.1: 2022/01/07 20:01:15 [DEBUG] Linode API Request Details:
---[ REQUEST ]---------------------------------------
GET /v4/account/events?page=1 HTTP/1.1
Host: api.linode.com
User-Agent: HashiCorp Terraform/1.1.2 (+https://www.terraform.io) Terraform Plugin SDK/2.10.1 terraform-provider-linode/dev
Accept: application/json
Content-Type: application/json
X-Filter: {"+order":"desc","+order_by":"created","action":"disk_create","created":{"+gte":"2022-01-08T04:01:11"},"entity.id":33584285,"entity.type":"linode","id":{"+gte":252971140}}
Accept-Encoding: gzip


-----------------------------------------------------: timestamp=2022-01-07T20:01:15.817-0800
2022-01-07T20:01:15.984-0800 [INFO]  provider.terraform-provider-linode_v1.25.1: 2022/01/07 20:01:15 [DEBUG] Linode API Response Details:
---[ RESPONSE ]--------------------------------------
HTTP/2.0 200 OK
Content-Length: 527
Access-Control-Allow-Credentials: true
Access-Control-Allow-Headers: Authorization, Origin, X-Requested-With, Content-Type, Accept, X-Filter
Access-Control-Allow-Methods: HEAD, GET, OPTIONS, POST, PUT, DELETE
Access-Control-Allow-Origin: *
Access-Control-Expose-Headers: X-OAuth-Scopes, X-Accepted-OAuth-Scopes, X-Status
Cache-Control: private, max-age=0, s-maxage=0, no-cache, no-store
Cache-Control: private, max-age=60, s-maxage=60
Content-Security-Policy: default-src 'none'
Content-Type: application/json
Date: Sat, 08 Jan 2022 04:01:13 GMT
Server: nginx
Strict-Transport-Security: max-age=31536000
Vary: Authorization, X-Filter
Vary: Authorization, X-Filter
X-Accepted-Oauth-Scopes: events:read_only
X-Content-Type-Options: nosniff
X-Customer-Uuid: CD1C0659-20FE-11EA-B88C0CC47AEB2714
X-Frame-Options: DENY
X-Frame-Options: DENY
X-Oauth-Scopes: *
X-Spec-Version: 4.112.2
X-Xss-Protection: 1; mode=block

{
 "data": [
  {
   "id": 252971140,
   "created": "2022-01-08T04:01:11",
   "seen": false,
   "read": false,
   "percent_complete": 0,
   "time_remaining": null,
   "rate": null,
   "duration": null,
   "action": "disk_create",
   "username": "kejadlen",
   "entity": {
    "label": "nixos",
    "id": 33584285,
    "type": "linode",
    "url": "/v4/linode/instances/33584285"
   },
   "status": "scheduled",
   "secondary_entity": {
    "id": 67628503,
    "type": "disk",
    "label": "NixOS",
    "url": "/v4/linode/instances/33584285/disks/67628503"
   },
   "message": ""
  }
 ],
 "page": 1,
 "pages": 1,
 "results": 1
}
-----------------------------------------------------: timestamp=2022-01-07T20:01:15.984-0800
2022-01-07T20:01:16.117-0800 [INFO]  provider.terraform-provider-linode_v1.25.1: 2022/01/07 20:01:16 [DEBUG] Linode API Request Details:
---[ REQUEST ]---------------------------------------
GET /v4/account/events?page=1 HTTP/1.1
Host: api.linode.com
User-Agent: HashiCorp Terraform/1.1.2 (+https://www.terraform.io) Terraform Plugin SDK/2.10.1 terraform-provider-linode/dev
Accept: application/json
Content-Type: application/json
X-Filter: {"+order":"desc","+order_by":"created","action":"disk_create","created":{"+gte":"2022-01-08T04:01:11"},"entity.id":33584285,"entity.type":"linode","id":{"+gte":252971140}}
Accept-Encoding: gzip


-----------------------------------------------------: timestamp=2022-01-07T20:01:16.116-0800
2022-01-07T20:01:16.234-0800 [INFO]  provider.terraform-provider-linode_v1.25.1: 2022/01/07 20:01:16 [DEBUG] Linode API Response Details:
---[ RESPONSE ]--------------------------------------
HTTP/2.0 200 OK
Content-Length: 527
Access-Control-Allow-Credentials: true
Access-Control-Allow-Headers: Authorization, Origin, X-Requested-With, Content-Type, Accept, X-Filter
Access-Control-Allow-Methods: HEAD, GET, OPTIONS, POST, PUT, DELETE
Access-Control-Allow-Origin: *
Access-Control-Expose-Headers: X-OAuth-Scopes, X-Accepted-OAuth-Scopes, X-Status
Cache-Control: private, max-age=0, s-maxage=0, no-cache, no-store
Cache-Control: private, max-age=60, s-maxage=60
Content-Security-Policy: default-src 'none'
Content-Type: application/json
Date: Sat, 08 Jan 2022 04:01:13 GMT
Server: nginx
Strict-Transport-Security: max-age=31536000
Vary: Authorization, X-Filter
Vary: Authorization, X-Filter
X-Accepted-Oauth-Scopes: events:read_only
X-Content-Type-Options: nosniff
X-Customer-Uuid: CD1C0659-20FE-11EA-B88C0CC47AEB2714
X-Frame-Options: DENY
X-Frame-Options: DENY
X-Oauth-Scopes: *
X-Spec-Version: 4.112.2
X-Xss-Protection: 1; mode=block

{
 "data": [
  {
   "id": 252971140,
   "created": "2022-01-08T04:01:11",
   "seen": false,
   "read": false,
   "percent_complete": 0,
   "time_remaining": null,
   "rate": null,
   "duration": null,
   "action": "disk_create",
   "username": "kejadlen",
   "entity": {
    "label": "nixos",
    "id": 33584285,
    "type": "linode",
    "url": "/v4/linode/instances/33584285"
   },
   "status": "scheduled",
   "secondary_entity": {
    "id": 67628503,
    "type": "disk",
    "label": "NixOS",
    "url": "/v4/linode/instances/33584285/disks/67628503"
   },
   "message": ""
  }
 ],
 "page": 1,
 "pages": 1,
 "results": 1
}
-----------------------------------------------------: timestamp=2022-01-07T20:01:16.234-0800
2022-01-07T20:01:16.419-0800 [INFO]  provider.terraform-provider-linode_v1.25.1: 2022/01/07 20:01:16 [DEBUG] Linode API Request Details:
---[ REQUEST ]---------------------------------------
GET /v4/account/events?page=1 HTTP/1.1
Host: api.linode.com
User-Agent: HashiCorp Terraform/1.1.2 (+https://www.terraform.io) Terraform Plugin SDK/2.10.1 terraform-provider-linode/dev
Accept: application/json
Content-Type: application/json
X-Filter: {"+order":"desc","+order_by":"created","action":"disk_create","created":{"+gte":"2022-01-08T04:01:11"},"entity.id":33584285,"entity.type":"linode","id":{"+gte":252971140}}
Accept-Encoding: gzip


-----------------------------------------------------: timestamp=2022-01-07T20:01:16.418-0800
2022-01-07T20:01:16.553-0800 [INFO]  provider.terraform-provider-linode_v1.25.1: 2022/01/07 20:01:16 [DEBUG] Linode API Response Details:
---[ RESPONSE ]--------------------------------------
HTTP/2.0 200 OK
Content-Length: 527
Access-Control-Allow-Credentials: true
Access-Control-Allow-Headers: Authorization, Origin, X-Requested-With, Content-Type, Accept, X-Filter
Access-Control-Allow-Methods: HEAD, GET, OPTIONS, POST, PUT, DELETE
Access-Control-Allow-Origin: *
Access-Control-Expose-Headers: X-OAuth-Scopes, X-Accepted-OAuth-Scopes, X-Status
Cache-Control: private, max-age=0, s-maxage=0, no-cache, no-store
Cache-Control: private, max-age=60, s-maxage=60
Content-Security-Policy: default-src 'none'
Content-Type: application/json
Date: Sat, 08 Jan 2022 04:01:13 GMT
Server: nginx
Strict-Transport-Security: max-age=31536000
Vary: Authorization, X-Filter
Vary: Authorization, X-Filter
X-Accepted-Oauth-Scopes: events:read_only
X-Content-Type-Options: nosniff
X-Customer-Uuid: CD1C0659-20FE-11EA-B88C0CC47AEB2714
X-Frame-Options: DENY
X-Frame-Options: DENY
X-Oauth-Scopes: *
X-Spec-Version: 4.112.2
X-Xss-Protection: 1; mode=block

{
 "data": [
  {
   "id": 252971140,
   "created": "2022-01-08T04:01:11",
   "seen": false,
   "read": false,
   "percent_complete": 0,
   "time_remaining": null,
   "rate": null,
   "duration": null,
   "action": "disk_create",
   "username": "kejadlen",
   "entity": {
    "label": "nixos",
    "id": 33584285,
    "type": "linode",
    "url": "/v4/linode/instances/33584285"
   },
   "status": "scheduled",
   "secondary_entity": {
    "id": 67628503,
    "type": "disk",
    "label": "NixOS",
    "url": "/v4/linode/instances/33584285/disks/67628503"
   },
   "message": ""
  }
 ],
 "page": 1,
 "pages": 1,
 "results": 1
}
-----------------------------------------------------: timestamp=2022-01-07T20:01:16.553-0800
2022-01-07T20:01:16.716-0800 [INFO]  provider.terraform-provider-linode_v1.25.1: 2022/01/07 20:01:16 [DEBUG] Linode API Request Details:
---[ REQUEST ]---------------------------------------
GET /v4/account/events?page=1 HTTP/1.1
Host: api.linode.com
User-Agent: HashiCorp Terraform/1.1.2 (+https://www.terraform.io) Terraform Plugin SDK/2.10.1 terraform-provider-linode/dev
Accept: application/json
Content-Type: application/json
X-Filter: {"+order":"desc","+order_by":"created","action":"disk_create","created":{"+gte":"2022-01-08T04:01:11"},"entity.id":33584285,"entity.type":"linode","id":{"+gte":252971140}}
Accept-Encoding: gzip


-----------------------------------------------------: timestamp=2022-01-07T20:01:16.715-0800
2022-01-07T20:01:16.840-0800 [INFO]  provider.terraform-provider-linode_v1.25.1: 2022/01/07 20:01:16 [DEBUG] Linode API Response Details:
---[ RESPONSE ]--------------------------------------
HTTP/2.0 200 OK
Content-Length: 527
Access-Control-Allow-Credentials: true
Access-Control-Allow-Headers: Authorization, Origin, X-Requested-With, Content-Type, Accept, X-Filter
Access-Control-Allow-Methods: HEAD, GET, OPTIONS, POST, PUT, DELETE
Access-Control-Allow-Origin: *
Access-Control-Expose-Headers: X-OAuth-Scopes, X-Accepted-OAuth-Scopes, X-Status
Cache-Control: private, max-age=0, s-maxage=0, no-cache, no-store
Cache-Control: private, max-age=60, s-maxage=60
Content-Security-Policy: default-src 'none'
Content-Type: application/json
Date: Sat, 08 Jan 2022 04:01:13 GMT
Server: nginx
Strict-Transport-Security: max-age=31536000
Vary: Authorization, X-Filter
Vary: Authorization, X-Filter
X-Accepted-Oauth-Scopes: events:read_only
X-Content-Type-Options: nosniff
X-Customer-Uuid: CD1C0659-20FE-11EA-B88C0CC47AEB2714
X-Frame-Options: DENY
X-Frame-Options: DENY
X-Oauth-Scopes: *
X-Spec-Version: 4.112.2
X-Xss-Protection: 1; mode=block

{
 "data": [
  {
   "id": 252971140,
   "created": "2022-01-08T04:01:11",
   "seen": false,
   "read": false,
   "percent_complete": 0,
   "time_remaining": null,
   "rate": null,
   "duration": null,
   "action": "disk_create",
   "username": "kejadlen",
   "entity": {
    "label": "nixos",
    "id": 33584285,
    "type": "linode",
    "url": "/v4/linode/instances/33584285"
   },
   "status": "scheduled",
   "secondary_entity": {
    "id": 67628503,
    "type": "disk",
    "label": "NixOS",
    "url": "/v4/linode/instances/33584285/disks/67628503"
   },
   "message": ""
  }
 ],
 "page": 1,
 "pages": 1,
 "results": 1
}
-----------------------------------------------------: timestamp=2022-01-07T20:01:16.840-0800
2022-01-07T20:01:17.015-0800 [INFO]  provider.terraform-provider-linode_v1.25.1: 2022/01/07 20:01:17 [DEBUG] Linode API Request Details:
---[ REQUEST ]---------------------------------------
GET /v4/account/events?page=1 HTTP/1.1
Host: api.linode.com
User-Agent: HashiCorp Terraform/1.1.2 (+https://www.terraform.io) Terraform Plugin SDK/2.10.1 terraform-provider-linode/dev
Accept: application/json
Content-Type: application/json
X-Filter: {"+order":"desc","+order_by":"created","action":"disk_create","created":{"+gte":"2022-01-08T04:01:11"},"entity.id":33584285,"entity.type":"linode","id":{"+gte":252971140}}
Accept-Encoding: gzip


-----------------------------------------------------: timestamp=2022-01-07T20:01:17.015-0800
2022-01-07T20:01:17.145-0800 [INFO]  provider.terraform-provider-linode_v1.25.1: 2022/01/07 20:01:17 [DEBUG] Linode API Response Details:
---[ RESPONSE ]--------------------------------------
HTTP/2.0 200 OK
Content-Length: 527
Access-Control-Allow-Credentials: true
Access-Control-Allow-Headers: Authorization, Origin, X-Requested-With, Content-Type, Accept, X-Filter
Access-Control-Allow-Methods: HEAD, GET, OPTIONS, POST, PUT, DELETE
Access-Control-Allow-Origin: *
Access-Control-Expose-Headers: X-OAuth-Scopes, X-Accepted-OAuth-Scopes, X-Status
Cache-Control: private, max-age=0, s-maxage=0, no-cache, no-store
Cache-Control: private, max-age=60, s-maxage=60
Content-Security-Policy: default-src 'none'
Content-Type: application/json
Date: Sat, 08 Jan 2022 04:01:14 GMT
Server: nginx
Strict-Transport-Security: max-age=31536000
Vary: Authorization, X-Filter
Vary: Authorization, X-Filter
X-Accepted-Oauth-Scopes: events:read_only
X-Content-Type-Options: nosniff
X-Customer-Uuid: CD1C0659-20FE-11EA-B88C0CC47AEB2714
X-Frame-Options: DENY
X-Frame-Options: DENY
X-Oauth-Scopes: *
X-Spec-Version: 4.112.2
X-Xss-Protection: 1; mode=block

{
 "data": [
  {
   "id": 252971140,
   "created": "2022-01-08T04:01:11",
   "seen": false,
   "read": false,
   "percent_complete": 0,
   "time_remaining": null,
   "rate": null,
   "duration": null,
   "action": "disk_create",
   "username": "kejadlen",
   "entity": {
    "label": "nixos",
    "id": 33584285,
    "type": "linode",
    "url": "/v4/linode/instances/33584285"
   },
   "status": "scheduled",
   "secondary_entity": {
    "id": 67628503,
    "type": "disk",
    "label": "NixOS",
    "url": "/v4/linode/instances/33584285/disks/67628503"
   },
   "message": ""
  }
 ],
 "page": 1,
 "pages": 1,
 "results": 1
}
-----------------------------------------------------: timestamp=2022-01-07T20:01:17.144-0800
2022-01-07T20:01:17.318-0800 [INFO]  provider.terraform-provider-linode_v1.25.1: 2022/01/07 20:01:17 [DEBUG] Linode API Request Details:
---[ REQUEST ]---------------------------------------
GET /v4/account/events?page=1 HTTP/1.1
Host: api.linode.com
User-Agent: HashiCorp Terraform/1.1.2 (+https://www.terraform.io) Terraform Plugin SDK/2.10.1 terraform-provider-linode/dev
Accept: application/json
Content-Type: application/json
X-Filter: {"+order":"desc","+order_by":"created","action":"disk_create","created":{"+gte":"2022-01-08T04:01:11"},"entity.id":33584285,"entity.type":"linode","id":{"+gte":252971140}}
Accept-Encoding: gzip


-----------------------------------------------------: timestamp=2022-01-07T20:01:17.316-0800
2022-01-07T20:01:17.448-0800 [INFO]  provider.terraform-provider-linode_v1.25.1: 2022/01/07 20:01:17 [DEBUG] Linode API Response Details:
---[ RESPONSE ]--------------------------------------
HTTP/2.0 200 OK
Content-Length: 527
Access-Control-Allow-Credentials: true
Access-Control-Allow-Headers: Authorization, Origin, X-Requested-With, Content-Type, Accept, X-Filter
Access-Control-Allow-Methods: HEAD, GET, OPTIONS, POST, PUT, DELETE
Access-Control-Allow-Origin: *
Access-Control-Expose-Headers: X-OAuth-Scopes, X-Accepted-OAuth-Scopes, X-Status
Cache-Control: private, max-age=0, s-maxage=0, no-cache, no-store
Cache-Control: private, max-age=60, s-maxage=60
Content-Security-Policy: default-src 'none'
Content-Type: application/json
Date: Sat, 08 Jan 2022 04:01:14 GMT
Server: nginx
Strict-Transport-Security: max-age=31536000
Vary: Authorization, X-Filter
Vary: Authorization, X-Filter
X-Accepted-Oauth-Scopes: events:read_only
X-Content-Type-Options: nosniff
X-Customer-Uuid: CD1C0659-20FE-11EA-B88C0CC47AEB2714
X-Frame-Options: DENY
X-Frame-Options: DENY
X-Oauth-Scopes: *
X-Spec-Version: 4.112.2
X-Xss-Protection: 1; mode=block

{
 "data": [
  {
   "id": 252971140,
   "created": "2022-01-08T04:01:11",
   "seen": false,
   "read": false,
   "percent_complete": 0,
   "time_remaining": null,
   "rate": null,
   "duration": null,
   "action": "disk_create",
   "username": "kejadlen",
   "entity": {
    "label": "nixos",
    "id": 33584285,
    "type": "linode",
    "url": "/v4/linode/instances/33584285"
   },
   "status": "scheduled",
   "secondary_entity": {
    "id": 67628503,
    "type": "disk",
    "label": "NixOS",
    "url": "/v4/linode/instances/33584285/disks/67628503"
   },
   "message": ""
  }
 ],
 "page": 1,
 "pages": 1,
 "results": 1
}
-----------------------------------------------------: timestamp=2022-01-07T20:01:17.448-0800
2022-01-07T20:01:17.616-0800 [INFO]  provider.terraform-provider-linode_v1.25.1: 2022/01/07 20:01:17 [DEBUG] Linode API Request Details:
---[ REQUEST ]---------------------------------------
GET /v4/account/events?page=1 HTTP/1.1
Host: api.linode.com
User-Agent: HashiCorp Terraform/1.1.2 (+https://www.terraform.io) Terraform Plugin SDK/2.10.1 terraform-provider-linode/dev
Accept: application/json
Content-Type: application/json
X-Filter: {"+order":"desc","+order_by":"created","action":"disk_create","created":{"+gte":"2022-01-08T04:01:11"},"entity.id":33584285,"entity.type":"linode","id":{"+gte":252971140}}
Accept-Encoding: gzip


-----------------------------------------------------: timestamp=2022-01-07T20:01:17.616-0800
2022-01-07T20:01:17.746-0800 [INFO]  provider.terraform-provider-linode_v1.25.1: 2022/01/07 20:01:17 [DEBUG] Linode API Response Details:
---[ RESPONSE ]--------------------------------------
HTTP/2.0 200 OK
Content-Length: 527
Access-Control-Allow-Credentials: true
Access-Control-Allow-Headers: Authorization, Origin, X-Requested-With, Content-Type, Accept, X-Filter
Access-Control-Allow-Methods: HEAD, GET, OPTIONS, POST, PUT, DELETE
Access-Control-Allow-Origin: *
Access-Control-Expose-Headers: X-OAuth-Scopes, X-Accepted-OAuth-Scopes, X-Status
Cache-Control: private, max-age=0, s-maxage=0, no-cache, no-store
Cache-Control: private, max-age=60, s-maxage=60
Content-Security-Policy: default-src 'none'
Content-Type: application/json
Date: Sat, 08 Jan 2022 04:01:14 GMT
Server: nginx
Strict-Transport-Security: max-age=31536000
Vary: Authorization, X-Filter
Vary: Authorization, X-Filter
X-Accepted-Oauth-Scopes: events:read_only
X-Content-Type-Options: nosniff
X-Customer-Uuid: CD1C0659-20FE-11EA-B88C0CC47AEB2714
X-Frame-Options: DENY
X-Frame-Options: DENY
X-Oauth-Scopes: *
X-Spec-Version: 4.112.2
X-Xss-Protection: 1; mode=block

{
 "data": [
  {
   "id": 252971140,
   "created": "2022-01-08T04:01:11",
   "seen": false,
   "read": false,
   "percent_complete": 0,
   "time_remaining": null,
   "rate": null,
   "duration": null,
   "action": "disk_create",
   "username": "kejadlen",
   "entity": {
    "label": "nixos",
    "id": 33584285,
    "type": "linode",
    "url": "/v4/linode/instances/33584285"
   },
   "status": "scheduled",
   "secondary_entity": {
    "id": 67628503,
    "type": "disk",
    "label": "NixOS",
    "url": "/v4/linode/instances/33584285/disks/67628503"
   },
   "message": ""
  }
 ],
 "page": 1,
 "pages": 1,
 "results": 1
}
-----------------------------------------------------: timestamp=2022-01-07T20:01:17.745-0800
2022-01-07T20:01:17.915-0800 [INFO]  provider.terraform-provider-linode_v1.25.1: 2022/01/07 20:01:17 [DEBUG] Linode API Request Details:
---[ REQUEST ]---------------------------------------
GET /v4/account/events?page=1 HTTP/1.1
Host: api.linode.com
User-Agent: HashiCorp Terraform/1.1.2 (+https://www.terraform.io) Terraform Plugin SDK/2.10.1 terraform-provider-linode/dev
Accept: application/json
Content-Type: application/json
X-Filter: {"+order":"desc","+order_by":"created","action":"disk_create","created":{"+gte":"2022-01-08T04:01:11"},"entity.id":33584285,"entity.type":"linode","id":{"+gte":252971140}}
Accept-Encoding: gzip


-----------------------------------------------------: timestamp=2022-01-07T20:01:17.915-0800
2022-01-07T20:01:18.059-0800 [INFO]  provider.terraform-provider-linode_v1.25.1: 2022/01/07 20:01:18 [DEBUG] Linode API Response Details:
---[ RESPONSE ]--------------------------------------
HTTP/2.0 200 OK
Content-Length: 527
Access-Control-Allow-Credentials: true
Access-Control-Allow-Headers: Authorization, Origin, X-Requested-With, Content-Type, Accept, X-Filter
Access-Control-Allow-Methods: HEAD, GET, OPTIONS, POST, PUT, DELETE
Access-Control-Allow-Origin: *
Access-Control-Expose-Headers: X-OAuth-Scopes, X-Accepted-OAuth-Scopes, X-Status
Cache-Control: private, max-age=0, s-maxage=0, no-cache, no-store
Cache-Control: private, max-age=60, s-maxage=60
Content-Security-Policy: default-src 'none'
Content-Type: application/json
Date: Sat, 08 Jan 2022 04:01:15 GMT
Server: nginx
Strict-Transport-Security: max-age=31536000
Vary: Authorization, X-Filter
Vary: Authorization, X-Filter
X-Accepted-Oauth-Scopes: events:read_only
X-Content-Type-Options: nosniff
X-Customer-Uuid: CD1C0659-20FE-11EA-B88C0CC47AEB2714
X-Frame-Options: DENY
X-Frame-Options: DENY
X-Oauth-Scopes: *
X-Spec-Version: 4.112.2
X-Xss-Protection: 1; mode=block

{
 "data": [
  {
   "id": 252971140,
   "created": "2022-01-08T04:01:11",
   "seen": false,
   "read": false,
   "percent_complete": 0,
   "time_remaining": null,
   "rate": null,
   "duration": null,
   "action": "disk_create",
   "username": "kejadlen",
   "entity": {
    "label": "nixos",
    "id": 33584285,
    "type": "linode",
    "url": "/v4/linode/instances/33584285"
   },
   "status": "scheduled",
   "secondary_entity": {
    "id": 67628503,
    "type": "disk",
    "label": "NixOS",
    "url": "/v4/linode/instances/33584285/disks/67628503"
   },
   "message": ""
  }
 ],
 "page": 1,
 "pages": 1,
 "results": 1
}
-----------------------------------------------------: timestamp=2022-01-07T20:01:18.058-0800
2022-01-07T20:01:18.217-0800 [INFO]  provider.terraform-provider-linode_v1.25.1: 2022/01/07 20:01:18 [DEBUG] Linode API Request Details:
---[ REQUEST ]---------------------------------------
GET /v4/account/events?page=1 HTTP/1.1
Host: api.linode.com
User-Agent: HashiCorp Terraform/1.1.2 (+https://www.terraform.io) Terraform Plugin SDK/2.10.1 terraform-provider-linode/dev
Accept: application/json
Content-Type: application/json
X-Filter: {"+order":"desc","+order_by":"created","action":"disk_create","created":{"+gte":"2022-01-08T04:01:11"},"entity.id":33584285,"entity.type":"linode","id":{"+gte":252971140}}
Accept-Encoding: gzip


-----------------------------------------------------: timestamp=2022-01-07T20:01:18.216-0800
2022-01-07T20:01:18.349-0800 [INFO]  provider.terraform-provider-linode_v1.25.1: 2022/01/07 20:01:18 [DEBUG] Linode API Response Details:
---[ RESPONSE ]--------------------------------------
HTTP/2.0 200 OK
Content-Length: 527
Access-Control-Allow-Credentials: true
Access-Control-Allow-Headers: Authorization, Origin, X-Requested-With, Content-Type, Accept, X-Filter
Access-Control-Allow-Methods: HEAD, GET, OPTIONS, POST, PUT, DELETE
Access-Control-Allow-Origin: *
Access-Control-Expose-Headers: X-OAuth-Scopes, X-Accepted-OAuth-Scopes, X-Status
Cache-Control: private, max-age=0, s-maxage=0, no-cache, no-store
Cache-Control: private, max-age=60, s-maxage=60
Content-Security-Policy: default-src 'none'
Content-Type: application/json
Date: Sat, 08 Jan 2022 04:01:15 GMT
Server: nginx
Strict-Transport-Security: max-age=31536000
Vary: Authorization, X-Filter
Vary: Authorization, X-Filter
X-Accepted-Oauth-Scopes: events:read_only
X-Content-Type-Options: nosniff
X-Customer-Uuid: CD1C0659-20FE-11EA-B88C0CC47AEB2714
X-Frame-Options: DENY
X-Frame-Options: DENY
X-Oauth-Scopes: *
X-Spec-Version: 4.112.2
X-Xss-Protection: 1; mode=block

{
 "data": [
  {
   "id": 252971140,
   "created": "2022-01-08T04:01:11",
   "seen": false,
   "read": false,
   "percent_complete": 0,
   "time_remaining": null,
   "rate": null,
   "duration": null,
   "action": "disk_create",
   "username": "kejadlen",
   "entity": {
    "label": "nixos",
    "id": 33584285,
    "type": "linode",
    "url": "/v4/linode/instances/33584285"
   },
   "status": "scheduled",
   "secondary_entity": {
    "id": 67628503,
    "type": "disk",
    "label": "NixOS",
    "url": "/v4/linode/instances/33584285/disks/67628503"
   },
   "message": ""
  }
 ],
 "page": 1,
 "pages": 1,
 "results": 1
}
-----------------------------------------------------: timestamp=2022-01-07T20:01:18.347-0800
2022-01-07T20:01:18.517-0800 [INFO]  provider.terraform-provider-linode_v1.25.1: 2022/01/07 20:01:18 [DEBUG] Linode API Request Details:
---[ REQUEST ]---------------------------------------
GET /v4/account/events?page=1 HTTP/1.1
Host: api.linode.com
User-Agent: HashiCorp Terraform/1.1.2 (+https://www.terraform.io) Terraform Plugin SDK/2.10.1 terraform-provider-linode/dev
Accept: application/json
Content-Type: application/json
X-Filter: {"+order":"desc","+order_by":"created","action":"disk_create","created":{"+gte":"2022-01-08T04:01:11"},"entity.id":33584285,"entity.type":"linode","id":{"+gte":252971140}}
Accept-Encoding: gzip


-----------------------------------------------------: timestamp=2022-01-07T20:01:18.516-0800
2022-01-07T20:01:18.649-0800 [INFO]  provider.terraform-provider-linode_v1.25.1: 2022/01/07 20:01:18 [DEBUG] Linode API Response Details:
---[ RESPONSE ]--------------------------------------
HTTP/2.0 200 OK
Content-Length: 527
Access-Control-Allow-Credentials: true
Access-Control-Allow-Headers: Authorization, Origin, X-Requested-With, Content-Type, Accept, X-Filter
Access-Control-Allow-Methods: HEAD, GET, OPTIONS, POST, PUT, DELETE
Access-Control-Allow-Origin: *
Access-Control-Expose-Headers: X-OAuth-Scopes, X-Accepted-OAuth-Scopes, X-Status
Cache-Control: private, max-age=0, s-maxage=0, no-cache, no-store
Cache-Control: private, max-age=60, s-maxage=60
Content-Security-Policy: default-src 'none'
Content-Type: application/json
Date: Sat, 08 Jan 2022 04:01:15 GMT
Server: nginx
Strict-Transport-Security: max-age=31536000
Vary: Authorization, X-Filter
Vary: Authorization, X-Filter
X-Accepted-Oauth-Scopes: events:read_only
X-Content-Type-Options: nosniff
X-Customer-Uuid: CD1C0659-20FE-11EA-B88C0CC47AEB2714
X-Frame-Options: DENY
X-Frame-Options: DENY
X-Oauth-Scopes: *
X-Spec-Version: 4.112.2
X-Xss-Protection: 1; mode=block

{
 "data": [
  {
   "id": 252971140,
   "created": "2022-01-08T04:01:11",
   "seen": false,
   "read": false,
   "percent_complete": 0,
   "time_remaining": null,
   "rate": null,
   "duration": null,
   "action": "disk_create",
   "username": "kejadlen",
   "entity": {
    "label": "nixos",
    "id": 33584285,
    "type": "linode",
    "url": "/v4/linode/instances/33584285"
   },
   "status": "scheduled",
   "secondary_entity": {
    "id": 67628503,
    "type": "disk",
    "label": "NixOS",
    "url": "/v4/linode/instances/33584285/disks/67628503"
   },
   "message": ""
  }
 ],
 "page": 1,
 "pages": 1,
 "results": 1
}
-----------------------------------------------------: timestamp=2022-01-07T20:01:18.649-0800
2022-01-07T20:01:18.817-0800 [INFO]  provider.terraform-provider-linode_v1.25.1: 2022/01/07 20:01:18 [DEBUG] Linode API Request Details:
---[ REQUEST ]---------------------------------------
GET /v4/account/events?page=1 HTTP/1.1
Host: api.linode.com
User-Agent: HashiCorp Terraform/1.1.2 (+https://www.terraform.io) Terraform Plugin SDK/2.10.1 terraform-provider-linode/dev
Accept: application/json
Content-Type: application/json
X-Filter: {"+order":"desc","+order_by":"created","action":"disk_create","created":{"+gte":"2022-01-08T04:01:11"},"entity.id":33584285,"entity.type":"linode","id":{"+gte":252971140}}
Accept-Encoding: gzip


-----------------------------------------------------: timestamp=2022-01-07T20:01:18.816-0800
2022-01-07T20:01:18.948-0800 [INFO]  provider.terraform-provider-linode_v1.25.1: 2022/01/07 20:01:18 [DEBUG] Linode API Response Details:
---[ RESPONSE ]--------------------------------------
HTTP/2.0 200 OK
Content-Length: 527
Access-Control-Allow-Credentials: true
Access-Control-Allow-Headers: Authorization, Origin, X-Requested-With, Content-Type, Accept, X-Filter
Access-Control-Allow-Methods: HEAD, GET, OPTIONS, POST, PUT, DELETE
Access-Control-Allow-Origin: *
Access-Control-Expose-Headers: X-OAuth-Scopes, X-Accepted-OAuth-Scopes, X-Status
Cache-Control: private, max-age=0, s-maxage=0, no-cache, no-store
Cache-Control: private, max-age=60, s-maxage=60
Content-Security-Policy: default-src 'none'
Content-Type: application/json
Date: Sat, 08 Jan 2022 04:01:16 GMT
Server: nginx
Strict-Transport-Security: max-age=31536000
Vary: Authorization, X-Filter
Vary: Authorization, X-Filter
X-Accepted-Oauth-Scopes: events:read_only
X-Content-Type-Options: nosniff
X-Customer-Uuid: CD1C0659-20FE-11EA-B88C0CC47AEB2714
X-Frame-Options: DENY
X-Frame-Options: DENY
X-Oauth-Scopes: *
X-Spec-Version: 4.112.2
X-Xss-Protection: 1; mode=block

{
 "data": [
  {
   "id": 252971140,
   "created": "2022-01-08T04:01:11",
   "seen": false,
   "read": false,
   "percent_complete": 0,
   "time_remaining": null,
   "rate": null,
   "duration": null,
   "action": "disk_create",
   "username": "kejadlen",
   "entity": {
    "label": "nixos",
    "id": 33584285,
    "type": "linode",
    "url": "/v4/linode/instances/33584285"
   },
   "status": "scheduled",
   "secondary_entity": {
    "id": 67628503,
    "type": "disk",
    "label": "NixOS",
    "url": "/v4/linode/instances/33584285/disks/67628503"
   },
   "message": ""
  }
 ],
 "page": 1,
 "pages": 1,
 "results": 1
}
-----------------------------------------------------: timestamp=2022-01-07T20:01:18.947-0800
2022-01-07T20:01:19.117-0800 [INFO]  provider.terraform-provider-linode_v1.25.1: 2022/01/07 20:01:19 [DEBUG] Linode API Request Details:
---[ REQUEST ]---------------------------------------
GET /v4/account/events?page=1 HTTP/1.1
Host: api.linode.com
User-Agent: HashiCorp Terraform/1.1.2 (+https://www.terraform.io) Terraform Plugin SDK/2.10.1 terraform-provider-linode/dev
Accept: application/json
Content-Type: application/json
X-Filter: {"+order":"desc","+order_by":"created","action":"disk_create","created":{"+gte":"2022-01-08T04:01:11"},"entity.id":33584285,"entity.type":"linode","id":{"+gte":252971140}}
Accept-Encoding: gzip


-----------------------------------------------------: timestamp=2022-01-07T20:01:19.116-0800
2022-01-07T20:01:19.245-0800 [INFO]  provider.terraform-provider-linode_v1.25.1: 2022/01/07 20:01:19 [DEBUG] Linode API Response Details:
---[ RESPONSE ]--------------------------------------
HTTP/2.0 200 OK
Content-Length: 527
Access-Control-Allow-Credentials: true
Access-Control-Allow-Headers: Authorization, Origin, X-Requested-With, Content-Type, Accept, X-Filter
Access-Control-Allow-Methods: HEAD, GET, OPTIONS, POST, PUT, DELETE
Access-Control-Allow-Origin: *
Access-Control-Expose-Headers: X-OAuth-Scopes, X-Accepted-OAuth-Scopes, X-Status
Cache-Control: private, max-age=0, s-maxage=0, no-cache, no-store
Cache-Control: private, max-age=60, s-maxage=60
Content-Security-Policy: default-src 'none'
Content-Type: application/json
Date: Sat, 08 Jan 2022 04:01:16 GMT
Server: nginx
Strict-Transport-Security: max-age=31536000
Vary: Authorization, X-Filter
Vary: Authorization, X-Filter
X-Accepted-Oauth-Scopes: events:read_only
X-Content-Type-Options: nosniff
X-Customer-Uuid: CD1C0659-20FE-11EA-B88C0CC47AEB2714
X-Frame-Options: DENY
X-Frame-Options: DENY
X-Oauth-Scopes: *
X-Spec-Version: 4.112.2
X-Xss-Protection: 1; mode=block

{
 "data": [
  {
   "id": 252971140,
   "created": "2022-01-08T04:01:11",
   "seen": false,
   "read": false,
   "percent_complete": 0,
   "time_remaining": null,
   "rate": null,
   "duration": null,
   "action": "disk_create",
   "username": "kejadlen",
   "entity": {
    "label": "nixos",
    "id": 33584285,
    "type": "linode",
    "url": "/v4/linode/instances/33584285"
   },
   "status": "scheduled",
   "secondary_entity": {
    "id": 67628503,
    "type": "disk",
    "label": "NixOS",
    "url": "/v4/linode/instances/33584285/disks/67628503"
   },
   "message": ""
  }
 ],
 "page": 1,
 "pages": 1,
 "results": 1
}
-----------------------------------------------------: timestamp=2022-01-07T20:01:19.245-0800
2022-01-07T20:01:19.416-0800 [INFO]  provider.terraform-provider-linode_v1.25.1: 2022/01/07 20:01:19 [DEBUG] Linode API Request Details:
---[ REQUEST ]---------------------------------------
GET /v4/account/events?page=1 HTTP/1.1
Host: api.linode.com
User-Agent: HashiCorp Terraform/1.1.2 (+https://www.terraform.io) Terraform Plugin SDK/2.10.1 terraform-provider-linode/dev
Accept: application/json
Content-Type: application/json
X-Filter: {"+order":"desc","+order_by":"created","action":"disk_create","created":{"+gte":"2022-01-08T04:01:11"},"entity.id":33584285,"entity.type":"linode","id":{"+gte":252971140}}
Accept-Encoding: gzip


-----------------------------------------------------: timestamp=2022-01-07T20:01:19.415-0800
2022-01-07T20:01:19.552-0800 [INFO]  provider.terraform-provider-linode_v1.25.1: 2022/01/07 20:01:19 [DEBUG] Linode API Response Details:
---[ RESPONSE ]--------------------------------------
HTTP/2.0 200 OK
Content-Length: 529
Access-Control-Allow-Credentials: true
Access-Control-Allow-Headers: Authorization, Origin, X-Requested-With, Content-Type, Accept, X-Filter
Access-Control-Allow-Methods: HEAD, GET, OPTIONS, POST, PUT, DELETE
Access-Control-Allow-Origin: *
Access-Control-Expose-Headers: X-OAuth-Scopes, X-Accepted-OAuth-Scopes, X-Status
Cache-Control: private, max-age=0, s-maxage=0, no-cache, no-store
Cache-Control: private, max-age=60, s-maxage=60
Content-Security-Policy: default-src 'none'
Content-Type: application/json
Date: Sat, 08 Jan 2022 04:01:16 GMT
Server: nginx
Strict-Transport-Security: max-age=31536000
Vary: Authorization, X-Filter
Vary: Authorization, X-Filter
X-Accepted-Oauth-Scopes: events:read_only
X-Content-Type-Options: nosniff
X-Customer-Uuid: CD1C0659-20FE-11EA-B88C0CC47AEB2714
X-Frame-Options: DENY
X-Frame-Options: DENY
X-Oauth-Scopes: *
X-Spec-Version: 4.112.2
X-Xss-Protection: 1; mode=block

{
 "data": [
  {
   "id": 252971140,
   "created": "2022-01-08T04:01:11",
   "seen": false,
   "read": false,
   "percent_complete": 0,
   "time_remaining": null,
   "rate": null,
   "duration": 8.557451,
   "action": "disk_create",
   "username": "kejadlen",
   "entity": {
    "label": "nixos",
    "id": 33584285,
    "type": "linode",
    "url": "/v4/linode/instances/33584285"
   },
   "status": "started",
   "secondary_entity": {
    "id": 67628503,
    "type": "disk",
    "label": "NixOS",
    "url": "/v4/linode/instances/33584285/disks/67628503"
   },
   "message": ""
  }
 ],
 "page": 1,
 "pages": 1,
 "results": 1
}
-----------------------------------------------------: timestamp=2022-01-07T20:01:19.552-0800
2022-01-07T20:01:19.552-0800 [INFO]  provider.terraform-provider-linode_v1.25.1: 2022/01/07 20:01:19 [INFO] Linode 33584285 action disk_create is started: timestamp=2022-01-07T20:01:19.552-0800
2022-01-07T20:01:19.717-0800 [INFO]  provider.terraform-provider-linode_v1.25.1: 2022/01/07 20:01:19 [DEBUG] Linode API Request Details:
---[ REQUEST ]---------------------------------------
GET /v4/account/events?page=1 HTTP/1.1
Host: api.linode.com
User-Agent: HashiCorp Terraform/1.1.2 (+https://www.terraform.io) Terraform Plugin SDK/2.10.1 terraform-provider-linode/dev
Accept: application/json
Content-Type: application/json
X-Filter: {"+order":"desc","+order_by":"created","action":"disk_create","created":{"+gte":"2022-01-08T04:01:11"},"entity.id":33584285,"entity.type":"linode","id":{"+gte":252971140}}
Accept-Encoding: gzip


-----------------------------------------------------: timestamp=2022-01-07T20:01:19.716-0800
2022-01-07T20:01:19.842-0800 [INFO]  provider.terraform-provider-linode_v1.25.1: 2022/01/07 20:01:19 [DEBUG] Linode API Response Details:
---[ RESPONSE ]--------------------------------------
HTTP/2.0 200 OK
Content-Length: 529
Access-Control-Allow-Credentials: true
Access-Control-Allow-Headers: Authorization, Origin, X-Requested-With, Content-Type, Accept, X-Filter
Access-Control-Allow-Methods: HEAD, GET, OPTIONS, POST, PUT, DELETE
Access-Control-Allow-Origin: *
Access-Control-Expose-Headers: X-OAuth-Scopes, X-Accepted-OAuth-Scopes, X-Status
Cache-Control: private, max-age=0, s-maxage=0, no-cache, no-store
Cache-Control: private, max-age=60, s-maxage=60
Content-Security-Policy: default-src 'none'
Content-Type: application/json
Date: Sat, 08 Jan 2022 04:01:16 GMT
Server: nginx
Strict-Transport-Security: max-age=31536000
Vary: Authorization, X-Filter
Vary: Authorization, X-Filter
X-Accepted-Oauth-Scopes: events:read_only
X-Content-Type-Options: nosniff
X-Customer-Uuid: CD1C0659-20FE-11EA-B88C0CC47AEB2714
X-Frame-Options: DENY
X-Frame-Options: DENY
X-Oauth-Scopes: *
X-Spec-Version: 4.112.2
X-Xss-Protection: 1; mode=block

{
 "data": [
  {
   "id": 252971140,
   "created": "2022-01-08T04:01:11",
   "seen": false,
   "read": false,
   "percent_complete": 0,
   "time_remaining": null,
   "rate": null,
   "duration": 8.849927,
   "action": "disk_create",
   "username": "kejadlen",
   "entity": {
    "label": "nixos",
    "id": 33584285,
    "type": "linode",
    "url": "/v4/linode/instances/33584285"
   },
   "status": "started",
   "secondary_entity": {
    "id": 67628503,
    "type": "disk",
    "label": "NixOS",
    "url": "/v4/linode/instances/33584285/disks/67628503"
   },
   "message": ""
  }
 ],
 "page": 1,
 "pages": 1,
 "results": 1
}
-----------------------------------------------------: timestamp=2022-01-07T20:01:19.841-0800
2022-01-07T20:01:20.016-0800 [INFO]  provider.terraform-provider-linode_v1.25.1: 2022/01/07 20:01:20 [DEBUG] Linode API Request Details:
---[ REQUEST ]---------------------------------------
GET /v4/account/events?page=1 HTTP/1.1
Host: api.linode.com
User-Agent: HashiCorp Terraform/1.1.2 (+https://www.terraform.io) Terraform Plugin SDK/2.10.1 terraform-provider-linode/dev
Accept: application/json
Content-Type: application/json
X-Filter: {"+order":"desc","+order_by":"created","action":"disk_create","created":{"+gte":"2022-01-08T04:01:11"},"entity.id":33584285,"entity.type":"linode","id":{"+gte":252971140}}
Accept-Encoding: gzip


-----------------------------------------------------: timestamp=2022-01-07T20:01:20.016-0800
2022-01-07T20:01:20.147-0800 [INFO]  provider.terraform-provider-linode_v1.25.1: 2022/01/07 20:01:20 [DEBUG] Linode API Response Details:
---[ RESPONSE ]--------------------------------------
HTTP/2.0 200 OK
Content-Length: 528
Access-Control-Allow-Credentials: true
Access-Control-Allow-Headers: Authorization, Origin, X-Requested-With, Content-Type, Accept, X-Filter
Access-Control-Allow-Methods: HEAD, GET, OPTIONS, POST, PUT, DELETE
Access-Control-Allow-Origin: *
Access-Control-Expose-Headers: X-OAuth-Scopes, X-Accepted-OAuth-Scopes, X-Status
Cache-Control: private, max-age=0, s-maxage=0, no-cache, no-store
Cache-Control: private, max-age=60, s-maxage=60
Content-Security-Policy: default-src 'none'
Content-Type: application/json
Date: Sat, 08 Jan 2022 04:01:17 GMT
Server: nginx
Strict-Transport-Security: max-age=31536000
Vary: Authorization, X-Filter
Vary: Authorization, X-Filter
X-Accepted-Oauth-Scopes: events:read_only
X-Content-Type-Options: nosniff
X-Customer-Uuid: CD1C0659-20FE-11EA-B88C0CC47AEB2714
X-Frame-Options: DENY
X-Frame-Options: DENY
X-Oauth-Scopes: *
X-Spec-Version: 4.112.2
X-Xss-Protection: 1; mode=block

{
 "data": [
  {
   "id": 252971140,
   "created": "2022-01-08T04:01:11",
   "seen": false,
   "read": false,
   "percent_complete": 7,
   "time_remaining": null,
   "rate": null,
   "duration": 9.15226,
   "action": "disk_create",
   "username": "kejadlen",
   "entity": {
    "label": "nixos",
    "id": 33584285,
    "type": "linode",
    "url": "/v4/linode/instances/33584285"
   },
   "status": "started",
   "secondary_entity": {
    "id": 67628503,
    "type": "disk",
    "label": "NixOS",
    "url": "/v4/linode/instances/33584285/disks/67628503"
   },
   "message": ""
  }
 ],
 "page": 1,
 "pages": 1,
 "results": 1
}
-----------------------------------------------------: timestamp=2022-01-07T20:01:20.147-0800
2022-01-07T20:01:20.315-0800 [INFO]  provider.terraform-provider-linode_v1.25.1: 2022/01/07 20:01:20 [DEBUG] Linode API Request Details:
---[ REQUEST ]---------------------------------------
GET /v4/account/events?page=1 HTTP/1.1
Host: api.linode.com
User-Agent: HashiCorp Terraform/1.1.2 (+https://www.terraform.io) Terraform Plugin SDK/2.10.1 terraform-provider-linode/dev
Accept: application/json
Content-Type: application/json
X-Filter: {"+order":"desc","+order_by":"created","action":"disk_create","created":{"+gte":"2022-01-08T04:01:11"},"entity.id":33584285,"entity.type":"linode","id":{"+gte":252971140}}
Accept-Encoding: gzip


-----------------------------------------------------: timestamp=2022-01-07T20:01:20.315-0800
2022-01-07T20:01:20.437-0800 [INFO]  provider.terraform-provider-linode_v1.25.1: 2022/01/07 20:01:20 [DEBUG] Linode API Response Details:
---[ RESPONSE ]--------------------------------------
HTTP/2.0 200 OK
Content-Length: 529
Access-Control-Allow-Credentials: true
Access-Control-Allow-Headers: Authorization, Origin, X-Requested-With, Content-Type, Accept, X-Filter
Access-Control-Allow-Methods: HEAD, GET, OPTIONS, POST, PUT, DELETE
Access-Control-Allow-Origin: *
Access-Control-Expose-Headers: X-OAuth-Scopes, X-Accepted-OAuth-Scopes, X-Status
Cache-Control: private, max-age=0, s-maxage=0, no-cache, no-store
Cache-Control: private, max-age=60, s-maxage=60
Content-Security-Policy: default-src 'none'
Content-Type: application/json
Date: Sat, 08 Jan 2022 04:01:17 GMT
Server: nginx
Strict-Transport-Security: max-age=31536000
Vary: Authorization, X-Filter
Vary: Authorization, X-Filter
X-Accepted-Oauth-Scopes: events:read_only
X-Content-Type-Options: nosniff
X-Customer-Uuid: CD1C0659-20FE-11EA-B88C0CC47AEB2714
X-Frame-Options: DENY
X-Frame-Options: DENY
X-Oauth-Scopes: *
X-Spec-Version: 4.112.2
X-Xss-Protection: 1; mode=block

{
 "data": [
  {
   "id": 252971140,
   "created": "2022-01-08T04:01:11",
   "seen": false,
   "read": false,
   "percent_complete": 7,
   "time_remaining": null,
   "rate": null,
   "duration": 9.441186,
   "action": "disk_create",
   "username": "kejadlen",
   "entity": {
    "label": "nixos",
    "id": 33584285,
    "type": "linode",
    "url": "/v4/linode/instances/33584285"
   },
   "status": "started",
   "secondary_entity": {
    "id": 67628503,
    "type": "disk",
    "label": "NixOS",
    "url": "/v4/linode/instances/33584285/disks/67628503"
   },
   "message": ""
  }
 ],
 "page": 1,
 "pages": 1,
 "results": 1
}
-----------------------------------------------------: timestamp=2022-01-07T20:01:20.436-0800
2022-01-07T20:01:20.617-0800 [INFO]  provider.terraform-provider-linode_v1.25.1: 2022/01/07 20:01:20 [DEBUG] Linode API Request Details:
---[ REQUEST ]---------------------------------------
GET /v4/account/events?page=1 HTTP/1.1
Host: api.linode.com
User-Agent: HashiCorp Terraform/1.1.2 (+https://www.terraform.io) Terraform Plugin SDK/2.10.1 terraform-provider-linode/dev
Accept: application/json
Content-Type: application/json
X-Filter: {"+order":"desc","+order_by":"created","action":"disk_create","created":{"+gte":"2022-01-08T04:01:11"},"entity.id":33584285,"entity.type":"linode","id":{"+gte":252971140}}
Accept-Encoding: gzip


-----------------------------------------------------: timestamp=2022-01-07T20:01:20.617-0800
2022-01-07T20:01:20.745-0800 [INFO]  provider.terraform-provider-linode_v1.25.1: 2022/01/07 20:01:20 [DEBUG] Linode API Response Details:
---[ RESPONSE ]--------------------------------------
HTTP/2.0 200 OK
Content-Length: 529
Access-Control-Allow-Credentials: true
Access-Control-Allow-Headers: Authorization, Origin, X-Requested-With, Content-Type, Accept, X-Filter
Access-Control-Allow-Methods: HEAD, GET, OPTIONS, POST, PUT, DELETE
Access-Control-Allow-Origin: *
Access-Control-Expose-Headers: X-OAuth-Scopes, X-Accepted-OAuth-Scopes, X-Status
Cache-Control: private, max-age=0, s-maxage=0, no-cache, no-store
Cache-Control: private, max-age=60, s-maxage=60
Content-Security-Policy: default-src 'none'
Content-Type: application/json
Date: Sat, 08 Jan 2022 04:01:17 GMT
Server: nginx
Strict-Transport-Security: max-age=31536000
Vary: Authorization, X-Filter
Vary: Authorization, X-Filter
X-Accepted-Oauth-Scopes: events:read_only
X-Content-Type-Options: nosniff
X-Customer-Uuid: CD1C0659-20FE-11EA-B88C0CC47AEB2714
X-Frame-Options: DENY
X-Frame-Options: DENY
X-Oauth-Scopes: *
X-Spec-Version: 4.112.2
X-Xss-Protection: 1; mode=block

{
 "data": [
  {
   "id": 252971140,
   "created": "2022-01-08T04:01:11",
   "seen": false,
   "read": false,
   "percent_complete": 7,
   "time_remaining": null,
   "rate": null,
   "duration": 9.748617,
   "action": "disk_create",
   "username": "kejadlen",
   "entity": {
    "label": "nixos",
    "id": 33584285,
    "type": "linode",
    "url": "/v4/linode/instances/33584285"
   },
   "status": "started",
   "secondary_entity": {
    "id": 67628503,
    "type": "disk",
    "label": "NixOS",
    "url": "/v4/linode/instances/33584285/disks/67628503"
   },
   "message": ""
  }
 ],
 "page": 1,
 "pages": 1,
 "results": 1
}
-----------------------------------------------------: timestamp=2022-01-07T20:01:20.744-0800
2022-01-07T20:01:20.915-0800 [INFO]  provider.terraform-provider-linode_v1.25.1: 2022/01/07 20:01:20 [DEBUG] Linode API Request Details:
---[ REQUEST ]---------------------------------------
GET /v4/account/events?page=1 HTTP/1.1
Host: api.linode.com
User-Agent: HashiCorp Terraform/1.1.2 (+https://www.terraform.io) Terraform Plugin SDK/2.10.1 terraform-provider-linode/dev
Accept: application/json
Content-Type: application/json
X-Filter: {"+order":"desc","+order_by":"created","action":"disk_create","created":{"+gte":"2022-01-08T04:01:11"},"entity.id":33584285,"entity.type":"linode","id":{"+gte":252971140}}
Accept-Encoding: gzip


-----------------------------------------------------: timestamp=2022-01-07T20:01:20.915-0800
2022-01-07T20:01:21.072-0800 [INFO]  provider.terraform-provider-linode_v1.25.1: 2022/01/07 20:01:21 [DEBUG] Linode API Response Details:
---[ RESPONSE ]--------------------------------------
HTTP/2.0 200 OK
Content-Length: 531
Access-Control-Allow-Credentials: true
Access-Control-Allow-Headers: Authorization, Origin, X-Requested-With, Content-Type, Accept, X-Filter
Access-Control-Allow-Methods: HEAD, GET, OPTIONS, POST, PUT, DELETE
Access-Control-Allow-Origin: *
Access-Control-Expose-Headers: X-OAuth-Scopes, X-Accepted-OAuth-Scopes, X-Status
Cache-Control: private, max-age=0, s-maxage=0, no-cache, no-store
Cache-Control: private, max-age=60, s-maxage=60
Content-Security-Policy: default-src 'none'
Content-Type: application/json
Date: Sat, 08 Jan 2022 04:01:18 GMT
Server: nginx
Strict-Transport-Security: max-age=31536000
Vary: Authorization, X-Filter
Vary: Authorization, X-Filter
X-Accepted-Oauth-Scopes: events:read_only
X-Content-Type-Options: nosniff
X-Customer-Uuid: CD1C0659-20FE-11EA-B88C0CC47AEB2714
X-Frame-Options: DENY
X-Frame-Options: DENY
X-Oauth-Scopes: *
X-Spec-Version: 4.112.2
X-Xss-Protection: 1; mode=block

{
 "data": [
  {
   "id": 252971140,
   "created": "2022-01-08T04:01:11",
   "seen": false,
   "read": false,
   "percent_complete": 14,
   "time_remaining": null,
   "rate": null,
   "duration": 10.078847,
   "action": "disk_create",
   "username": "kejadlen",
   "entity": {
    "label": "nixos",
    "id": 33584285,
    "type": "linode",
    "url": "/v4/linode/instances/33584285"
   },
   "status": "started",
   "secondary_entity": {
    "id": 67628503,
    "type": "disk",
    "label": "NixOS",
    "url": "/v4/linode/instances/33584285/disks/67628503"
   },
   "message": ""
  }
 ],
 "page": 1,
 "pages": 1,
 "results": 1
}
-----------------------------------------------------: timestamp=2022-01-07T20:01:21.071-0800
2022-01-07T20:01:21.216-0800 [INFO]  provider.terraform-provider-linode_v1.25.1: 2022/01/07 20:01:21 [DEBUG] Linode API Request Details:
---[ REQUEST ]---------------------------------------
GET /v4/account/events?page=1 HTTP/1.1
Host: api.linode.com
User-Agent: HashiCorp Terraform/1.1.2 (+https://www.terraform.io) Terraform Plugin SDK/2.10.1 terraform-provider-linode/dev
Accept: application/json
Content-Type: application/json
X-Filter: {"+order":"desc","+order_by":"created","action":"disk_create","created":{"+gte":"2022-01-08T04:01:11"},"entity.id":33584285,"entity.type":"linode","id":{"+gte":252971140}}
Accept-Encoding: gzip


-----------------------------------------------------: timestamp=2022-01-07T20:01:21.215-0800
2022-01-07T20:01:21.333-0800 [INFO]  provider.terraform-provider-linode_v1.25.1: 2022/01/07 20:01:21 [DEBUG] Linode API Response Details:
---[ RESPONSE ]--------------------------------------
HTTP/2.0 200 OK
Content-Length: 530
Access-Control-Allow-Credentials: true
Access-Control-Allow-Headers: Authorization, Origin, X-Requested-With, Content-Type, Accept, X-Filter
Access-Control-Allow-Methods: HEAD, GET, OPTIONS, POST, PUT, DELETE
Access-Control-Allow-Origin: *
Access-Control-Expose-Headers: X-OAuth-Scopes, X-Accepted-OAuth-Scopes, X-Status
Cache-Control: private, max-age=0, s-maxage=0, no-cache, no-store
Cache-Control: private, max-age=60, s-maxage=60
Content-Security-Policy: default-src 'none'
Content-Type: application/json
Date: Sat, 08 Jan 2022 04:01:18 GMT
Server: nginx
Strict-Transport-Security: max-age=31536000
Vary: Authorization, X-Filter
Vary: Authorization, X-Filter
X-Accepted-Oauth-Scopes: events:read_only
X-Content-Type-Options: nosniff
X-Customer-Uuid: CD1C0659-20FE-11EA-B88C0CC47AEB2714
X-Frame-Options: DENY
X-Frame-Options: DENY
X-Oauth-Scopes: *
X-Spec-Version: 4.112.2
X-Xss-Protection: 1; mode=block

{
 "data": [
  {
   "id": 252971140,
   "created": "2022-01-08T04:01:11",
   "seen": false,
   "read": false,
   "percent_complete": 14,
   "time_remaining": null,
   "rate": null,
   "duration": 10.34242,
   "action": "disk_create",
   "username": "kejadlen",
   "entity": {
    "label": "nixos",
    "id": 33584285,
    "type": "linode",
    "url": "/v4/linode/instances/33584285"
   },
   "status": "started",
   "secondary_entity": {
    "id": 67628503,
    "type": "disk",
    "label": "NixOS",
    "url": "/v4/linode/instances/33584285/disks/67628503"
   },
   "message": ""
  }
 ],
 "page": 1,
 "pages": 1,
 "results": 1
}
-----------------------------------------------------: timestamp=2022-01-07T20:01:21.333-0800
2022-01-07T20:01:21.515-0800 [INFO]  provider.terraform-provider-linode_v1.25.1: 2022/01/07 20:01:21 [DEBUG] Linode API Request Details:
---[ REQUEST ]---------------------------------------
GET /v4/account/events?page=1 HTTP/1.1
Host: api.linode.com
User-Agent: HashiCorp Terraform/1.1.2 (+https://www.terraform.io) Terraform Plugin SDK/2.10.1 terraform-provider-linode/dev
Accept: application/json
Content-Type: application/json
X-Filter: {"+order":"desc","+order_by":"created","action":"disk_create","created":{"+gte":"2022-01-08T04:01:11"},"entity.id":33584285,"entity.type":"linode","id":{"+gte":252971140}}
Accept-Encoding: gzip


-----------------------------------------------------: timestamp=2022-01-07T20:01:21.514-0800
2022-01-07T20:01:21.629-0800 [INFO]  provider.terraform-provider-linode_v1.25.1: 2022/01/07 20:01:21 [DEBUG] Linode API Response Details:
---[ RESPONSE ]--------------------------------------
HTTP/2.0 200 OK
Content-Length: 525
Access-Control-Allow-Credentials: true
Access-Control-Allow-Headers: Authorization, Origin, X-Requested-With, Content-Type, Accept, X-Filter
Access-Control-Allow-Methods: HEAD, GET, OPTIONS, POST, PUT, DELETE
Access-Control-Allow-Origin: *
Access-Control-Expose-Headers: X-OAuth-Scopes, X-Accepted-OAuth-Scopes, X-Status
Cache-Control: private, max-age=0, s-maxage=0, no-cache, no-store
Cache-Control: private, max-age=60, s-maxage=60
Content-Security-Policy: default-src 'none'
Content-Type: application/json
Date: Sat, 08 Jan 2022 04:01:18 GMT
Server: nginx
Strict-Transport-Security: max-age=31536000
Vary: Authorization, X-Filter
Vary: Authorization, X-Filter
X-Accepted-Oauth-Scopes: events:read_only
X-Content-Type-Options: nosniff
X-Customer-Uuid: CD1C0659-20FE-11EA-B88C0CC47AEB2714
X-Frame-Options: DENY
X-Frame-Options: DENY
X-Oauth-Scopes: *
X-Spec-Version: 4.112.2
X-Xss-Protection: 1; mode=block

{
 "data": [
  {
   "id": 252971140,
   "created": "2022-01-08T04:01:11",
   "seen": false,
   "read": false,
   "percent_complete": 100,
   "time_remaining": 0,
   "rate": null,
   "duration": 10.0,
   "action": "disk_create",
   "username": "kejadlen",
   "entity": {
    "label": "nixos",
    "id": 33584285,
    "type": "linode",
    "url": "/v4/linode/instances/33584285"
   },
   "status": "finished",
   "secondary_entity": {
    "id": 67628503,
    "type": "disk",
    "label": "NixOS",
    "url": "/v4/linode/instances/33584285/disks/67628503"
   },
   "message": ""
  }
 ],
 "page": 1,
 "pages": 1,
 "results": 1
}
-----------------------------------------------------: timestamp=2022-01-07T20:01:21.628-0800
2022-01-07T20:01:21.629-0800 [INFO]  provider.terraform-provider-linode_v1.25.1: 2022/01/07 20:01:21 [INFO] Linode 33584285 action disk_create is finished: timestamp=2022-01-07T20:01:21.629-0800
2022-01-07T20:01:21.630-0800 [INFO]  provider.terraform-provider-linode_v1.25.1: 2022/01/07 20:01:21 [DEBUG] Linode API Request Details:
---[ REQUEST ]---------------------------------------
POST /v4/linode/instances/33584285/configs HTTP/1.1
Host: api.linode.com
User-Agent: HashiCorp Terraform/1.1.2 (+https://www.terraform.io) Terraform Plugin SDK/2.10.1 terraform-provider-linode/dev
Content-Length: 301
Accept: application/json
Content-Type: application/json
Accept-Encoding: gzip

{
 "label": "Installer",
 "devices": {
  "sda": {
   "disk_id": 67628503
  },
  "sdb": {
   "disk_id": 67628494
  },
  "sdc": {
   "disk_id": 67628489
  }
 },
 "helpers": {
  "updatedb_disabled": false,
  "distro": false,
  "modules_dep": false,
  "network": false,
  "devtmpfs_automount": false
 },
 "interfaces": [],
 "kernel": "linode/direct-disk",
 "root_device": "/dev/sdc"
}
-----------------------------------------------------: timestamp=2022-01-07T20:01:21.630-0800
2022-01-07T20:01:21.829-0800 [INFO]  provider.terraform-provider-linode_v1.25.1: 2022/01/07 20:01:21 [DEBUG] Linode API Response Details:
---[ RESPONSE ]--------------------------------------
HTTP/2.0 200 OK
Content-Length: 635
Access-Control-Allow-Credentials: true
Access-Control-Allow-Headers: Authorization, Origin, X-Requested-With, Content-Type, Accept, X-Filter
Access-Control-Allow-Methods: HEAD, GET, OPTIONS, POST, PUT, DELETE
Access-Control-Allow-Origin: *
Access-Control-Expose-Headers: X-OAuth-Scopes, X-Accepted-OAuth-Scopes, X-Status
Cache-Control: private, max-age=60, s-maxage=60
Content-Security-Policy: default-src 'none'
Content-Type: application/json
Date: Sat, 08 Jan 2022 04:01:18 GMT
Server: nginx
Strict-Transport-Security: max-age=31536000
Vary: Authorization, X-Filter
X-Accepted-Oauth-Scopes: linodes:read_write
X-Content-Type-Options: nosniff
X-Customer-Uuid: CD1C0659-20FE-11EA-B88C0CC47AEB2714
X-Frame-Options: DENY
X-Frame-Options: DENY
X-Oauth-Scopes: *
X-Spec-Version: 4.112.2
X-Xss-Protection: 1; mode=block

{
 "id": 35817775,
 "label": "Installer",
 "helpers": {
  "updatedb_disabled": false,
  "distro": false,
  "modules_dep": false,
  "network": false,
  "devtmpfs_automount": false
 },
 "kernel": "linode/direct-disk",
 "comments": "",
 "memory_limit": 0,
 "created": "2022-01-08T04:01:21",
 "updated": "2022-01-08T04:01:21",
 "root_device": "/dev/sdc",
 "devices": {
  "sda": {
   "disk_id": 67628503,
   "volume_id": null
  },
  "sdb": {
   "disk_id": 67628494,
   "volume_id": null
  },
  "sdc": {
   "disk_id": 67628489,
   "volume_id": null
  },
  "sdd": null,
  "sde": null,
  "sdf": null,
  "sdg": null,
  "sdh": null
 },
 "initrd": null,
 "run_level": "default",
 "virt_mode": "paravirt",
 "interfaces": []
}
-----------------------------------------------------: timestamp=2022-01-07T20:01:21.828-0800
2022-01-07T20:01:21.830-0800 [INFO]  provider.terraform-provider-linode_v1.25.1: 2022/01/07 20:01:21 [DEBUG] Linode API Request Details:
---[ REQUEST ]---------------------------------------
POST /v4/linode/instances/33584285/configs HTTP/1.1
Host: api.linode.com
User-Agent: HashiCorp Terraform/1.1.2 (+https://www.terraform.io) Terraform Plugin SDK/2.10.1 terraform-provider-linode/dev
Content-Length: 238
Accept: application/json
Content-Type: application/json
Accept-Encoding: gzip

{
 "label": "Boot",
 "devices": {
  "sda": {
   "disk_id": 67628503
  },
  "sdb": {
   "disk_id": 67628494
  }
 },
 "helpers": {
  "updatedb_disabled": false,
  "distro": false,
  "modules_dep": false,
  "network": false,
  "devtmpfs_automount": false
 },
 "interfaces": [],
 "kernel": "linode/grub2"
}
-----------------------------------------------------: timestamp=2022-01-07T20:01:21.829-0800
2022-01-07T20:01:22.072-0800 [INFO]  provider.terraform-provider-linode_v1.25.1: 2022/01/07 20:01:22 [DEBUG] Linode API Response Details:
---[ RESPONSE ]--------------------------------------
HTTP/2.0 200 OK
Content-Length: 588
Access-Control-Allow-Credentials: true
Access-Control-Allow-Headers: Authorization, Origin, X-Requested-With, Content-Type, Accept, X-Filter
Access-Control-Allow-Methods: HEAD, GET, OPTIONS, POST, PUT, DELETE
Access-Control-Allow-Origin: *
Access-Control-Expose-Headers: X-OAuth-Scopes, X-Accepted-OAuth-Scopes, X-Status
Cache-Control: private, max-age=60, s-maxage=60
Content-Security-Policy: default-src 'none'
Content-Type: application/json
Date: Sat, 08 Jan 2022 04:01:19 GMT
Server: nginx
Strict-Transport-Security: max-age=31536000
Vary: Authorization, X-Filter
X-Accepted-Oauth-Scopes: linodes:read_write
X-Content-Type-Options: nosniff
X-Customer-Uuid: CD1C0659-20FE-11EA-B88C0CC47AEB2714
X-Frame-Options: DENY
X-Frame-Options: DENY
X-Oauth-Scopes: *
X-Spec-Version: 4.112.2
X-Xss-Protection: 1; mode=block

{
 "id": 35817776,
 "label": "Boot",
 "helpers": {
  "updatedb_disabled": false,
  "distro": false,
  "modules_dep": false,
  "network": false,
  "devtmpfs_automount": false
 },
 "kernel": "linode/grub2",
 "comments": "",
 "memory_limit": 0,
 "created": "2022-01-08T04:01:21",
 "updated": "2022-01-08T04:01:22",
 "root_device": "/dev/sda",
 "devices": {
  "sda": {
   "disk_id": 67628503,
   "volume_id": null
  },
  "sdb": {
   "disk_id": 67628494,
   "volume_id": null
  },
  "sdc": null,
  "sdd": null,
  "sde": null,
  "sdf": null,
  "sdg": null,
  "sdh": null
 },
 "initrd": null,
 "run_level": "default",
 "virt_mode": "paravirt",
 "interfaces": []
}
-----------------------------------------------------: timestamp=2022-01-07T20:01:22.069-0800
2022-01-07T20:01:22.072-0800 [INFO]  provider.terraform-provider-linode_v1.25.1: 2022/01/07 20:01:22 [DEBUG] Linode API Request Details:
---[ REQUEST ]---------------------------------------
POST /v4/linode/instances/33584285/boot HTTP/1.1
Host: api.linode.com
User-Agent: HashiCorp Terraform/1.1.2 (+https://www.terraform.io) Terraform Plugin SDK/2.10.1 terraform-provider-linode/dev
Content-Length: 22
Accept: application/json
Content-Type: application/json
Accept-Encoding: gzip

{
 "config_id": 35817775
}
-----------------------------------------------------: timestamp=2022-01-07T20:01:22.070-0800
2022-01-07T20:01:22.258-0800 [INFO]  provider.terraform-provider-linode_v1.25.1: 2022/01/07 20:01:22 [DEBUG] Linode API Response Details:
---[ RESPONSE ]--------------------------------------
HTTP/2.0 200 OK
Content-Length: 2
Access-Control-Allow-Credentials: true
Access-Control-Allow-Headers: Authorization, Origin, X-Requested-With, Content-Type, Accept, X-Filter
Access-Control-Allow-Methods: HEAD, GET, OPTIONS, POST, PUT, DELETE
Access-Control-Allow-Origin: *
Access-Control-Expose-Headers: X-OAuth-Scopes, X-Accepted-OAuth-Scopes, X-Status
Cache-Control: private, max-age=60, s-maxage=60
Content-Security-Policy: default-src 'none'
Content-Type: application/json
Date: Sat, 08 Jan 2022 04:01:19 GMT
Server: nginx
Strict-Transport-Security: max-age=31536000
Vary: Authorization, X-Filter
X-Accepted-Oauth-Scopes: linodes:read_write
X-Content-Type-Options: nosniff
X-Customer-Uuid: CD1C0659-20FE-11EA-B88C0CC47AEB2714
X-Frame-Options: DENY
X-Frame-Options: DENY
X-Oauth-Scopes: *
X-Spec-Version: 4.112.2
X-Xss-Protection: 1; mode=block

{}
-----------------------------------------------------: timestamp=2022-01-07T20:01:22.258-0800
2022-01-07T20:01:22.258-0800 [INFO]  provider.terraform-provider-linode_v1.25.1: 2022/01/07 20:01:22 [INFO] Waiting 556 seconds for linode_boot events since 2022-01-08 04:00:40 +0000 UTC for Linode 33584285: timestamp=2022-01-07T20:01:22.258-0800
2022-01-07T20:01:22.559-0800 [INFO]  provider.terraform-provider-linode_v1.25.1: 2022/01/07 20:01:22 [DEBUG] Linode API Request Details:
---[ REQUEST ]---------------------------------------
GET /v4/account/events?page=1 HTTP/1.1
Host: api.linode.com
User-Agent: HashiCorp Terraform/1.1.2 (+https://www.terraform.io) Terraform Plugin SDK/2.10.1 terraform-provider-linode/dev
Accept: application/json
Content-Type: application/json
X-Filter: {"+order":"desc","+order_by":"created","action":"linode_boot","created":{"+gte":"2022-01-08T04:00:40"},"entity.id":33584285,"entity.type":"linode"}
Accept-Encoding: gzip


-----------------------------------------------------: timestamp=2022-01-07T20:01:22.558-0800
2022-01-07T20:01:22.682-0800 [INFO]  provider.terraform-provider-linode_v1.25.1: 2022/01/07 20:01:22 [DEBUG] Linode API Response Details:
---[ RESPONSE ]--------------------------------------
HTTP/2.0 200 OK
Content-Length: 542
Access-Control-Allow-Credentials: true
Access-Control-Allow-Headers: Authorization, Origin, X-Requested-With, Content-Type, Accept, X-Filter
Access-Control-Allow-Methods: HEAD, GET, OPTIONS, POST, PUT, DELETE
Access-Control-Allow-Origin: *
Access-Control-Expose-Headers: X-OAuth-Scopes, X-Accepted-OAuth-Scopes, X-Status
Cache-Control: private, max-age=0, s-maxage=0, no-cache, no-store
Cache-Control: private, max-age=60, s-maxage=60
Content-Security-Policy: default-src 'none'
Content-Type: application/json
Date: Sat, 08 Jan 2022 04:01:19 GMT
Server: nginx
Strict-Transport-Security: max-age=31536000
Vary: Authorization, X-Filter
Vary: Authorization, X-Filter
X-Accepted-Oauth-Scopes: events:read_only
X-Content-Type-Options: nosniff
X-Customer-Uuid: CD1C0659-20FE-11EA-B88C0CC47AEB2714
X-Frame-Options: DENY
X-Frame-Options: DENY
X-Oauth-Scopes: *
X-Spec-Version: 4.112.2
X-Xss-Protection: 1; mode=block

{
 "data": [
  {
   "id": 252971184,
   "created": "2022-01-08T04:01:22",
   "seen": false,
   "read": false,
   "percent_complete": 0,
   "time_remaining": null,
   "rate": null,
   "duration": null,
   "action": "linode_boot",
   "username": "kejadlen",
   "entity": {
    "label": "nixos",
    "id": 33584285,
    "type": "linode",
    "url": "/v4/linode/instances/33584285"
   },
   "status": "scheduled",
   "secondary_entity": {
    "id": 35817775,
    "type": "linode_config",
    "label": "Installer",
    "url": "/v4/linode/instances/33584285/configs/35817775"
   },
   "message": ""
  }
 ],
 "page": 1,
 "pages": 1,
 "results": 1
}
-----------------------------------------------------: timestamp=2022-01-07T20:01:22.681-0800
2022-01-07T20:01:22.682-0800 [INFO]  provider.terraform-provider-linode_v1.25.1: 2022/01/07 20:01:22 [INFO] Linode 33584285 action linode_boot is scheduled: timestamp=2022-01-07T20:01:22.682-0800
2022-01-07T20:01:22.858-0800 [INFO]  provider.terraform-provider-linode_v1.25.1: 2022/01/07 20:01:22 [DEBUG] Linode API Request Details:
---[ REQUEST ]---------------------------------------
GET /v4/account/events?page=1 HTTP/1.1
Host: api.linode.com
User-Agent: HashiCorp Terraform/1.1.2 (+https://www.terraform.io) Terraform Plugin SDK/2.10.1 terraform-provider-linode/dev
Accept: application/json
Content-Type: application/json
X-Filter: {"+order":"desc","+order_by":"created","action":"linode_boot","created":{"+gte":"2022-01-08T04:00:40"},"entity.id":33584285,"entity.type":"linode","id":{"+gte":252971184}}
Accept-Encoding: gzip


-----------------------------------------------------: timestamp=2022-01-07T20:01:22.858-0800
2022-01-07T20:01:22.979-0800 [INFO]  provider.terraform-provider-linode_v1.25.1: 2022/01/07 20:01:22 [DEBUG] Linode API Response Details:
---[ RESPONSE ]--------------------------------------
HTTP/2.0 200 OK
Content-Length: 542
Access-Control-Allow-Credentials: true
Access-Control-Allow-Headers: Authorization, Origin, X-Requested-With, Content-Type, Accept, X-Filter
Access-Control-Allow-Methods: HEAD, GET, OPTIONS, POST, PUT, DELETE
Access-Control-Allow-Origin: *
Access-Control-Expose-Headers: X-OAuth-Scopes, X-Accepted-OAuth-Scopes, X-Status
Cache-Control: private, max-age=0, s-maxage=0, no-cache, no-store
Cache-Control: private, max-age=60, s-maxage=60
Content-Security-Policy: default-src 'none'
Content-Type: application/json
Date: Sat, 08 Jan 2022 04:01:20 GMT
Server: nginx
Strict-Transport-Security: max-age=31536000
Vary: Authorization, X-Filter
Vary: Authorization, X-Filter
X-Accepted-Oauth-Scopes: events:read_only
X-Content-Type-Options: nosniff
X-Customer-Uuid: CD1C0659-20FE-11EA-B88C0CC47AEB2714
X-Frame-Options: DENY
X-Frame-Options: DENY
X-Oauth-Scopes: *
X-Spec-Version: 4.112.2
X-Xss-Protection: 1; mode=block

{
 "data": [
  {
   "id": 252971184,
   "created": "2022-01-08T04:01:22",
   "seen": false,
   "read": false,
   "percent_complete": 0,
   "time_remaining": null,
   "rate": null,
   "duration": null,
   "action": "linode_boot",
   "username": "kejadlen",
   "entity": {
    "label": "nixos",
    "id": 33584285,
    "type": "linode",
    "url": "/v4/linode/instances/33584285"
   },
   "status": "scheduled",
   "secondary_entity": {
    "id": 35817775,
    "type": "linode_config",
    "label": "Installer",
    "url": "/v4/linode/instances/33584285/configs/35817775"
   },
   "message": ""
  }
 ],
 "page": 1,
 "pages": 1,
 "results": 1
}
-----------------------------------------------------: timestamp=2022-01-07T20:01:22.977-0800
2022-01-07T20:01:23.158-0800 [INFO]  provider.terraform-provider-linode_v1.25.1: 2022/01/07 20:01:23 [DEBUG] Linode API Request Details:
---[ REQUEST ]---------------------------------------
GET /v4/account/events?page=1 HTTP/1.1
Host: api.linode.com
User-Agent: HashiCorp Terraform/1.1.2 (+https://www.terraform.io) Terraform Plugin SDK/2.10.1 terraform-provider-linode/dev
Accept: application/json
Content-Type: application/json
X-Filter: {"+order":"desc","+order_by":"created","action":"linode_boot","created":{"+gte":"2022-01-08T04:00:40"},"entity.id":33584285,"entity.type":"linode","id":{"+gte":252971184}}
Accept-Encoding: gzip


-----------------------------------------------------: timestamp=2022-01-07T20:01:23.158-0800
2022-01-07T20:01:23.287-0800 [INFO]  provider.terraform-provider-linode_v1.25.1: 2022/01/07 20:01:23 [DEBUG] Linode API Response Details:
---[ RESPONSE ]--------------------------------------
HTTP/2.0 200 OK
Content-Length: 542
Access-Control-Allow-Credentials: true
Access-Control-Allow-Headers: Authorization, Origin, X-Requested-With, Content-Type, Accept, X-Filter
Access-Control-Allow-Methods: HEAD, GET, OPTIONS, POST, PUT, DELETE
Access-Control-Allow-Origin: *
Access-Control-Expose-Headers: X-OAuth-Scopes, X-Accepted-OAuth-Scopes, X-Status
Cache-Control: private, max-age=0, s-maxage=0, no-cache, no-store
Cache-Control: private, max-age=60, s-maxage=60
Content-Security-Policy: default-src 'none'
Content-Type: application/json
Date: Sat, 08 Jan 2022 04:01:20 GMT
Server: nginx
Strict-Transport-Security: max-age=31536000
Vary: Authorization, X-Filter
Vary: Authorization, X-Filter
X-Accepted-Oauth-Scopes: events:read_only
X-Content-Type-Options: nosniff
X-Customer-Uuid: CD1C0659-20FE-11EA-B88C0CC47AEB2714
X-Frame-Options: DENY
X-Frame-Options: DENY
X-Oauth-Scopes: *
X-Spec-Version: 4.112.2
X-Xss-Protection: 1; mode=block

{
 "data": [
  {
   "id": 252971184,
   "created": "2022-01-08T04:01:22",
   "seen": false,
   "read": false,
   "percent_complete": 0,
   "time_remaining": null,
   "rate": null,
   "duration": null,
   "action": "linode_boot",
   "username": "kejadlen",
   "entity": {
    "label": "nixos",
    "id": 33584285,
    "type": "linode",
    "url": "/v4/linode/instances/33584285"
   },
   "status": "scheduled",
   "secondary_entity": {
    "id": 35817775,
    "type": "linode_config",
    "label": "Installer",
    "url": "/v4/linode/instances/33584285/configs/35817775"
   },
   "message": ""
  }
 ],
 "page": 1,
 "pages": 1,
 "results": 1
}
-----------------------------------------------------: timestamp=2022-01-07T20:01:23.285-0800
2022-01-07T20:01:23.457-0800 [INFO]  provider.terraform-provider-linode_v1.25.1: 2022/01/07 20:01:23 [DEBUG] Linode API Request Details:
---[ REQUEST ]---------------------------------------
GET /v4/account/events?page=1 HTTP/1.1
Host: api.linode.com
User-Agent: HashiCorp Terraform/1.1.2 (+https://www.terraform.io) Terraform Plugin SDK/2.10.1 terraform-provider-linode/dev
Accept: application/json
Content-Type: application/json
X-Filter: {"+order":"desc","+order_by":"created","action":"linode_boot","created":{"+gte":"2022-01-08T04:00:40"},"entity.id":33584285,"entity.type":"linode","id":{"+gte":252971184}}
Accept-Encoding: gzip


-----------------------------------------------------: timestamp=2022-01-07T20:01:23.457-0800
2022-01-07T20:01:23.580-0800 [INFO]  provider.terraform-provider-linode_v1.25.1: 2022/01/07 20:01:23 [DEBUG] Linode API Response Details:
---[ RESPONSE ]--------------------------------------
HTTP/2.0 200 OK
Content-Length: 542
Access-Control-Allow-Credentials: true
Access-Control-Allow-Headers: Authorization, Origin, X-Requested-With, Content-Type, Accept, X-Filter
Access-Control-Allow-Methods: HEAD, GET, OPTIONS, POST, PUT, DELETE
Access-Control-Allow-Origin: *
Access-Control-Expose-Headers: X-OAuth-Scopes, X-Accepted-OAuth-Scopes, X-Status
Cache-Control: private, max-age=0, s-maxage=0, no-cache, no-store
Cache-Control: private, max-age=60, s-maxage=60
Content-Security-Policy: default-src 'none'
Content-Type: application/json
Date: Sat, 08 Jan 2022 04:01:20 GMT
Server: nginx
Strict-Transport-Security: max-age=31536000
Vary: Authorization, X-Filter
Vary: Authorization, X-Filter
X-Accepted-Oauth-Scopes: events:read_only
X-Content-Type-Options: nosniff
X-Customer-Uuid: CD1C0659-20FE-11EA-B88C0CC47AEB2714
X-Frame-Options: DENY
X-Frame-Options: DENY
X-Oauth-Scopes: *
X-Spec-Version: 4.112.2
X-Xss-Protection: 1; mode=block

{
 "data": [
  {
   "id": 252971184,
   "created": "2022-01-08T04:01:22",
   "seen": false,
   "read": false,
   "percent_complete": 0,
   "time_remaining": null,
   "rate": null,
   "duration": null,
   "action": "linode_boot",
   "username": "kejadlen",
   "entity": {
    "label": "nixos",
    "id": 33584285,
    "type": "linode",
    "url": "/v4/linode/instances/33584285"
   },
   "status": "scheduled",
   "secondary_entity": {
    "id": 35817775,
    "type": "linode_config",
    "label": "Installer",
    "url": "/v4/linode/instances/33584285/configs/35817775"
   },
   "message": ""
  }
 ],
 "page": 1,
 "pages": 1,
 "results": 1
}
-----------------------------------------------------: timestamp=2022-01-07T20:01:23.580-0800
2022-01-07T20:01:23.757-0800 [INFO]  provider.terraform-provider-linode_v1.25.1: 2022/01/07 20:01:23 [DEBUG] Linode API Request Details:
---[ REQUEST ]---------------------------------------
GET /v4/account/events?page=1 HTTP/1.1
Host: api.linode.com
User-Agent: HashiCorp Terraform/1.1.2 (+https://www.terraform.io) Terraform Plugin SDK/2.10.1 terraform-provider-linode/dev
Accept: application/json
Content-Type: application/json
X-Filter: {"+order":"desc","+order_by":"created","action":"linode_boot","created":{"+gte":"2022-01-08T04:00:40"},"entity.id":33584285,"entity.type":"linode","id":{"+gte":252971184}}
Accept-Encoding: gzip


-----------------------------------------------------: timestamp=2022-01-07T20:01:23.757-0800
2022-01-07T20:01:23.896-0800 [INFO]  provider.terraform-provider-linode_v1.25.1: 2022/01/07 20:01:23 [DEBUG] Linode API Response Details:
---[ RESPONSE ]--------------------------------------
HTTP/2.0 200 OK
Content-Length: 542
Access-Control-Allow-Credentials: true
Access-Control-Allow-Headers: Authorization, Origin, X-Requested-With, Content-Type, Accept, X-Filter
Access-Control-Allow-Methods: HEAD, GET, OPTIONS, POST, PUT, DELETE
Access-Control-Allow-Origin: *
Access-Control-Expose-Headers: X-OAuth-Scopes, X-Accepted-OAuth-Scopes, X-Status
Cache-Control: private, max-age=0, s-maxage=0, no-cache, no-store
Cache-Control: private, max-age=60, s-maxage=60
Content-Security-Policy: default-src 'none'
Content-Type: application/json
Date: Sat, 08 Jan 2022 04:01:21 GMT
Server: nginx
Strict-Transport-Security: max-age=31536000
Vary: Authorization, X-Filter
Vary: Authorization, X-Filter
X-Accepted-Oauth-Scopes: events:read_only
X-Content-Type-Options: nosniff
X-Customer-Uuid: CD1C0659-20FE-11EA-B88C0CC47AEB2714
X-Frame-Options: DENY
X-Frame-Options: DENY
X-Oauth-Scopes: *
X-Spec-Version: 4.112.2
X-Xss-Protection: 1; mode=block

{
 "data": [
  {
   "id": 252971184,
   "created": "2022-01-08T04:01:22",
   "seen": false,
   "read": false,
   "percent_complete": 0,
   "time_remaining": null,
   "rate": null,
   "duration": null,
   "action": "linode_boot",
   "username": "kejadlen",
   "entity": {
    "label": "nixos",
    "id": 33584285,
    "type": "linode",
    "url": "/v4/linode/instances/33584285"
   },
   "status": "scheduled",
   "secondary_entity": {
    "id": 35817775,
    "type": "linode_config",
    "label": "Installer",
    "url": "/v4/linode/instances/33584285/configs/35817775"
   },
   "message": ""
  }
 ],
 "page": 1,
 "pages": 1,
 "results": 1
}
-----------------------------------------------------: timestamp=2022-01-07T20:01:23.896-0800
2022-01-07T20:01:24.058-0800 [INFO]  provider.terraform-provider-linode_v1.25.1: 2022/01/07 20:01:24 [DEBUG] Linode API Request Details:
---[ REQUEST ]---------------------------------------
GET /v4/account/events?page=1 HTTP/1.1
Host: api.linode.com
User-Agent: HashiCorp Terraform/1.1.2 (+https://www.terraform.io) Terraform Plugin SDK/2.10.1 terraform-provider-linode/dev
Accept: application/json
Content-Type: application/json
X-Filter: {"+order":"desc","+order_by":"created","action":"linode_boot","created":{"+gte":"2022-01-08T04:00:40"},"entity.id":33584285,"entity.type":"linode","id":{"+gte":252971184}}
Accept-Encoding: gzip


-----------------------------------------------------: timestamp=2022-01-07T20:01:24.057-0800
2022-01-07T20:01:24.180-0800 [INFO]  provider.terraform-provider-linode_v1.25.1: 2022/01/07 20:01:24 [DEBUG] Linode API Response Details:
---[ RESPONSE ]--------------------------------------
HTTP/2.0 200 OK
Content-Length: 542
Access-Control-Allow-Credentials: true
Access-Control-Allow-Headers: Authorization, Origin, X-Requested-With, Content-Type, Accept, X-Filter
Access-Control-Allow-Methods: HEAD, GET, OPTIONS, POST, PUT, DELETE
Access-Control-Allow-Origin: *
Access-Control-Expose-Headers: X-OAuth-Scopes, X-Accepted-OAuth-Scopes, X-Status
Cache-Control: private, max-age=0, s-maxage=0, no-cache, no-store
Cache-Control: private, max-age=60, s-maxage=60
Content-Security-Policy: default-src 'none'
Content-Type: application/json
Date: Sat, 08 Jan 2022 04:01:21 GMT
Server: nginx
Strict-Transport-Security: max-age=31536000
Vary: Authorization, X-Filter
Vary: Authorization, X-Filter
X-Accepted-Oauth-Scopes: events:read_only
X-Content-Type-Options: nosniff
X-Customer-Uuid: CD1C0659-20FE-11EA-B88C0CC47AEB2714
X-Frame-Options: DENY
X-Frame-Options: DENY
X-Oauth-Scopes: *
X-Spec-Version: 4.112.2
X-Xss-Protection: 1; mode=block

{
 "data": [
  {
   "id": 252971184,
   "created": "2022-01-08T04:01:22",
   "seen": false,
   "read": false,
   "percent_complete": 0,
   "time_remaining": null,
   "rate": null,
   "duration": null,
   "action": "linode_boot",
   "username": "kejadlen",
   "entity": {
    "label": "nixos",
    "id": 33584285,
    "type": "linode",
    "url": "/v4/linode/instances/33584285"
   },
   "status": "scheduled",
   "secondary_entity": {
    "id": 35817775,
    "type": "linode_config",
    "label": "Installer",
    "url": "/v4/linode/instances/33584285/configs/35817775"
   },
   "message": ""
  }
 ],
 "page": 1,
 "pages": 1,
 "results": 1
}
-----------------------------------------------------: timestamp=2022-01-07T20:01:24.180-0800
2022-01-07T20:01:24.355-0800 [INFO]  provider.terraform-provider-linode_v1.25.1: 2022/01/07 20:01:24 [DEBUG] Linode API Request Details:
---[ REQUEST ]---------------------------------------
GET /v4/account/events?page=1 HTTP/1.1
Host: api.linode.com
User-Agent: HashiCorp Terraform/1.1.2 (+https://www.terraform.io) Terraform Plugin SDK/2.10.1 terraform-provider-linode/dev
Accept: application/json
Content-Type: application/json
X-Filter: {"+order":"desc","+order_by":"created","action":"linode_boot","created":{"+gte":"2022-01-08T04:00:40"},"entity.id":33584285,"entity.type":"linode","id":{"+gte":252971184}}
Accept-Encoding: gzip


-----------------------------------------------------: timestamp=2022-01-07T20:01:24.355-0800
2022-01-07T20:01:24.484-0800 [INFO]  provider.terraform-provider-linode_v1.25.1: 2022/01/07 20:01:24 [DEBUG] Linode API Response Details:
---[ RESPONSE ]--------------------------------------
HTTP/2.0 200 OK
Content-Length: 542
Access-Control-Allow-Credentials: true
Access-Control-Allow-Headers: Authorization, Origin, X-Requested-With, Content-Type, Accept, X-Filter
Access-Control-Allow-Methods: HEAD, GET, OPTIONS, POST, PUT, DELETE
Access-Control-Allow-Origin: *
Access-Control-Expose-Headers: X-OAuth-Scopes, X-Accepted-OAuth-Scopes, X-Status
Cache-Control: private, max-age=0, s-maxage=0, no-cache, no-store
Cache-Control: private, max-age=60, s-maxage=60
Content-Security-Policy: default-src 'none'
Content-Type: application/json
Date: Sat, 08 Jan 2022 04:01:21 GMT
Server: nginx
Strict-Transport-Security: max-age=31536000
Vary: Authorization, X-Filter
Vary: Authorization, X-Filter
X-Accepted-Oauth-Scopes: events:read_only
X-Content-Type-Options: nosniff
X-Customer-Uuid: CD1C0659-20FE-11EA-B88C0CC47AEB2714
X-Frame-Options: DENY
X-Frame-Options: DENY
X-Oauth-Scopes: *
X-Spec-Version: 4.112.2
X-Xss-Protection: 1; mode=block

{
 "data": [
  {
   "id": 252971184,
   "created": "2022-01-08T04:01:22",
   "seen": false,
   "read": false,
   "percent_complete": 0,
   "time_remaining": null,
   "rate": null,
   "duration": null,
   "action": "linode_boot",
   "username": "kejadlen",
   "entity": {
    "label": "nixos",
    "id": 33584285,
    "type": "linode",
    "url": "/v4/linode/instances/33584285"
   },
   "status": "scheduled",
   "secondary_entity": {
    "id": 35817775,
    "type": "linode_config",
    "label": "Installer",
    "url": "/v4/linode/instances/33584285/configs/35817775"
   },
   "message": ""
  }
 ],
 "page": 1,
 "pages": 1,
 "results": 1
}
-----------------------------------------------------: timestamp=2022-01-07T20:01:24.484-0800
2022-01-07T20:01:24.655-0800 [INFO]  provider.terraform-provider-linode_v1.25.1: 2022/01/07 20:01:24 [DEBUG] Linode API Request Details:
---[ REQUEST ]---------------------------------------
GET /v4/account/events?page=1 HTTP/1.1
Host: api.linode.com
User-Agent: HashiCorp Terraform/1.1.2 (+https://www.terraform.io) Terraform Plugin SDK/2.10.1 terraform-provider-linode/dev
Accept: application/json
Content-Type: application/json
X-Filter: {"+order":"desc","+order_by":"created","action":"linode_boot","created":{"+gte":"2022-01-08T04:00:40"},"entity.id":33584285,"entity.type":"linode","id":{"+gte":252971184}}
Accept-Encoding: gzip


-----------------------------------------------------: timestamp=2022-01-07T20:01:24.655-0800
2022-01-07T20:01:24.776-0800 [INFO]  provider.terraform-provider-linode_v1.25.1: 2022/01/07 20:01:24 [DEBUG] Linode API Response Details:
---[ RESPONSE ]--------------------------------------
HTTP/2.0 200 OK
Content-Length: 542
Access-Control-Allow-Credentials: true
Access-Control-Allow-Headers: Authorization, Origin, X-Requested-With, Content-Type, Accept, X-Filter
Access-Control-Allow-Methods: HEAD, GET, OPTIONS, POST, PUT, DELETE
Access-Control-Allow-Origin: *
Access-Control-Expose-Headers: X-OAuth-Scopes, X-Accepted-OAuth-Scopes, X-Status
Cache-Control: private, max-age=0, s-maxage=0, no-cache, no-store
Cache-Control: private, max-age=60, s-maxage=60
Content-Security-Policy: default-src 'none'
Content-Type: application/json
Date: Sat, 08 Jan 2022 04:01:21 GMT
Server: nginx
Strict-Transport-Security: max-age=31536000
Vary: Authorization, X-Filter
Vary: Authorization, X-Filter
X-Accepted-Oauth-Scopes: events:read_only
X-Content-Type-Options: nosniff
X-Customer-Uuid: CD1C0659-20FE-11EA-B88C0CC47AEB2714
X-Frame-Options: DENY
X-Frame-Options: DENY
X-Oauth-Scopes: *
X-Spec-Version: 4.112.2
X-Xss-Protection: 1; mode=block

{
 "data": [
  {
   "id": 252971184,
   "created": "2022-01-08T04:01:22",
   "seen": false,
   "read": false,
   "percent_complete": 0,
   "time_remaining": null,
   "rate": null,
   "duration": null,
   "action": "linode_boot",
   "username": "kejadlen",
   "entity": {
    "label": "nixos",
    "id": 33584285,
    "type": "linode",
    "url": "/v4/linode/instances/33584285"
   },
   "status": "scheduled",
   "secondary_entity": {
    "id": 35817775,
    "type": "linode_config",
    "label": "Installer",
    "url": "/v4/linode/instances/33584285/configs/35817775"
   },
   "message": ""
  }
 ],
 "page": 1,
 "pages": 1,
 "results": 1
}
-----------------------------------------------------: timestamp=2022-01-07T20:01:24.776-0800
2022-01-07T20:01:24.953-0800 [INFO]  provider.terraform-provider-linode_v1.25.1: 2022/01/07 20:01:24 [DEBUG] Linode API Request Details:
---[ REQUEST ]---------------------------------------
GET /v4/account/events?page=1 HTTP/1.1
Host: api.linode.com
User-Agent: HashiCorp Terraform/1.1.2 (+https://www.terraform.io) Terraform Plugin SDK/2.10.1 terraform-provider-linode/dev
Accept: application/json
Content-Type: application/json
X-Filter: {"+order":"desc","+order_by":"created","action":"linode_boot","created":{"+gte":"2022-01-08T04:00:40"},"entity.id":33584285,"entity.type":"linode","id":{"+gte":252971184}}
Accept-Encoding: gzip


-----------------------------------------------------: timestamp=2022-01-07T20:01:24.953-0800
2022-01-07T20:01:25.088-0800 [INFO]  provider.terraform-provider-linode_v1.25.1: 2022/01/07 20:01:25 [DEBUG] Linode API Response Details:
---[ RESPONSE ]--------------------------------------
HTTP/2.0 200 OK
Content-Length: 542
Access-Control-Allow-Credentials: true
Access-Control-Allow-Headers: Authorization, Origin, X-Requested-With, Content-Type, Accept, X-Filter
Access-Control-Allow-Methods: HEAD, GET, OPTIONS, POST, PUT, DELETE
Access-Control-Allow-Origin: *
Access-Control-Expose-Headers: X-OAuth-Scopes, X-Accepted-OAuth-Scopes, X-Status
Cache-Control: private, max-age=0, s-maxage=0, no-cache, no-store
Cache-Control: private, max-age=60, s-maxage=60
Content-Security-Policy: default-src 'none'
Content-Type: application/json
Date: Sat, 08 Jan 2022 04:01:22 GMT
Server: nginx
Strict-Transport-Security: max-age=31536000
Vary: Authorization, X-Filter
Vary: Authorization, X-Filter
X-Accepted-Oauth-Scopes: events:read_only
X-Content-Type-Options: nosniff
X-Customer-Uuid: CD1C0659-20FE-11EA-B88C0CC47AEB2714
X-Frame-Options: DENY
X-Frame-Options: DENY
X-Oauth-Scopes: *
X-Spec-Version: 4.112.2
X-Xss-Protection: 1; mode=block

{
 "data": [
  {
   "id": 252971184,
   "created": "2022-01-08T04:01:22",
   "seen": false,
   "read": false,
   "percent_complete": 0,
   "time_remaining": null,
   "rate": null,
   "duration": null,
   "action": "linode_boot",
   "username": "kejadlen",
   "entity": {
    "label": "nixos",
    "id": 33584285,
    "type": "linode",
    "url": "/v4/linode/instances/33584285"
   },
   "status": "scheduled",
   "secondary_entity": {
    "id": 35817775,
    "type": "linode_config",
    "label": "Installer",
    "url": "/v4/linode/instances/33584285/configs/35817775"
   },
   "message": ""
  }
 ],
 "page": 1,
 "pages": 1,
 "results": 1
}
-----------------------------------------------------: timestamp=2022-01-07T20:01:25.088-0800
2022-01-07T20:01:25.254-0800 [INFO]  provider.terraform-provider-linode_v1.25.1: 2022/01/07 20:01:25 [DEBUG] Linode API Request Details:
---[ REQUEST ]---------------------------------------
GET /v4/account/events?page=1 HTTP/1.1
Host: api.linode.com
User-Agent: HashiCorp Terraform/1.1.2 (+https://www.terraform.io) Terraform Plugin SDK/2.10.1 terraform-provider-linode/dev
Accept: application/json
Content-Type: application/json
X-Filter: {"+order":"desc","+order_by":"created","action":"linode_boot","created":{"+gte":"2022-01-08T04:00:40"},"entity.id":33584285,"entity.type":"linode","id":{"+gte":252971184}}
Accept-Encoding: gzip


-----------------------------------------------------: timestamp=2022-01-07T20:01:25.253-0800
2022-01-07T20:01:25.369-0800 [INFO]  provider.terraform-provider-linode_v1.25.1: 2022/01/07 20:01:25 [DEBUG] Linode API Response Details:
---[ RESPONSE ]--------------------------------------
HTTP/2.0 200 OK
Content-Length: 542
Access-Control-Allow-Credentials: true
Access-Control-Allow-Headers: Authorization, Origin, X-Requested-With, Content-Type, Accept, X-Filter
Access-Control-Allow-Methods: HEAD, GET, OPTIONS, POST, PUT, DELETE
Access-Control-Allow-Origin: *
Access-Control-Expose-Headers: X-OAuth-Scopes, X-Accepted-OAuth-Scopes, X-Status
Cache-Control: private, max-age=0, s-maxage=0, no-cache, no-store
Cache-Control: private, max-age=60, s-maxage=60
Content-Security-Policy: default-src 'none'
Content-Type: application/json
Date: Sat, 08 Jan 2022 04:01:22 GMT
Server: nginx
Strict-Transport-Security: max-age=31536000
Vary: Authorization, X-Filter
Vary: Authorization, X-Filter
X-Accepted-Oauth-Scopes: events:read_only
X-Content-Type-Options: nosniff
X-Customer-Uuid: CD1C0659-20FE-11EA-B88C0CC47AEB2714
X-Frame-Options: DENY
X-Frame-Options: DENY
X-Oauth-Scopes: *
X-Spec-Version: 4.112.2
X-Xss-Protection: 1; mode=block

{
 "data": [
  {
   "id": 252971184,
   "created": "2022-01-08T04:01:22",
   "seen": false,
   "read": false,
   "percent_complete": 0,
   "time_remaining": null,
   "rate": null,
   "duration": null,
   "action": "linode_boot",
   "username": "kejadlen",
   "entity": {
    "label": "nixos",
    "id": 33584285,
    "type": "linode",
    "url": "/v4/linode/instances/33584285"
   },
   "status": "scheduled",
   "secondary_entity": {
    "id": 35817775,
    "type": "linode_config",
    "label": "Installer",
    "url": "/v4/linode/instances/33584285/configs/35817775"
   },
   "message": ""
  }
 ],
 "page": 1,
 "pages": 1,
 "results": 1
}
-----------------------------------------------------: timestamp=2022-01-07T20:01:25.368-0800
2022-01-07T20:01:25.556-0800 [INFO]  provider.terraform-provider-linode_v1.25.1: 2022/01/07 20:01:25 [DEBUG] Linode API Request Details:
---[ REQUEST ]---------------------------------------
GET /v4/account/events?page=1 HTTP/1.1
Host: api.linode.com
User-Agent: HashiCorp Terraform/1.1.2 (+https://www.terraform.io) Terraform Plugin SDK/2.10.1 terraform-provider-linode/dev
Accept: application/json
Content-Type: application/json
X-Filter: {"+order":"desc","+order_by":"created","action":"linode_boot","created":{"+gte":"2022-01-08T04:00:40"},"entity.id":33584285,"entity.type":"linode","id":{"+gte":252971184}}
Accept-Encoding: gzip


-----------------------------------------------------: timestamp=2022-01-07T20:01:25.556-0800
2022-01-07T20:01:25.702-0800 [INFO]  provider.terraform-provider-linode_v1.25.1: 2022/01/07 20:01:25 [DEBUG] Linode API Response Details:
---[ RESPONSE ]--------------------------------------
HTTP/2.0 200 OK
Content-Length: 542
Access-Control-Allow-Credentials: true
Access-Control-Allow-Headers: Authorization, Origin, X-Requested-With, Content-Type, Accept, X-Filter
Access-Control-Allow-Methods: HEAD, GET, OPTIONS, POST, PUT, DELETE
Access-Control-Allow-Origin: *
Access-Control-Expose-Headers: X-OAuth-Scopes, X-Accepted-OAuth-Scopes, X-Status
Cache-Control: private, max-age=0, s-maxage=0, no-cache, no-store
Cache-Control: private, max-age=60, s-maxage=60
Content-Security-Policy: default-src 'none'
Content-Type: application/json
Date: Sat, 08 Jan 2022 04:01:22 GMT
Server: nginx
Strict-Transport-Security: max-age=31536000
Vary: Authorization, X-Filter
Vary: Authorization, X-Filter
X-Accepted-Oauth-Scopes: events:read_only
X-Content-Type-Options: nosniff
X-Customer-Uuid: CD1C0659-20FE-11EA-B88C0CC47AEB2714
X-Frame-Options: DENY
X-Frame-Options: DENY
X-Oauth-Scopes: *
X-Spec-Version: 4.112.2
X-Xss-Protection: 1; mode=block

{
 "data": [
  {
   "id": 252971184,
   "created": "2022-01-08T04:01:22",
   "seen": false,
   "read": false,
   "percent_complete": 0,
   "time_remaining": null,
   "rate": null,
   "duration": null,
   "action": "linode_boot",
   "username": "kejadlen",
   "entity": {
    "label": "nixos",
    "id": 33584285,
    "type": "linode",
    "url": "/v4/linode/instances/33584285"
   },
   "status": "scheduled",
   "secondary_entity": {
    "id": 35817775,
    "type": "linode_config",
    "label": "Installer",
    "url": "/v4/linode/instances/33584285/configs/35817775"
   },
   "message": ""
  }
 ],
 "page": 1,
 "pages": 1,
 "results": 1
}
-----------------------------------------------------: timestamp=2022-01-07T20:01:25.701-0800
2022-01-07T20:01:25.853-0800 [INFO]  provider.terraform-provider-linode_v1.25.1: 2022/01/07 20:01:25 [DEBUG] Linode API Request Details:
---[ REQUEST ]---------------------------------------
GET /v4/account/events?page=1 HTTP/1.1
Host: api.linode.com
User-Agent: HashiCorp Terraform/1.1.2 (+https://www.terraform.io) Terraform Plugin SDK/2.10.1 terraform-provider-linode/dev
Accept: application/json
Content-Type: application/json
X-Filter: {"+order":"desc","+order_by":"created","action":"linode_boot","created":{"+gte":"2022-01-08T04:00:40"},"entity.id":33584285,"entity.type":"linode","id":{"+gte":252971184}}
Accept-Encoding: gzip


-----------------------------------------------------: timestamp=2022-01-07T20:01:25.852-0800
2022-01-07T20:01:25.977-0800 [INFO]  provider.terraform-provider-linode_v1.25.1: 2022/01/07 20:01:25 [DEBUG] Linode API Response Details:
---[ RESPONSE ]--------------------------------------
HTTP/2.0 200 OK
Content-Length: 542
Access-Control-Allow-Credentials: true
Access-Control-Allow-Headers: Authorization, Origin, X-Requested-With, Content-Type, Accept, X-Filter
Access-Control-Allow-Methods: HEAD, GET, OPTIONS, POST, PUT, DELETE
Access-Control-Allow-Origin: *
Access-Control-Expose-Headers: X-OAuth-Scopes, X-Accepted-OAuth-Scopes, X-Status
Cache-Control: private, max-age=0, s-maxage=0, no-cache, no-store
Cache-Control: private, max-age=60, s-maxage=60
Content-Security-Policy: default-src 'none'
Content-Type: application/json
Date: Sat, 08 Jan 2022 04:01:23 GMT
Server: nginx
Strict-Transport-Security: max-age=31536000
Vary: Authorization, X-Filter
Vary: Authorization, X-Filter
X-Accepted-Oauth-Scopes: events:read_only
X-Content-Type-Options: nosniff
X-Customer-Uuid: CD1C0659-20FE-11EA-B88C0CC47AEB2714
X-Frame-Options: DENY
X-Frame-Options: DENY
X-Oauth-Scopes: *
X-Spec-Version: 4.112.2
X-Xss-Protection: 1; mode=block

{
 "data": [
  {
   "id": 252971184,
   "created": "2022-01-08T04:01:22",
   "seen": false,
   "read": false,
   "percent_complete": 0,
   "time_remaining": null,
   "rate": null,
   "duration": null,
   "action": "linode_boot",
   "username": "kejadlen",
   "entity": {
    "label": "nixos",
    "id": 33584285,
    "type": "linode",
    "url": "/v4/linode/instances/33584285"
   },
   "status": "scheduled",
   "secondary_entity": {
    "id": 35817775,
    "type": "linode_config",
    "label": "Installer",
    "url": "/v4/linode/instances/33584285/configs/35817775"
   },
   "message": ""
  }
 ],
 "page": 1,
 "pages": 1,
 "results": 1
}
-----------------------------------------------------: timestamp=2022-01-07T20:01:25.976-0800
2022-01-07T20:01:26.160-0800 [INFO]  provider.terraform-provider-linode_v1.25.1: 2022/01/07 20:01:26 [DEBUG] Linode API Request Details:
---[ REQUEST ]---------------------------------------
GET /v4/account/events?page=1 HTTP/1.1
Host: api.linode.com
User-Agent: HashiCorp Terraform/1.1.2 (+https://www.terraform.io) Terraform Plugin SDK/2.10.1 terraform-provider-linode/dev
Accept: application/json
Content-Type: application/json
X-Filter: {"+order":"desc","+order_by":"created","action":"linode_boot","created":{"+gte":"2022-01-08T04:00:40"},"entity.id":33584285,"entity.type":"linode","id":{"+gte":252971184}}
Accept-Encoding: gzip


-----------------------------------------------------: timestamp=2022-01-07T20:01:26.160-0800
2022-01-07T20:01:26.285-0800 [INFO]  provider.terraform-provider-linode_v1.25.1: 2022/01/07 20:01:26 [DEBUG] Linode API Response Details:
---[ RESPONSE ]--------------------------------------
HTTP/2.0 200 OK
Content-Length: 542
Access-Control-Allow-Credentials: true
Access-Control-Allow-Headers: Authorization, Origin, X-Requested-With, Content-Type, Accept, X-Filter
Access-Control-Allow-Methods: HEAD, GET, OPTIONS, POST, PUT, DELETE
Access-Control-Allow-Origin: *
Access-Control-Expose-Headers: X-OAuth-Scopes, X-Accepted-OAuth-Scopes, X-Status
Cache-Control: private, max-age=0, s-maxage=0, no-cache, no-store
Cache-Control: private, max-age=60, s-maxage=60
Content-Security-Policy: default-src 'none'
Content-Type: application/json
Date: Sat, 08 Jan 2022 04:01:23 GMT
Server: nginx
Strict-Transport-Security: max-age=31536000
Vary: Authorization, X-Filter
Vary: Authorization, X-Filter
X-Accepted-Oauth-Scopes: events:read_only
X-Content-Type-Options: nosniff
X-Customer-Uuid: CD1C0659-20FE-11EA-B88C0CC47AEB2714
X-Frame-Options: DENY
X-Frame-Options: DENY
X-Oauth-Scopes: *
X-Spec-Version: 4.112.2
X-Xss-Protection: 1; mode=block

{
 "data": [
  {
   "id": 252971184,
   "created": "2022-01-08T04:01:22",
   "seen": false,
   "read": false,
   "percent_complete": 0,
   "time_remaining": null,
   "rate": null,
   "duration": null,
   "action": "linode_boot",
   "username": "kejadlen",
   "entity": {
    "label": "nixos",
    "id": 33584285,
    "type": "linode",
    "url": "/v4/linode/instances/33584285"
   },
   "status": "scheduled",
   "secondary_entity": {
    "id": 35817775,
    "type": "linode_config",
    "label": "Installer",
    "url": "/v4/linode/instances/33584285/configs/35817775"
   },
   "message": ""
  }
 ],
 "page": 1,
 "pages": 1,
 "results": 1
}
-----------------------------------------------------: timestamp=2022-01-07T20:01:26.284-0800
2022-01-07T20:01:26.455-0800 [INFO]  provider.terraform-provider-linode_v1.25.1: 2022/01/07 20:01:26 [DEBUG] Linode API Request Details:
---[ REQUEST ]---------------------------------------
GET /v4/account/events?page=1 HTTP/1.1
Host: api.linode.com
User-Agent: HashiCorp Terraform/1.1.2 (+https://www.terraform.io) Terraform Plugin SDK/2.10.1 terraform-provider-linode/dev
Accept: application/json
Content-Type: application/json
X-Filter: {"+order":"desc","+order_by":"created","action":"linode_boot","created":{"+gte":"2022-01-08T04:00:40"},"entity.id":33584285,"entity.type":"linode","id":{"+gte":252971184}}
Accept-Encoding: gzip


-----------------------------------------------------: timestamp=2022-01-07T20:01:26.452-0800
2022-01-07T20:01:26.588-0800 [INFO]  provider.terraform-provider-linode_v1.25.1: 2022/01/07 20:01:26 [DEBUG] Linode API Response Details:
---[ RESPONSE ]--------------------------------------
HTTP/2.0 200 OK
Content-Length: 542
Access-Control-Allow-Credentials: true
Access-Control-Allow-Headers: Authorization, Origin, X-Requested-With, Content-Type, Accept, X-Filter
Access-Control-Allow-Methods: HEAD, GET, OPTIONS, POST, PUT, DELETE
Access-Control-Allow-Origin: *
Access-Control-Expose-Headers: X-OAuth-Scopes, X-Accepted-OAuth-Scopes, X-Status
Cache-Control: private, max-age=0, s-maxage=0, no-cache, no-store
Cache-Control: private, max-age=60, s-maxage=60
Content-Security-Policy: default-src 'none'
Content-Type: application/json
Date: Sat, 08 Jan 2022 04:01:23 GMT
Server: nginx
Strict-Transport-Security: max-age=31536000
Vary: Authorization, X-Filter
Vary: Authorization, X-Filter
X-Accepted-Oauth-Scopes: events:read_only
X-Content-Type-Options: nosniff
X-Customer-Uuid: CD1C0659-20FE-11EA-B88C0CC47AEB2714
X-Frame-Options: DENY
X-Frame-Options: DENY
X-Oauth-Scopes: *
X-Spec-Version: 4.112.2
X-Xss-Protection: 1; mode=block

{
 "data": [
  {
   "id": 252971184,
   "created": "2022-01-08T04:01:22",
   "seen": false,
   "read": false,
   "percent_complete": 0,
   "time_remaining": null,
   "rate": null,
   "duration": null,
   "action": "linode_boot",
   "username": "kejadlen",
   "entity": {
    "label": "nixos",
    "id": 33584285,
    "type": "linode",
    "url": "/v4/linode/instances/33584285"
   },
   "status": "scheduled",
   "secondary_entity": {
    "id": 35817775,
    "type": "linode_config",
    "label": "Installer",
    "url": "/v4/linode/instances/33584285/configs/35817775"
   },
   "message": ""
  }
 ],
 "page": 1,
 "pages": 1,
 "results": 1
}
-----------------------------------------------------: timestamp=2022-01-07T20:01:26.588-0800
2022-01-07T20:01:26.751-0800 [INFO]  provider.terraform-provider-linode_v1.25.1: 2022/01/07 20:01:26 [DEBUG] Linode API Request Details:
---[ REQUEST ]---------------------------------------
GET /v4/account/events?page=1 HTTP/1.1
Host: api.linode.com
User-Agent: HashiCorp Terraform/1.1.2 (+https://www.terraform.io) Terraform Plugin SDK/2.10.1 terraform-provider-linode/dev
Accept: application/json
Content-Type: application/json
X-Filter: {"+order":"desc","+order_by":"created","action":"linode_boot","created":{"+gte":"2022-01-08T04:00:40"},"entity.id":33584285,"entity.type":"linode","id":{"+gte":252971184}}
Accept-Encoding: gzip


-----------------------------------------------------: timestamp=2022-01-07T20:01:26.751-0800
2022-01-07T20:01:26.888-0800 [INFO]  provider.terraform-provider-linode_v1.25.1: 2022/01/07 20:01:26 [DEBUG] Linode API Response Details:
---[ RESPONSE ]--------------------------------------
HTTP/2.0 200 OK
Content-Length: 542
Access-Control-Allow-Credentials: true
Access-Control-Allow-Headers: Authorization, Origin, X-Requested-With, Content-Type, Accept, X-Filter
Access-Control-Allow-Methods: HEAD, GET, OPTIONS, POST, PUT, DELETE
Access-Control-Allow-Origin: *
Access-Control-Expose-Headers: X-OAuth-Scopes, X-Accepted-OAuth-Scopes, X-Status
Cache-Control: private, max-age=0, s-maxage=0, no-cache, no-store
Cache-Control: private, max-age=60, s-maxage=60
Content-Security-Policy: default-src 'none'
Content-Type: application/json
Date: Sat, 08 Jan 2022 04:01:24 GMT
Server: nginx
Strict-Transport-Security: max-age=31536000
Vary: Authorization, X-Filter
Vary: Authorization, X-Filter
X-Accepted-Oauth-Scopes: events:read_only
X-Content-Type-Options: nosniff
X-Customer-Uuid: CD1C0659-20FE-11EA-B88C0CC47AEB2714
X-Frame-Options: DENY
X-Frame-Options: DENY
X-Oauth-Scopes: *
X-Spec-Version: 4.112.2
X-Xss-Protection: 1; mode=block

{
 "data": [
  {
   "id": 252971184,
   "created": "2022-01-08T04:01:22",
   "seen": false,
   "read": false,
   "percent_complete": 0,
   "time_remaining": null,
   "rate": null,
   "duration": null,
   "action": "linode_boot",
   "username": "kejadlen",
   "entity": {
    "label": "nixos",
    "id": 33584285,
    "type": "linode",
    "url": "/v4/linode/instances/33584285"
   },
   "status": "scheduled",
   "secondary_entity": {
    "id": 35817775,
    "type": "linode_config",
    "label": "Installer",
    "url": "/v4/linode/instances/33584285/configs/35817775"
   },
   "message": ""
  }
 ],
 "page": 1,
 "pages": 1,
 "results": 1
}
-----------------------------------------------------: timestamp=2022-01-07T20:01:26.888-0800
2022-01-07T20:01:27.050-0800 [INFO]  provider.terraform-provider-linode_v1.25.1: 2022/01/07 20:01:27 [DEBUG] Linode API Request Details:
---[ REQUEST ]---------------------------------------
GET /v4/account/events?page=1 HTTP/1.1
Host: api.linode.com
User-Agent: HashiCorp Terraform/1.1.2 (+https://www.terraform.io) Terraform Plugin SDK/2.10.1 terraform-provider-linode/dev
Accept: application/json
Content-Type: application/json
X-Filter: {"+order":"desc","+order_by":"created","action":"linode_boot","created":{"+gte":"2022-01-08T04:00:40"},"entity.id":33584285,"entity.type":"linode","id":{"+gte":252971184}}
Accept-Encoding: gzip


-----------------------------------------------------: timestamp=2022-01-07T20:01:27.050-0800
2022-01-07T20:01:27.172-0800 [INFO]  provider.terraform-provider-linode_v1.25.1: 2022/01/07 20:01:27 [DEBUG] Linode API Response Details:
---[ RESPONSE ]--------------------------------------
HTTP/2.0 200 OK
Content-Length: 542
Access-Control-Allow-Credentials: true
Access-Control-Allow-Headers: Authorization, Origin, X-Requested-With, Content-Type, Accept, X-Filter
Access-Control-Allow-Methods: HEAD, GET, OPTIONS, POST, PUT, DELETE
Access-Control-Allow-Origin: *
Access-Control-Expose-Headers: X-OAuth-Scopes, X-Accepted-OAuth-Scopes, X-Status
Cache-Control: private, max-age=0, s-maxage=0, no-cache, no-store
Cache-Control: private, max-age=60, s-maxage=60
Content-Security-Policy: default-src 'none'
Content-Type: application/json
Date: Sat, 08 Jan 2022 04:01:24 GMT
Server: nginx
Strict-Transport-Security: max-age=31536000
Vary: Authorization, X-Filter
Vary: Authorization, X-Filter
X-Accepted-Oauth-Scopes: events:read_only
X-Content-Type-Options: nosniff
X-Customer-Uuid: CD1C0659-20FE-11EA-B88C0CC47AEB2714
X-Frame-Options: DENY
X-Frame-Options: DENY
X-Oauth-Scopes: *
X-Spec-Version: 4.112.2
X-Xss-Protection: 1; mode=block

{
 "data": [
  {
   "id": 252971184,
   "created": "2022-01-08T04:01:22",
   "seen": false,
   "read": false,
   "percent_complete": 0,
   "time_remaining": null,
   "rate": null,
   "duration": null,
   "action": "linode_boot",
   "username": "kejadlen",
   "entity": {
    "label": "nixos",
    "id": 33584285,
    "type": "linode",
    "url": "/v4/linode/instances/33584285"
   },
   "status": "scheduled",
   "secondary_entity": {
    "id": 35817775,
    "type": "linode_config",
    "label": "Installer",
    "url": "/v4/linode/instances/33584285/configs/35817775"
   },
   "message": ""
  }
 ],
 "page": 1,
 "pages": 1,
 "results": 1
}
-----------------------------------------------------: timestamp=2022-01-07T20:01:27.171-0800
2022-01-07T20:01:27.351-0800 [INFO]  provider.terraform-provider-linode_v1.25.1: 2022/01/07 20:01:27 [DEBUG] Linode API Request Details:
---[ REQUEST ]---------------------------------------
GET /v4/account/events?page=1 HTTP/1.1
Host: api.linode.com
User-Agent: HashiCorp Terraform/1.1.2 (+https://www.terraform.io) Terraform Plugin SDK/2.10.1 terraform-provider-linode/dev
Accept: application/json
Content-Type: application/json
X-Filter: {"+order":"desc","+order_by":"created","action":"linode_boot","created":{"+gte":"2022-01-08T04:00:40"},"entity.id":33584285,"entity.type":"linode","id":{"+gte":252971184}}
Accept-Encoding: gzip


-----------------------------------------------------: timestamp=2022-01-07T20:01:27.351-0800
2022-01-07T20:01:27.474-0800 [INFO]  provider.terraform-provider-linode_v1.25.1: 2022/01/07 20:01:27 [DEBUG] Linode API Response Details:
---[ RESPONSE ]--------------------------------------
HTTP/2.0 200 OK
Content-Length: 542
Access-Control-Allow-Credentials: true
Access-Control-Allow-Headers: Authorization, Origin, X-Requested-With, Content-Type, Accept, X-Filter
Access-Control-Allow-Methods: HEAD, GET, OPTIONS, POST, PUT, DELETE
Access-Control-Allow-Origin: *
Access-Control-Expose-Headers: X-OAuth-Scopes, X-Accepted-OAuth-Scopes, X-Status
Cache-Control: private, max-age=0, s-maxage=0, no-cache, no-store
Cache-Control: private, max-age=60, s-maxage=60
Content-Security-Policy: default-src 'none'
Content-Type: application/json
Date: Sat, 08 Jan 2022 04:01:24 GMT
Server: nginx
Strict-Transport-Security: max-age=31536000
Vary: Authorization, X-Filter
Vary: Authorization, X-Filter
X-Accepted-Oauth-Scopes: events:read_only
X-Content-Type-Options: nosniff
X-Customer-Uuid: CD1C0659-20FE-11EA-B88C0CC47AEB2714
X-Frame-Options: DENY
X-Frame-Options: DENY
X-Oauth-Scopes: *
X-Spec-Version: 4.112.2
X-Xss-Protection: 1; mode=block

{
 "data": [
  {
   "id": 252971184,
   "created": "2022-01-08T04:01:22",
   "seen": false,
   "read": false,
   "percent_complete": 0,
   "time_remaining": null,
   "rate": null,
   "duration": null,
   "action": "linode_boot",
   "username": "kejadlen",
   "entity": {
    "label": "nixos",
    "id": 33584285,
    "type": "linode",
    "url": "/v4/linode/instances/33584285"
   },
   "status": "scheduled",
   "secondary_entity": {
    "id": 35817775,
    "type": "linode_config",
    "label": "Installer",
    "url": "/v4/linode/instances/33584285/configs/35817775"
   },
   "message": ""
  }
 ],
 "page": 1,
 "pages": 1,
 "results": 1
}
-----------------------------------------------------: timestamp=2022-01-07T20:01:27.474-0800
2022-01-07T20:01:27.649-0800 [INFO]  provider.terraform-provider-linode_v1.25.1: 2022/01/07 20:01:27 [DEBUG] Linode API Request Details:
---[ REQUEST ]---------------------------------------
GET /v4/account/events?page=1 HTTP/1.1
Host: api.linode.com
User-Agent: HashiCorp Terraform/1.1.2 (+https://www.terraform.io) Terraform Plugin SDK/2.10.1 terraform-provider-linode/dev
Accept: application/json
Content-Type: application/json
X-Filter: {"+order":"desc","+order_by":"created","action":"linode_boot","created":{"+gte":"2022-01-08T04:00:40"},"entity.id":33584285,"entity.type":"linode","id":{"+gte":252971184}}
Accept-Encoding: gzip


-----------------------------------------------------: timestamp=2022-01-07T20:01:27.649-0800
2022-01-07T20:01:27.775-0800 [INFO]  provider.terraform-provider-linode_v1.25.1: 2022/01/07 20:01:27 [DEBUG] Linode API Response Details:
---[ RESPONSE ]--------------------------------------
HTTP/2.0 200 OK
Content-Length: 542
Access-Control-Allow-Credentials: true
Access-Control-Allow-Headers: Authorization, Origin, X-Requested-With, Content-Type, Accept, X-Filter
Access-Control-Allow-Methods: HEAD, GET, OPTIONS, POST, PUT, DELETE
Access-Control-Allow-Origin: *
Access-Control-Expose-Headers: X-OAuth-Scopes, X-Accepted-OAuth-Scopes, X-Status
Cache-Control: private, max-age=0, s-maxage=0, no-cache, no-store
Cache-Control: private, max-age=60, s-maxage=60
Content-Security-Policy: default-src 'none'
Content-Type: application/json
Date: Sat, 08 Jan 2022 04:01:24 GMT
Server: nginx
Strict-Transport-Security: max-age=31536000
Vary: Authorization, X-Filter
Vary: Authorization, X-Filter
X-Accepted-Oauth-Scopes: events:read_only
X-Content-Type-Options: nosniff
X-Customer-Uuid: CD1C0659-20FE-11EA-B88C0CC47AEB2714
X-Frame-Options: DENY
X-Frame-Options: DENY
X-Oauth-Scopes: *
X-Spec-Version: 4.112.2
X-Xss-Protection: 1; mode=block

{
 "data": [
  {
   "id": 252971184,
   "created": "2022-01-08T04:01:22",
   "seen": false,
   "read": false,
   "percent_complete": 0,
   "time_remaining": null,
   "rate": null,
   "duration": null,
   "action": "linode_boot",
   "username": "kejadlen",
   "entity": {
    "label": "nixos",
    "id": 33584285,
    "type": "linode",
    "url": "/v4/linode/instances/33584285"
   },
   "status": "scheduled",
   "secondary_entity": {
    "id": 35817775,
    "type": "linode_config",
    "label": "Installer",
    "url": "/v4/linode/instances/33584285/configs/35817775"
   },
   "message": ""
  }
 ],
 "page": 1,
 "pages": 1,
 "results": 1
}
-----------------------------------------------------: timestamp=2022-01-07T20:01:27.775-0800
2022-01-07T20:01:27.950-0800 [INFO]  provider.terraform-provider-linode_v1.25.1: 2022/01/07 20:01:27 [DEBUG] Linode API Request Details:
---[ REQUEST ]---------------------------------------
GET /v4/account/events?page=1 HTTP/1.1
Host: api.linode.com
User-Agent: HashiCorp Terraform/1.1.2 (+https://www.terraform.io) Terraform Plugin SDK/2.10.1 terraform-provider-linode/dev
Accept: application/json
Content-Type: application/json
X-Filter: {"+order":"desc","+order_by":"created","action":"linode_boot","created":{"+gte":"2022-01-08T04:00:40"},"entity.id":33584285,"entity.type":"linode","id":{"+gte":252971184}}
Accept-Encoding: gzip


-----------------------------------------------------: timestamp=2022-01-07T20:01:27.949-0800
2022-01-07T20:01:28.074-0800 [INFO]  provider.terraform-provider-linode_v1.25.1: 2022/01/07 20:01:28 [DEBUG] Linode API Response Details:
---[ RESPONSE ]--------------------------------------
HTTP/2.0 200 OK
Content-Length: 542
Access-Control-Allow-Credentials: true
Access-Control-Allow-Headers: Authorization, Origin, X-Requested-With, Content-Type, Accept, X-Filter
Access-Control-Allow-Methods: HEAD, GET, OPTIONS, POST, PUT, DELETE
Access-Control-Allow-Origin: *
Access-Control-Expose-Headers: X-OAuth-Scopes, X-Accepted-OAuth-Scopes, X-Status
Cache-Control: private, max-age=0, s-maxage=0, no-cache, no-store
Cache-Control: private, max-age=60, s-maxage=60
Content-Security-Policy: default-src 'none'
Content-Type: application/json
Date: Sat, 08 Jan 2022 04:01:25 GMT
Server: nginx
Strict-Transport-Security: max-age=31536000
Vary: Authorization, X-Filter
Vary: Authorization, X-Filter
X-Accepted-Oauth-Scopes: events:read_only
X-Content-Type-Options: nosniff
X-Customer-Uuid: CD1C0659-20FE-11EA-B88C0CC47AEB2714
X-Frame-Options: DENY
X-Frame-Options: DENY
X-Oauth-Scopes: *
X-Spec-Version: 4.112.2
X-Xss-Protection: 1; mode=block

{
 "data": [
  {
   "id": 252971184,
   "created": "2022-01-08T04:01:22",
   "seen": false,
   "read": false,
   "percent_complete": 0,
   "time_remaining": null,
   "rate": null,
   "duration": null,
   "action": "linode_boot",
   "username": "kejadlen",
   "entity": {
    "label": "nixos",
    "id": 33584285,
    "type": "linode",
    "url": "/v4/linode/instances/33584285"
   },
   "status": "scheduled",
   "secondary_entity": {
    "id": 35817775,
    "type": "linode_config",
    "label": "Installer",
    "url": "/v4/linode/instances/33584285/configs/35817775"
   },
   "message": ""
  }
 ],
 "page": 1,
 "pages": 1,
 "results": 1
}
-----------------------------------------------------: timestamp=2022-01-07T20:01:28.074-0800
2022-01-07T20:01:28.248-0800 [INFO]  provider.terraform-provider-linode_v1.25.1: 2022/01/07 20:01:28 [DEBUG] Linode API Request Details:
---[ REQUEST ]---------------------------------------
GET /v4/account/events?page=1 HTTP/1.1
Host: api.linode.com
User-Agent: HashiCorp Terraform/1.1.2 (+https://www.terraform.io) Terraform Plugin SDK/2.10.1 terraform-provider-linode/dev
Accept: application/json
Content-Type: application/json
X-Filter: {"+order":"desc","+order_by":"created","action":"linode_boot","created":{"+gte":"2022-01-08T04:00:40"},"entity.id":33584285,"entity.type":"linode","id":{"+gte":252971184}}
Accept-Encoding: gzip


-----------------------------------------------------: timestamp=2022-01-07T20:01:28.248-0800
2022-01-07T20:01:28.397-0800 [INFO]  provider.terraform-provider-linode_v1.25.1: 2022/01/07 20:01:28 [DEBUG] Linode API Response Details:
---[ RESPONSE ]--------------------------------------
HTTP/2.0 200 OK
Content-Length: 542
Access-Control-Allow-Credentials: true
Access-Control-Allow-Headers: Authorization, Origin, X-Requested-With, Content-Type, Accept, X-Filter
Access-Control-Allow-Methods: HEAD, GET, OPTIONS, POST, PUT, DELETE
Access-Control-Allow-Origin: *
Access-Control-Expose-Headers: X-OAuth-Scopes, X-Accepted-OAuth-Scopes, X-Status
Cache-Control: private, max-age=0, s-maxage=0, no-cache, no-store
Cache-Control: private, max-age=60, s-maxage=60
Content-Security-Policy: default-src 'none'
Content-Type: application/json
Date: Sat, 08 Jan 2022 04:01:25 GMT
Server: nginx
Strict-Transport-Security: max-age=31536000
Vary: Authorization, X-Filter
Vary: Authorization, X-Filter
X-Accepted-Oauth-Scopes: events:read_only
X-Content-Type-Options: nosniff
X-Customer-Uuid: CD1C0659-20FE-11EA-B88C0CC47AEB2714
X-Frame-Options: DENY
X-Frame-Options: DENY
X-Oauth-Scopes: *
X-Spec-Version: 4.112.2
X-Xss-Protection: 1; mode=block

{
 "data": [
  {
   "id": 252971184,
   "created": "2022-01-08T04:01:22",
   "seen": false,
   "read": false,
   "percent_complete": 0,
   "time_remaining": null,
   "rate": null,
   "duration": null,
   "action": "linode_boot",
   "username": "kejadlen",
   "entity": {
    "label": "nixos",
    "id": 33584285,
    "type": "linode",
    "url": "/v4/linode/instances/33584285"
   },
   "status": "scheduled",
   "secondary_entity": {
    "id": 35817775,
    "type": "linode_config",
    "label": "Installer",
    "url": "/v4/linode/instances/33584285/configs/35817775"
   },
   "message": ""
  }
 ],
 "page": 1,
 "pages": 1,
 "results": 1
}
-----------------------------------------------------: timestamp=2022-01-07T20:01:28.397-0800
2022-01-07T20:01:28.548-0800 [INFO]  provider.terraform-provider-linode_v1.25.1: 2022/01/07 20:01:28 [DEBUG] Linode API Request Details:
---[ REQUEST ]---------------------------------------
GET /v4/account/events?page=1 HTTP/1.1
Host: api.linode.com
User-Agent: HashiCorp Terraform/1.1.2 (+https://www.terraform.io) Terraform Plugin SDK/2.10.1 terraform-provider-linode/dev
Accept: application/json
Content-Type: application/json
X-Filter: {"+order":"desc","+order_by":"created","action":"linode_boot","created":{"+gte":"2022-01-08T04:00:40"},"entity.id":33584285,"entity.type":"linode","id":{"+gte":252971184}}
Accept-Encoding: gzip


-----------------------------------------------------: timestamp=2022-01-07T20:01:28.548-0800
2022-01-07T20:01:28.673-0800 [INFO]  provider.terraform-provider-linode_v1.25.1: 2022/01/07 20:01:28 [DEBUG] Linode API Response Details:
---[ RESPONSE ]--------------------------------------
HTTP/2.0 200 OK
Content-Length: 540
Access-Control-Allow-Credentials: true
Access-Control-Allow-Headers: Authorization, Origin, X-Requested-With, Content-Type, Accept, X-Filter
Access-Control-Allow-Methods: HEAD, GET, OPTIONS, POST, PUT, DELETE
Access-Control-Allow-Origin: *
Access-Control-Expose-Headers: X-OAuth-Scopes, X-Accepted-OAuth-Scopes, X-Status
Cache-Control: private, max-age=0, s-maxage=0, no-cache, no-store
Cache-Control: private, max-age=60, s-maxage=60
Content-Security-Policy: default-src 'none'
Content-Type: application/json
Date: Sat, 08 Jan 2022 04:01:25 GMT
Server: nginx
Strict-Transport-Security: max-age=31536000
Vary: Authorization, X-Filter
Vary: Authorization, X-Filter
X-Accepted-Oauth-Scopes: events:read_only
X-Content-Type-Options: nosniff
X-Customer-Uuid: CD1C0659-20FE-11EA-B88C0CC47AEB2714
X-Frame-Options: DENY
X-Frame-Options: DENY
X-Oauth-Scopes: *
X-Spec-Version: 4.112.2
X-Xss-Protection: 1; mode=block

{
 "data": [
  {
   "id": 252971184,
   "created": "2022-01-08T04:01:22",
   "seen": false,
   "read": false,
   "percent_complete": 100,
   "time_remaining": null,
   "rate": null,
   "duration": 6.0,
   "action": "linode_boot",
   "username": "kejadlen",
   "entity": {
    "label": "nixos",
    "id": 33584285,
    "type": "linode",
    "url": "/v4/linode/instances/33584285"
   },
   "status": "failed",
   "secondary_entity": {
    "id": 35817775,
    "type": "linode_config",
    "label": "Installer",
    "url": "/v4/linode/instances/33584285/configs/35817775"
   },
   "message": ""
  }
 ],
 "page": 1,
 "pages": 1,
 "results": 1
}
-----------------------------------------------------: timestamp=2022-01-07T20:01:28.672-0800
2022-01-07T20:01:28.712-0800 [ERROR] vertex "linode_instance.nixos" error: Error booting Linode instance 33584285: Linode 33584285 action linode_boot failed
2022-01-07T20:01:28.745-0800 [DEBUG] provider.stdio: received EOF, stopping recv loop: err="rpc error: code = Unavailable desc = transport is closing"
2022-01-07T20:01:28.754-0800 [DEBUG] provider: plugin process exited: path=.terraform/providers/registry.terraform.io/linode/linode/1.25.1/darwin_arm64/terraform-provider-linode_v1.25.1 pid=56146
2022-01-07T20:01:28.757-0800 [DEBUG] provider: plugin exited
